{
  "policy_loss": [
    -0.0060360245406627655,
    0.004186445226271947,
    -0.027719433419406414,
    -0.0560062142709891,
    0.006601545959711075,
    -0.030718861147761345,
    -0.04809223053356012,
    -0.04618179487685362,
    0.011479486556102833,
    -0.03969279366234938,
    -0.012160692208757004,
    0.01253828468422095,
    -0.016945378854870796,
    -0.06147518754005432,
    -0.0876404456794262,
    -0.002490701425510148,
    0.006570389494299889,
    -0.0282128993421793,
    -0.03656115600218376,
    -0.05857715755701065,
    -0.008402034485091766,
    -0.025504428893327713,
    0.010760859896739325,
    -0.01036448466281096,
    -0.0008306534339984258,
    -0.031718489403525986,
    -0.008145648054778576,
    -0.009016285960872969,
    -0.04175687332948049,
    0.0004998572791616122,
    -0.06061216567953428,
    -0.03749117456997434,
    -0.038733352751781545,
    0.013789655407890677,
    0.004254609967271487,
    0.017241812000672024,
    -0.005766449573760231,
    -0.013864322255055109,
    -0.011027028784155846,
    -0.0048346778300280375,
    -0.039769103129704796,
    0.03194384556263685,
    0.02240494933600227,
    -0.0579249362150828,
    0.004674256468812625,
    -0.0104810098807017,
    -0.012216896381384382,
    0.015868738914529484,
    -0.029819872230291367,
    -0.06677620857954025,
    -0.028329108220835526,
    -0.005725209911664327,
    0.00030161750813325244,
    -0.0312528849268953,
    0.0013453156376878421,
    0.008388368180021644,
    0.02902230651428302,
    -0.012653786689043045,
    -0.03370619627336661,
    -0.015839082499345142
  ],
  "avg_reward": [
    0.45693281292915344,
    0.43799616893132526,
    0.44917452335357666,
    0.4723948836326599,
    0.49361908435821533,
    0.5031477510929108,
    0.49298426508903503,
    0.5277020633220673,
    0.5203191637992859,
    0.5123879313468933,
    0.528756578763326,
    0.5471000671386719,
    0.5309800704320272,
    0.5373498598734537,
    0.5345808565616608,
    0.550149142742157,
    0.5774063467979431,
    0.5368299881617228,
    0.5453603068987528,
    0.5607089201609293,
    0.5469545920689901,
    0.5483723282814026,
    0.6003637115160624,
    0.5559723973274231,
    0.5859641035397848,
    0.587323784828186,
    0.5855223933855692,
    0.5768638849258423,
    0.5611641605695089,
    0.5962444543838501,
    0.5938360691070557,
    0.5658380587895712,
    0.566539982954661,
    0.5732034842173258,
    0.6022457679112753,
    0.5888852874437968,
    0.5943209528923035,
    0.5986489852269491,
    0.6106326778729757,
    0.5847756266593933,
    0.5659390489260355,
    0.6177548766136169,
    0.608598510424296,
    0.5797204772631327,
    0.5763266682624817,
    0.6129493117332458,
    0.6235811909039816,
    0.6083743969599406,
    0.5945236285527548,
    0.5696923931439718,
    0.5773098866144816,
    0.6034496625264486,
    0.5787952542304993,
    0.5931552847226461,
    0.6087444623311361,
    0.6141178806622823,
    0.6102320551872253,
    0.6201560298601786,
    0.6009217500686646,
    0.6099002361297607
  ],
  "val_accuracy": [
    0.35333333333333333,
    0.3466666666666667,
    0.37333333333333335,
    0.36,
    0.37333333333333335,
    0.37333333333333335,
    0.38666666666666666,
    0.3933333333333333,
    0.3933333333333333,
    0.3933333333333333,
    0.4,
    0.4066666666666667,
    0.4,
    0.42,
    0.4266666666666667,
    0.4266666666666667,
    0.43333333333333335,
    0.43333333333333335,
    0.44,
    0.43333333333333335,
    0.44666666666666666,
    0.44666666666666666,
    0.44666666666666666,
    0.46,
    0.46,
    0.44666666666666666,
    0.44666666666666666,
    0.4533333333333333,
    0.4533333333333333,
    0.46,
    0.46,
    0.4533333333333333,
    0.46,
    0.4533333333333333,
    0.46,
    0.4666666666666667,
    0.46,
    0.4666666666666667,
    0.47333333333333333,
    0.4666666666666667,
    0.4666666666666667,
    0.4666666666666667,
    0.48,
    0.47333333333333333,
    0.47333333333333333,
    0.4866666666666667,
    0.4866666666666667,
    0.5066666666666667,
    0.5066666666666667,
    0.5066666666666667,
    0.5066666666666667,
    0.5066666666666667,
    0.49333333333333335,
    0.5,
    0.49333333333333335,
    0.5,
    0.49333333333333335,
    0.49333333333333335,
    0.49333333333333335,
    0.5
  ]
}