player_id,player_name,season,team,position,games,time,goals,assists,xG,xA,shots,key_passes,yellow,red,npg,npxG,xGChain,xGBuildup
10404,Éderson,2025,Atalanta,Sub,3,183,0,0,0.0637922473251819,0.0555115230381488,2,1,0,0,0,0.0637922473251819,1.7630115747451782,1.699219286441803
10404,Éderson,2024,Atalanta,MC,37,2898,4,1,4.337195685133338,5.689773496240377,39,37,3,1,4,4.337195685133338,22.29255823791027,16.017200173810124
10404,Éderson,2023,Atalanta,Sub,36,2888,6,1,4.507856946438551,1.5685449875891209,38,18,8,0,6,4.507856946438551,16.61496058665216,12.260867228731511
10404,Éderson,2022,Atalanta,Sub,35,2234,1,1,2.0256630228832364,2.3305274434387684,36,21,4,0,1,2.0256630228832364,10.55343154910952,7.528883051127195
10404,Éderson,2021,Salernitana,MC,15,1158,2,1,2.306999729946256,0.8870255053043365,21,9,5,0,2,2.306999729946256,3.4610904678702354,1.5044848918914795
