player_id,player_name,season,team,position,games,time,goals,assists,xG,xA,shots,key_passes,yellow,red,npg,npxG,xGChain,xGBuildup
8773,Álex Centelles,2023,Almeria,DL,14,974,0,1,0.0569905154407024,1.2923075705766678,2,11,2,0,0,0.0569905154407024,1.7054213136434555,1.3082378581166267
8773,Álex Centelles,2022,Almeria,Sub,15,1118,1,2,0.80875532515347,1.121106389909983,6,13,0,0,1,0.80875532515347,4.475170537829399,3.4672376923263077
