player_id,player_name,season,team,position,games,time,goals,assists,xG,xA,shots,key_passes,yellow,red,npg,npxG,xGChain,xGBuildup
4177,Álex Fernández,2023,Cadiz,Sub,26,1270,0,1,0.2681667953729629,0.8052411060780287,7,13,3,0,0,0.2681667953729629,2.13529378734529,1.4652563501149416
4177,Álex Fernández,2022,Cadiz,Sub,28,1556,3,0,2.5380992107093334,1.648745395243168,17,17,0,0,2,1.7948211841285229,4.373485868796706,2.1740058548748493
4177,Álex Fernández,2021,Cadiz,AMC,32,2043,3,2,2.9090052377432585,1.5910708708688617,21,21,2,0,2,1.4224547278136015,5.628661639988422,3.305311920121312
4177,Álex Fernández,2020,Cadiz,Sub,25,1952,4,1,3.080812663771212,1.2988573079928756,10,23,1,0,2,1.594256610609591,4.33008083794266,2.571774510666728
4177,Álex Fernández,2014,Espanyol,MC,5,194,0,0,0.2299830019474029,0.0,2,0,0,0,0,0.2299830019474029,0.2434599995613098,0.0134778004139661
