player_id,player_name,season,team,position,games,time,goals,assists,xG,xA,shots,key_passes,yellow,red,npg,npxG,xGChain,xGBuildup
2424,Óliver Torres,2023,Sevilla,Sub,27,1633,0,1,0.6434128619730473,2.451912136748433,9,22,3,0,0,0.6434128619730473,7.696620766073465,5.100665792822838
2424,Óliver Torres,2022,Sevilla,MC,32,2192,3,1,2.6738771479576826,3.361958678811789,22,38,2,0,3,2.6738771479576826,11.847869066521524,7.417101534083486
2424,Óliver Torres,2021,Sevilla,FWL,26,989,2,3,0.6649547042325139,2.197087712585926,14,12,2,0,2,0.6649547042325139,5.807587901130319,4.861529247835279
2424,Óliver Torres,2020,Sevilla,MC,33,1398,0,3,1.0551326191052794,1.9672020021826029,10,27,2,0,0,1.0551326191052794,6.6836199555546045,4.912278261035681
2424,Óliver Torres,2019,Sevilla,MC,28,1645,3,3,1.6018758825957775,2.634474214166403,16,21,5,0,3,1.6018758825957775,9.090414803475142,5.312584973871708
2424,Óliver Torres,2015,Atletico Madrid,MR,21,814,0,2,0.3142887949943542,1.7050646198913455,9,17,2,0,0,0.3142887949943542,3.613891579210758,2.495567500591278
