player_id,player_name,season,team,position,games,time,goals,assists,xG,xA,shots,key_passes,yellow,red,npg,npxG,xGChain,xGBuildup
7071,Álvaro García,2025,Rayo Vallecano,AML,9,610,3,1,2.6105548925697803,2.8565725684165955,12,9,1,0,3,2.6105548925697803,5.503680860623717,0.0365532580763101
7071,Álvaro García,2024,Rayo Vallecano,Sub,36,2581,4,5,7.53607615083456,5.74425695091486,71,49,4,0,4,7.53607615083456,16.058995511382818,4.641992820426822
7071,Álvaro García,2023,Rayo Vallecano,AML,32,2537,6,1,7.112187316641212,3.6980624217540026,45,40,6,1,6,7.112187316641212,11.993901647627354,1.8538533048704269
7071,Álvaro García,2022,Rayo Vallecano,AML,35,2923,5,5,3.518818292766809,5.357935098931193,51,48,7,0,5,3.518818292766809,10.664880255237222,4.134054873138666
7071,Álvaro García,2021,Rayo Vallecano,AML,36,3007,7,4,6.170864906162024,6.40094755217433,68,44,6,0,7,6.170864906162024,15.525412678718569,5.2754458505660295
7071,Álvaro García,2018,Rayo Vallecano,ML,35,1750,4,2,4.425083868205547,2.911669619381428,27,20,3,0,4,4.425083868205547,9.902179880067706,3.3773926151916385
