player_id,player_name,season,team,position,games,time,goals,assists,xG,xA,shots,key_passes,yellow,red,npg,npxG,xGChain,xGBuildup
10576,Álvaro Fernández,2025,Real Madrid,DL,9,803,0,0,0.1109253652393817,0.7597894016653299,3,11,2,0,0,0.1109253652393817,5.616561576724052,4.896386966109276
10576,Álvaro Fernández,2023,Granada,Sub,13,452,0,0,0.4894391372799873,0.7756723361089826,7,7,1,0,0,0.4894391372799873,2.2598436502739787,1.4647520780563354
