player_id,player_name,season,team,position,games,time,goals,assists,xG,xA,shots,key_passes,yellow,red,npg,npxG,xGChain,xGBuildup
4136,Ángel,2022,Mallorca,Sub,17,352,1,0,2.325581658631563,0.0760788992047309,12,3,0,0,1,2.325581658631563,2.656751925125718,0.4260027483105659
4136,Ángel,2021,Mallorca,FW,29,1564,3,2,4.241434719413519,1.2229708703234792,27,13,4,0,3,4.241434719413519,5.249195349402726,0.9433925114572048
4136,Ángel,2020,Getafe,Sub,33,1350,5,0,6.360525488853455,0.6912347041070461,38,6,4,0,4,4.87409870699048,5.439952157437801,1.574207914993167
4136,Ángel,2019,Getafe,Sub,32,1352,10,3,8.195408936589956,2.512610899284482,53,18,6,0,9,7.452130910009146,9.774861289188266,3.322936985641718
4136,Ángel,2018,Getafe,Sub,37,1816,8,3,8.29768188484013,4.138145258650184,67,20,4,0,8,8.29768188484013,11.206874538213016,0.6126869963482022
4136,Ángel,2017,Getafe,Sub,33,2304,13,2,10.469764554873109,4.419212125241756,68,18,7,0,13,9.726486528292298,13.114171270281076,2.169402616098523
4136,Ángel,2014,Eibar,FW,15,521,0,1,1.1552402917295694,0.338032104074955,8,2,1,0,0,1.1552402917295694,1.5391983948647976,0.1939365919679403
