player_id,player_name,season,team,position,games,time,goals,assists,xG,xA,shots,key_passes,yellow,red,npg,npxG,xGChain,xGBuildup
9811,Óscar Valentín,2025,Rayo Vallecano,Sub,7,439,0,0,0.1241837423294782,0.0,2,0,0,0,0,0.1241837423294782,1.6446138620376587,1.5397552326321602
9811,Óscar Valentín,2024,Rayo Vallecano,MC,34,1804,0,0,0.7470753621309996,0.8123187460005283,5,13,4,0,0,0.7470753621309996,4.489038864150643,3.837142636999488
9811,Óscar Valentín,2023,Rayo Vallecano,DMC,34,2728,1,0,2.517518602311611,0.7553664008155465,15,11,5,1,1,2.517518602311611,6.878373552113771,6.031045524403453
9811,Óscar Valentín,2022,Rayo Vallecano,Sub,34,2569,0,0,0.3034171825274825,0.7375471564009786,12,19,11,0,0,0.3034171825274825,5.178929050453007,4.546009203419089
9811,Óscar Valentín,2021,Rayo Vallecano,DMC,35,2606,0,0,1.262782011181116,1.0618453994393349,11,15,8,0,0,1.262782011181116,5.973939219489694,5.620299715548754
