player_id,player_name,season,team,position,games,time,goals,assists,xG,xA,shots,key_passes,yellow,red,npg,npxG,xGChain,xGBuildup
5134,Óscar Melendo,2023,Granada,MC,26,1159,0,0,0.3117926977574825,0.5518040414899588,6,11,2,0,0,0.3117926977574825,3.404225243255496,2.9349127896130085
5134,Óscar Melendo,2021,Espanyol,MC,21,1005,0,0,0.5069438964128494,1.2825016723945737,8,18,0,0,0,0.5069438964128494,5.503653610125184,4.290976628661156
5134,Óscar Melendo,2019,Espanyol,MR,24,1119,0,0,0.1191325969994068,0.4879108415916562,3,13,0,0,0,0.1191325969994068,1.3205338278785348,0.843858934007585
5134,Óscar Melendo,2018,Espanyol,Sub,32,2001,0,5,0.4778693951666355,3.858593080192804,9,34,3,0,0,0.4778693951666355,7.54139382019639,5.585711450316012
5134,Óscar Melendo,2017,Espanyol,Sub,18,668,1,1,0.5072986949235201,0.4416249878704548,8,9,1,0,1,0.5072986949235201,1.978725377470255,1.1288878861814735
5134,Óscar Melendo,2016,Espanyol,Sub,11,298,0,0,0.0915876999497413,0.0,1,0,0,0,0,0.0915876999497413,0.2689906191080808,0.1774029191583395
