player_id,player_name,season,team,position,games,time,goals,assists,xG,xA,shots,key_passes,yellow,red,npg,npxG,xGChain,xGBuildup
9771,Óscar Gil,2022,Espanyol,DR,33,2596,0,1,0.55987917073071,2.330511360429228,12,15,14,0,0,0.55987917073071,6.243549175560474,3.839910172857344
9771,Óscar Gil,2021,Espanyol,DR,22,1712,0,2,0.217764500528574,2.5560021018609405,6,16,7,0,0,0.217764500528574,5.974946215748787,4.161882679909468
