player_id,player_name,season,team,position,games,time,goals,assists,xG,xA,shots,key_passes,yellow,red,npg,npxG,xGChain,xGBuildup
5584,Aaron Wan-Bissaka,2025,West Ham,MR,4,299,0,0,0.0,0.0813761502504348,0,2,0,0,0,0.0,0.3305099308490753,0.2491337805986404
5584,Aaron Wan-Bissaka,2024,West Ham,Sub,36,3156,2,5,1.3520639296621084,4.088755523785949,16,33,1,0,2,1.3520639296621084,12.051966872997582,8.27124732080847
5584,Aaron Wan-Bissaka,2023,Manchester United,DR,22,1784,0,2,0.1462121829390525,1.4311098009347916,3,12,4,0,0,0.1462121829390525,7.737613718956709,6.425123929977417
5584,Aaron Wan-Bissaka,2022,Manchester United,Sub,19,1436,0,0,1.1713167987763882,1.153474660590291,10,15,2,0,0,1.1713167987763882,7.755331262946129,6.90122390165925
5584,Aaron Wan-Bissaka,2021,Manchester United,DR,20,1795,0,0,0.2879096958786249,0.9214209783822298,5,14,2,0,0,0.2879096958786249,5.104910586029291,4.2221742030233145
5584,Aaron Wan-Bissaka,2020,Manchester United,DR,34,3060,2,4,0.9324541166424752,2.547665696591139,7,31,3,0,2,0.9324541166424752,12.242120400071144,9.676276091486216
5584,Aaron Wan-Bissaka,2019,Manchester United,DR,35,3075,0,4,0.8149185925722122,3.49091693200171,7,25,8,0,0,0.8149185925722122,14.165588987991214,11.521173445507884
5584,Aaron Wan-Bissaka,2018,Crystal Palace,DR,35,3136,0,3,0.3732242006808519,2.2901115771383047,9,14,4,1,0,0.3732242006808519,7.099254326894879,5.101706748828292
5584,Aaron Wan-Bissaka,2017,Crystal Palace,DR,7,630,0,0,0.0,0.2193699944764375,0,3,1,0,0,0.0,1.6911542862653732,1.6681843250989914
