player_id,player_name,season,team,position,games,time,goals,assists,xG,xA,shots,key_passes,yellow,red,npg,npxG,xGChain,xGBuildup
5603,Aaron Ramsdale,2024,Southampton,GK,30,2700,0,0,0,0.0,0,0,2,0,0,0,2.393984962254762,2.393984962254762
5603,Aaron Ramsdale,2023,Arsenal,GK,6,540,0,0,0,0.0,0,0,0,0,0,0,0.7832736372947693,0.7832736372947693
5603,Aaron Ramsdale,2022,Arsenal,GK,38,3420,0,0,0,0.0,0,0,1,0,0,0,5.103533525019884,5.103533525019884
5603,Aaron Ramsdale,2021,Arsenal,GK,34,3060,0,0,0,0.0,0,0,1,0,0,0,3.995810028165579,3.995810028165579
5603,Aaron Ramsdale,2020,Sheffield United,GK,38,3420,0,0,0,0.0776716992259025,0,2,1,0,0,0,2.899687790311873,2.82201670203358
5603,Aaron Ramsdale,2019,Bournemouth,GK,37,3330,0,1,0,0.5314233005046844,0,2,0,0,0,0,2.167374064214528,1.6359507637098432
