player_id,player_name,season,team,position,games,time,goals,assists,xG,xA,shots,key_passes,yellow,red,npg,npxG,xGChain,xGBuildup
8942,Aaron Hickey,2025,Brentford,Sub,5,179,0,0,0.0158992558717727,0.6038424372673035,1,1,1,0,0,0.0158992558717727,0.5436387062072754,0.5277394652366638
8942,Aaron Hickey,2023,Brentford,DR,9,749,0,0,0.1934873256832361,0.0474643521010875,7,1,5,0,0,0.1934873256832361,1.1258890461176634,0.9994768127799034
8942,Aaron Hickey,2022,Brentford,DR,26,1958,0,1,0.3167129307985306,0.6221226900815964,11,6,7,0,0,0.3167129307985306,2.5498968306928878,2.0008020736277103
8942,Aaron Hickey,2021,Bologna,DL,36,2853,5,1,0.7283982993103564,1.634806485846639,21,18,8,0,5,0.7283982993103564,7.785434980876744,6.30835332069546
8942,Aaron Hickey,2020,Bologna,DL,11,766,0,0,0.0389237999916076,0.0468018017709255,2,2,3,1,0,0.0389237999916076,1.849115196615457,1.780365500599146
