player_id,player_name,season,team,position,games,time,goals,assists,xG,xA,shots,key_passes,yellow,red,npg,npxG,xGChain,xGBuildup
11816,Abakar Sylla,2024,Strasbourg,DC,21,944,1,0,0.6310701929032803,0.0580236352980136,5,1,2,1,1,0.6310701929032803,3.4050509985536337,3.4050509985536337
11816,Abakar Sylla,2023,Strasbourg,DC,22,1798,2,0,2.25918669719249,0.2037947885692119,11,5,4,0,2,2.25918669719249,5.920914912596345,5.830772625282407
