player_id,player_name,season,team,position,games,time,goals,assists,xG,xA,shots,key_passes,yellow,red,npg,npxG,xGChain,xGBuildup
11046,Abdallah Sima,2025,Lens,Sub,3,61,1,0,0.0862142741680145,0.0559176206588745,1,2,1,0,1,0.0862142741680145,0.1441413909196853,0.0882237702608108
11046,Abdallah Sima,2024,Brest,Sub,27,1229,6,2,7.695733284577727,1.6998696038499477,38,13,2,0,6,7.695733284577727,8.282265949063003,1.3187157418578863
11046,Abdallah Sima,2022,Angers,Sub,34,1824,5,1,4.461198819801211,1.8064377708360555,39,15,0,0,5,4.461198819801211,8.21222648397088,3.069335360080004
