player_id,player_name,season,team,position,games,time,goals,assists,xG,xA,shots,key_passes,yellow,red,npg,npxG,xGChain,xGBuildup
11825,Abderrahmane Rebbach,2025,Alaves,Sub,7,368,0,0,0.7748936899006367,0.665923859924078,10,9,1,0,0,0.7748936899006367,1.2327621039003134,0.3708987720310688
11825,Abderrahmane Rebbach,2024,Alaves,AML,8,381,0,0,0.3279373608529567,0.2754518706351518,6,6,1,0,0,0.3279373608529567,1.1501923333853483,0.6715759411454201
11825,Abderrahmane Rebbach,2023,Alaves,Sub,23,681,1,0,1.1461342638358474,1.7387915328145027,17,18,1,0,1,1.1461342638358474,2.8438005410134792,0.5110004432499409
