player_id,player_name,season,team,position,games,time,goals,assists,xG,xA,shots,key_passes,yellow,red,npg,npxG,xGChain,xGBuildup
7760,Abdoul Kader Bamba,2023,Nantes,Sub,23,542,2,1,2.077591747045517,1.301208570599556,14,11,2,0,2,2.077591747045517,4.802950624376535,2.2085976023226976
7760,Abdoul Kader Bamba,2022,Nantes,AML,4,77,0,0,0.0923248007893562,0.0196838993579149,1,1,0,0,0,0.0923248007893562,0.2057042941451072,0.1133792027831077
7760,Abdoul Kader Bamba,2020,Nantes,MR,29,881,3,1,1.969322998076677,1.4630264062434435,15,23,2,0,3,1.2092279978096483,3.688541185110808,2.653308628126979
7760,Abdoul Kader Bamba,2019,Nantes,Sub,27,1469,1,3,1.9186603985726836,4.367289769463241,19,37,5,0,1,1.9186603985726836,8.647124638780951,4.734392653219402
