player_id,player_name,season,team,position,games,time,goals,assists,xG,xA,shots,key_passes,yellow,red,npg,npxG,xGChain,xGBuildup
9996,Abdou Harroui,2025,Verona,Sub,2,71,0,0,0.1037863865494728,0.0,1,0,0,0,0,0.1037863865494728,0.1208841279149055,0.017097745090723
9996,Abdou Harroui,2024,Verona,Sub,10,452,1,2,2.4512249622493982,1.0444414168596268,15,4,1,0,1,2.4512249622493982,4.008257923647761,1.457410605624318
9996,Abdou Harroui,2023,Frosinone,MC,18,1041,3,3,3.397505425848067,1.7014152370393276,33,16,2,0,2,2.636206590570509,4.9546966245397925,1.350578375160694
9996,Abdou Harroui,2022,Sassuolo,Sub,23,609,2,0,1.7168548423796892,0.4761662185192108,14,6,2,0,2,1.7168548423796892,3.361668565310538,1.231395784765482
9996,Abdou Harroui,2021,Sassuolo,Sub,22,408,0,0,0.5821896074339747,0.210375658236444,13,5,2,0,0,0.5821896074339747,2.018360080197453,1.3915284825488925
