player_id,player_name,season,team,position,games,time,goals,assists,xG,xA,shots,key_passes,yellow,red,npg,npxG,xGChain,xGBuildup
10307,Abdu Conté,2022,Troyes,Sub,19,1317,1,2,0.5667072907090187,1.65715042501688,4,14,0,0,1,0.5667072907090187,3.373141488060355,1.4625533111393452
10307,Abdu Conté,2021,Troyes,DML,17,1378,0,1,0.256513200700283,2.217445902526378,5,10,2,0,0,0.256513200700283,3.34494187310338,1.4111379012465477
