player_id,player_name,season,team,position,games,time,goals,assists,xG,xA,shots,key_passes,yellow,red,npg,npxG,xGChain,xGBuildup
12790,Abel Bretones,2025,Osasuna,DML,7,630,1,0,0.1633837949484586,0.3335173353552818,3,7,1,1,1,0.1633837949484586,0.5845866352319717,0.2952779196202755
12790,Abel Bretones,2024,Osasuna,DL,35,2061,2,0,0.4541091760620475,1.106137989088893,12,16,3,0,2,0.4541091760620475,4.3427660362795,3.045761490240693
