player_id,player_name,season,team,position,games,time,goals,assists,xG,xA,shots,key_passes,yellow,red,npg,npxG,xGChain,xGBuildup
10073,Adam Obert,2025,Cagliari,DL,7,602,0,0,0.0753876119852066,1.0777533948421478,1,2,3,0,0,0.0753876119852066,1.6175507437437773,1.542163146659732
10073,Adam Obert,2024,Cagliari,Sub,21,1072,1,1,1.016501558944583,0.4556614402681589,9,10,4,0,1,1.016501558944583,3.512360665947199,2.2209675293415785
10073,Adam Obert,2023,Cagliari,DC,17,929,0,0,0.125678377225995,0.8502773195505142,3,6,1,0,0,0.125678377225995,3.2031116038560867,2.463052250444889
10073,Adam Obert,2021,Cagliari,Sub,6,277,0,0,0.0,0.0,0,0,0,0,0,0.0,0.0529956985265016,0.0529956985265016
