player_id,player_name,season,team,position,games,time,goals,assists,xG,xA,shots,key_passes,yellow,red,npg,npxG,xGChain,xGBuildup
6176,Adam Marusic,2025,Lazio,Sub,6,415,0,1,0.0,0.5362809300422668,0,1,1,0,0,0.0,1.184395845979452,0.6481149159371853
6176,Adam Marusic,2024,Lazio,DL,35,2336,4,0,2.1844769613817334,0.6067054634913802,22,13,1,0,4,2.1844769613817334,7.717258364893496,6.355395727790892
6176,Adam Marusic,2023,Lazio,DL,37,3120,1,0,0.7665141485631466,0.7136273309588432,8,10,3,1,1,0.7665141485631466,9.412858635187147,8.192704245448112
6176,Adam Marusic,2022,Lazio,DL,33,2776,0,2,0.9903630316257476,1.5662768110632896,17,9,8,0,0,0.9903630316257476,11.72212919779122,10.488246468827128
6176,Adam Marusic,2021,Lazio,Sub,33,2730,1,1,0.2303932001814246,0.5671647004783154,8,8,4,1,1,0.2303932001814246,7.77238810248673,7.1120892353355885
6176,Adam Marusic,2020,Lazio,DML,36,2963,2,3,2.1827358547598124,1.7551478734239936,27,29,2,0,2,2.1827358547598124,12.361074641346931,9.413670372217894
6176,Adam Marusic,2019,Lazio,Sub,15,939,2,1,1.80463607609272,0.6567594055086374,11,7,3,0,2,1.80463607609272,3.789938567206264,1.9758535958826544
6176,Adam Marusic,2018,Lazio,DMR,26,2120,1,1,0.9831664022058249,1.3395169135183096,16,22,2,1,1,0.9831664022058249,6.279065979644656,4.590110417455435
6176,Adam Marusic,2017,Lazio,Sub,32,2534,3,5,3.434332263655961,3.1956538688391447,39,36,3,1,3,3.434332263655961,12.8241282440722,7.420293778181076
