player_id,player_name,season,team,position,games,time,goals,assists,xG,xA,shots,key_passes,yellow,red,npg,npxG,xGChain,xGBuildup
4419,Adam Armstrong,2024,Southampton,FW,20,1282,2,2,3.93346855416894,2.005434782244265,26,9,4,0,2,3.1722997166216373,6.038746699690819,1.9466782938688996
4419,Adam Armstrong,2022,Southampton,FW,30,1333,2,1,2.4375014984980226,1.730416551232338,25,11,2,0,2,2.4375014984980226,4.704243279993534,1.2918517235666511
4419,Adam Armstrong,2021,Southampton,FW,23,1412,2,2,4.238080732524395,1.624623529613018,47,13,1,0,2,4.238080732524395,6.2176071014255285,0.7942293044179678
4419,Adam Armstrong,2014,Newcastle United,Sub,11,188,0,1,0.7543584117665887,0.4861120823770761,7,6,1,0,0,0.7543584117665887,2.115028941072524,0.932864896953106
