player_id,player_name,season,team,position,games,time,goals,assists,xG,xA,shots,key_passes,yellow,red,npg,npxG,xGChain,xGBuildup
7699,Adam Webster,2024,Brighton,Sub,14,888,0,0,0.3764696484431624,0.3818966709077358,5,3,1,0,0,0.3764696484431624,4.823259890079498,4.751052476465702
7699,Adam Webster,2023,Brighton,DC,15,1146,0,0,0.4553392454981804,0.210617184638977,8,5,1,0,0,0.4553392454981804,6.527007706463337,6.405847318470478
7699,Adam Webster,2022,Brighton,DC,27,2000,0,0,1.5340027026832104,0.5189482178539038,18,6,2,0,0,1.5340027026832104,9.7150968182832,9.189998405054212
7699,Adam Webster,2021,Brighton,DR,22,1419,2,0,1.486678946763277,0.036905899643898,8,1,5,0,2,1.486678946763277,3.169359415769577,3.152342416346073
7699,Adam Webster,2020,Brighton,DC,29,2596,1,0,1.2729560993611813,0.2532154992222786,25,5,4,0,1,1.2729560993611813,7.724679803475738,7.582416407763958
7699,Adam Webster,2019,Brighton,DC,31,2668,3,1,1.5777925020083785,1.0943772848695517,16,10,4,0,3,1.5777925020083785,6.390758313238621,6.152599917724729
