player_id,player_name,season,team,position,games,time,goals,assists,xG,xA,shots,key_passes,yellow,red,npg,npxG,xGChain,xGBuildup
1711,Adam Forshaw,2022,Leeds,Sub,12,470,0,0,0.0106636295095086,0.4425672311335802,1,8,0,0,0,0.0106636295095086,0.4591790921986103,0.4485154636204242
1711,Adam Forshaw,2021,Leeds,Sub,22,1524,0,1,0.4842451997101307,1.040744410827756,14,13,5,0,0,0.4842451997101307,6.191522343084216,4.898990090936422
1711,Adam Forshaw,2016,Middlesbrough,Sub,34,2711,0,1,1.3408304303884506,2.229192676022649,28,28,4,0,0,1.3408304303884506,7.789724363014102,5.232129832729697
