player_id,player_name,season,team,position,games,time,goals,assists,xG,xA,shots,key_passes,yellow,red,npg,npxG,xGChain,xGBuildup
10799,Ado Onaiwu,2024,Auxerre,FW,31,894,4,1,4.120357080362737,1.239742711186409,23,10,1,1,4,4.120357080362737,6.513121107593179,2.6442289650440216
10799,Ado Onaiwu,2022,Toulouse,Sub,34,1051,2,1,1.5667693093419075,1.3794980868697166,19,8,0,0,2,1.5667693093419075,4.142172280699015,2.462965240702033
