player_id,player_name,season,team,position,games,time,goals,assists,xG,xA,shots,key_passes,yellow,red,npg,npxG,xGChain,xGBuildup
8607,Adolfo Gaich,2025,Krylya Sovetov Samara,Sub,2,39,0,0,0.0560269504785537,0.0,1,0,0,0,0,0.0560269504785537,0.0560269504785537,0.0
8607,Adolfo Gaich,2024,CSKA Moscow,Sub,1,7,0,0,0.0214911755174398,0.0,1,0,0,0,0,0.0214911755174398,0.0214911755174398,0.0
8607,Adolfo Gaich,2023,CSKA Moscow,Sub,4,31,0,1,0.0184296071529388,0.1381448954343795,1,2,1,0,0,0.0184296071529388,0.1747921369969844,0.0182176362723112
8607,Adolfo Gaich,2022,Verona,Sub,16,733,2,0,2.92927485704422,0.2794104479253292,24,5,2,0,2,2.92927485704422,3.222578141838312,0.3580698221921921
8607,Adolfo Gaich,2022,CSKA Moscow,Sub,8,53,1,0,0.8798507079482079,0.0231183990836143,9,1,1,0,1,0.8798507079482079,1.1163034066557884,0.2990599870681762
8607,Adolfo Gaich,2021,CSKA Moscow,Sub,1,4,0,0,0.0,0.0,0,0,0,0,0,0.0,0.0,0.0
8607,Adolfo Gaich,2020,Benevento,Sub,15,771,2,0,2.716556226834655,0.4256258942186832,24,5,1,0,2,2.716556226834655,2.529622092843056,0.1540379002690315
8607,Adolfo Gaich,2020,CSKA Moscow,Sub,13,296,0,1,1.175679512321949,1.3145540058612823,8,8,2,0,0,1.175679512321949,2.671743232756853,0.2734405994415283
