player_id,player_name,season,team,position,games,time,goals,assists,xG,xA,shots,key_passes,yellow,red,npg,npxG,xGChain,xGBuildup
8867,Adrián Bernabé,2025,Parma Calcio 1913,MC,7,565,0,0,0.3267573807388544,0.7821284271776676,12,9,0,0,0,0.3267573807388544,1.3376905601471665,0.5787620842456818
8867,Adrián Bernabé,2024,Parma Calcio 1913,AMC,21,1464,1,1,1.5122445924207568,1.6502636158838868,27,23,1,0,1,1.5122445924207568,8.45220860093832,6.969147564843297
