player_id,player_name,season,team,position,games,time,goals,assists,xG,xA,shots,key_passes,yellow,red,npg,npxG,xGChain,xGBuildup
8640,Adrien Truffert,2025,Bournemouth,DL,8,720,0,1,0.0462911035865545,0.6102395541965961,2,6,0,0,0,0.0462911035865545,2.5177481658756733,1.9097549468278885
8640,Adrien Truffert,2024,Rennes,Sub,33,2764,2,2,1.991267278790474,3.405314782634377,23,39,3,0,2,1.991267278790474,12.53561694547534,8.545055355876684
8640,Adrien Truffert,2023,Rennes,Sub,30,2145,1,2,1.2452726271003485,2.754145013168454,20,19,6,0,1,1.2452726271003485,7.635853089392185,5.3059947937726974
8640,Adrien Truffert,2022,Rennes,DL,28,1970,0,6,0.4528154004365206,1.7042309008538723,10,21,1,0,0,0.4528154004365206,9.272313602268696,7.677102919667959
8640,Adrien Truffert,2021,Rennes,DL,30,1639,3,2,2.35931849014014,1.752728585153818,19,13,4,0,3,2.35931849014014,9.930735630914567,6.198886746540666
8640,Adrien Truffert,2020,Rennes,Sub,29,1968,1,3,0.9464823007583618,2.4274095101282,24,21,3,0,1,0.9464823007583618,8.366732224822044,5.659574795514345
