player_id,player_name,season,team,position,games,time,goals,assists,xG,xA,shots,key_passes,yellow,red,npg,npxG,xGChain,xGBuildup
2166,Adrián Embarba,2024,Rayo Vallecano,ML,35,1603,1,1,2.273956812918186,2.508247874677181,37,21,4,0,1,2.273956812918186,6.203048147261143,3.075208773836493
2166,Adrián Embarba,2023,Almeria,AML,36,2525,3,2,4.703754590824246,4.46298486366868,64,53,5,0,2,3.960476951673627,9.753230541944504,4.130155490711331
2166,Adrián Embarba,2022,Almeria,Sub,29,1504,4,3,3.926417564973235,3.16005923692137,48,31,3,1,3,3.183139896020293,5.626971799880266,2.0733875893056397
2166,Adrián Embarba,2022,Espanyol,Sub,1,32,0,0,0.0249879993498325,0.0,2,0,0,0,0,0.0249879993498325,0.0249879993498325,0.0
2166,Adrián Embarba,2021,Espanyol,MR,32,2005,0,2,3.301968228071928,2.6012619147077203,49,38,4,0,0,3.301968228071928,6.527666674926877,2.5277776531875134
2166,Adrián Embarba,2019,Espanyol,Sub,18,1413,2,4,3.419354222714901,3.0093315076082945,39,25,4,0,1,2.6760761961340904,4.606395982205868,0.6482293047010899
2166,Adrián Embarba,2018,Rayo Vallecano,ML,36,2294,5,6,6.649867697618902,5.809786291792989,49,53,3,1,2,4.420679229311645,9.81661264039576,3.210052104666829
2166,Adrián Embarba,2015,Rayo Vallecano,AML,28,1838,2,5,3.618255525827408,4.001428610645235,41,32,5,0,2,3.618255525827408,9.63781875371933,2.6723952125757933
2166,Adrián Embarba,2014,Rayo Vallecano,Sub,14,830,3,3,1.3547230139374733,1.1646332060918212,22,11,1,0,3,1.3547230139374733,3.1337695494294167,1.2840391974896193
