player_id,player_name,season,team,position,games,time,goals,assists,xG,xA,shots,key_passes,yellow,red,npg,npxG,xGChain,xGBuildup
11855,Adrian Beck,2025,FC Heidenheim,Sub,6,216,0,0,0.0896590128540992,0.2787421308457851,2,5,0,0,0,0.0896590128540992,1.8537731021642685,1.645913453772664
11855,Adrian Beck,2024,FC Heidenheim,AMR,32,1602,4,1,4.206237935461104,1.8471641726791856,39,20,1,0,4,4.206237935461104,8.869435641914606,4.554916037246585
11855,Adrian Beck,2023,FC Heidenheim,MC,23,982,1,1,0.9925451297312976,1.0597687922418118,12,11,1,0,1,0.9925451297312976,1.411934558302164,0.9195537455379964
