player_id,player_name,season,team,position,games,time,goals,assists,xG,xA,shots,key_passes,yellow,red,npg,npxG,xGChain,xGBuildup
9345,Ahmadou Bamba Dieng,2025,Lorient,Sub,2,25,0,1,0.2147594913840294,0.5636599659919739,4,1,0,0,0,0.2147594913840294,0.6933057904243469,0.0
9345,Ahmadou Bamba Dieng,2024,Angers,Sub,18,495,3,0,2.8145199362188578,0.0264367014169693,15,1,1,0,2,2.0544248167425394,1.9612412322312596,0.4006627630442381
9345,Ahmadou Bamba Dieng,2023,Lorient,FW,16,530,4,1,3.505000371485949,1.2395724318921566,17,8,3,0,4,3.505000371485949,4.980763081461191,0.5460636466741562
9345,Ahmadou Bamba Dieng,2022,Lorient,Sub,15,754,3,0,4.993640799075365,0.6356360912322998,22,5,1,0,2,4.233545798808336,4.846447039395571,0.2368548894301057
9345,Ahmadou Bamba Dieng,2022,Marseille,Sub,10,168,1,0,1.5223075076937675,0.1678733974695205,11,2,1,0,1,1.5223075076937675,1.2357894107699394,0.0
9345,Ahmadou Bamba Dieng,2021,Marseille,Sub,25,974,7,1,7.989977933466434,1.6209317073225975,36,9,0,1,6,7.229882724583149,7.898414723575115,0.7230367008596659
9345,Ahmadou Bamba Dieng,2020,Marseille,Sub,5,125,0,0,0.1475429981946945,0.0,1,0,0,0,0,0.1475429981946945,0.1475429981946945,0.0
