player_id,player_name,season,team,position,games,time,goals,assists,xG,xA,shots,key_passes,yellow,red,npg,npxG,xGChain,xGBuildup
7306,Aihen Muñoz,2025,Real Sociedad,DL,6,350,0,0,0.1193625591695308,0.1733384504914283,3,2,1,0,0,0.1193625591695308,1.7236428298056126,1.478699840605259
7306,Aihen Muñoz,2024,Real Sociedad,Sub,21,1098,0,0,0.1584139885380864,0.1309112180024385,6,3,5,0,0,0.1584139885380864,2.255076190456748,1.9932167269289491
7306,Aihen Muñoz,2023,Real Sociedad,DL,21,1094,0,2,0.2717834999784827,1.6518815699964762,7,12,2,0,0,0.2717834999784827,5.011136032640934,3.685880288481712
7306,Aihen Muñoz,2022,Real Sociedad,Sub,23,1756,0,1,0.1447881907224655,1.1765716671943665,5,14,2,0,0,0.1447881907224655,7.384047195315361,6.984810799360275
7306,Aihen Muñoz,2021,Real Sociedad,DL,20,1343,0,0,0.1545488992705941,0.3127271067351103,7,6,2,1,0,0.1545488992705941,2.270794078707695,2.134369971230626
7306,Aihen Muñoz,2020,Real Sociedad,DL,16,1212,0,1,0.1781382001936435,0.5186434909701347,4,6,6,0,0,0.1781382001936435,2.351734485477209,1.7811319008469582
7306,Aihen Muñoz,2019,Real Sociedad,DL,15,980,0,0,0.0,0.0941732004284858,0,1,1,0,0,0.0,3.081423619762063,2.987250605598092
7306,Aihen Muñoz,2018,Real Sociedad,DL,11,955,0,0,0.1170057021081447,0.2386279529891908,2,7,0,0,0,0.1170057021081447,1.556971212849021,1.3456159280613065
