player_id,player_name,season,team,position,games,time,goals,assists,xG,xA,shots,key_passes,yellow,red,npg,npxG,xGChain,xGBuildup
10044,Aiman Maurer,2023,Clermont Foot,Sub,5,44,0,0,0.1248866915702819,0.0,3,0,0,0,0,0.1248866915702819,0.285139363259077,0.1602526679635048
10044,Aiman Maurer,2022,Clermont Foot,AMC,10,508,0,1,1.5610265918076038,1.4313946180045605,11,6,0,0,0,1.5610265918076038,3.287802394479513,0.4014533646404743
