player_id,player_name,season,team,position,games,time,goals,assists,xG,xA,shots,key_passes,yellow,red,npg,npxG,xGChain,xGBuildup
3699,Aissa Laidouni,2023,Union Berlin,MC,23,1029,0,3,0.7682113070040941,1.5009211637079716,13,12,2,0,0,0.7682113070040941,4.841209087520838,3.0136834727600217
3699,Aissa Laidouni,2022,Union Berlin,Sub,14,891,2,0,0.6928167883306742,0.4865179136395454,5,4,4,0,2,0.6928167883306742,2.252670830115676,1.1492191571742296
3699,Aissa Laidouni,2015,Angers,DR,1,90,0,0,0.0,0.0696709975600242,0,1,0,0,0,0.0,0.1855539977550506,0.1158830001950264
