player_id,player_name,season,team,position,games,time,goals,assists,xG,xA,shots,key_passes,yellow,red,npg,npxG,xGChain,xGBuildup
8948,Aitor Paredes,2025,Athletic Club,DC,7,545,1,0,0.8103449605405331,0.0,4,0,1,0,1,0.8103449605405331,0.3904898725450039,0.3904898725450039
8948,Aitor Paredes,2024,Athletic Club,DC,23,1828,3,0,2.492131467908621,0.0571863129734993,6,2,2,1,3,2.492131467908621,6.065372170880437,6.008185857906938
8948,Aitor Paredes,2023,Athletic Club,DC,34,2727,1,0,1.3154027927666905,0.1645672395825386,13,4,6,1,1,1.3154027927666905,8.53143885359168,8.53143885359168
8948,Aitor Paredes,2022,Athletic Club,Sub,16,849,0,0,0.4708193317055702,0.1742695327848196,9,3,3,0,0,0.4708193317055702,1.9513757824897768,1.9071601666510103
