player_id,player_name,season,team,position,games,time,goals,assists,xG,xA,shots,key_passes,yellow,red,npg,npxG,xGChain,xGBuildup
11955,Alberto Dossena,2024,Como,DC,23,1834,0,2,0.6554462192580104,1.222608104348183,12,5,1,1,0,0.6554462192580104,3.436672180891037,3.3512209616601467
11955,Alberto Dossena,2023,Cagliari,DC,35,2978,2,4,2.615106286481023,2.21619226038456,24,12,5,0,2,2.615106286481023,3.801843693479896,3.2734219189733267
