player_id,player_name,season,team,position,games,time,goals,assists,xG,xA,shots,key_passes,yellow,red,npg,npxG,xGChain,xGBuildup
4906,Alberto Cerri,2024,Como,Sub,5,74,0,0,1.4675566963851452,0.0,4,0,0,0,0,1.4675566963851452,1.5237245075404644,0.0561678260564804
4906,Alberto Cerri,2023,Empoli,FW,12,567,1,0,1.4709026291966438,0.2875602208077907,10,4,2,0,1,1.4709026291966438,2.0390813425183296,0.3735613971948623
4906,Alberto Cerri,2020,Cagliari,Sub,24,343,1,0,2.6979602240026,0.4341450948268175,16,6,1,0,1,2.6979602240026,3.61320823058486,1.2948719020932913
4906,Alberto Cerri,2019,SPAL 2013,Sub,8,417,1,0,1.3286213101819158,0.5640418082475662,11,7,1,0,1,1.3286213101819158,2.4166153455153108,1.0131675396114588
4906,Alberto Cerri,2019,Cagliari,Sub,11,235,1,0,0.4128863885998726,0.0952365007251501,7,2,1,0,1,0.4128863885998726,0.610324501991272,0.1022015009075403
4906,Alberto Cerri,2018,Cagliari,Sub,15,664,0,0,1.7803303711116314,1.1506141889840364,24,9,3,0,0,1.7803303711116314,2.64731253311038,0.4671269888058305
4906,Alberto Cerri,2016,Pescara,Sub,13,693,2,0,2.852079249918461,0.2503160024061799,15,8,1,0,2,2.852079249918461,3.776626911945641,0.8592392839491367
