player_id,player_name,season,team,position,games,time,goals,assists,xG,xA,shots,key_passes,yellow,red,npg,npxG,xGChain,xGBuildup
9689,Albert Sambi Lokonga,2025,Hamburger SV,Sub,4,168,2,0,0.3987089730799198,0.2687027305364609,3,4,0,0,2,0.3987089730799198,1.101375937461853,0.5990068912506104
9689,Albert Sambi Lokonga,2024,Sevilla,MC,22,1482,0,2,0.7697582906112075,1.4027855917811394,13,19,4,0,0,0.7697582906112075,4.781468503177166,3.417637664824724
9689,Albert Sambi Lokonga,2023,Luton,MC,17,1331,1,3,0.7531502321362495,1.4872490242123604,8,9,4,0,1,0.7531502321362495,4.319001622498035,3.1800113022327423
9689,Albert Sambi Lokonga,2022,Crystal Palace,Sub,9,538,0,0,0.1307045519351959,0.0283858999609947,2,1,2,0,0,0.1307045519351959,0.3882503509521484,0.2575457990169525
9689,Albert Sambi Lokonga,2022,Arsenal,Sub,6,194,0,0,0.0,0.0172926001250743,0,1,0,0,0,0.0,0.3597789984196424,0.3424863945692777
9689,Albert Sambi Lokonga,2021,Arsenal,DMC,19,1125,0,0,0.585317600518465,0.8354285042732954,20,18,5,0,0,0.585317600518465,5.447862323373556,4.692085664719343
