player_id,player_name,season,team,position,games,time,goals,assists,xG,xA,shots,key_passes,yellow,red,npg,npxG,xGChain,xGBuildup
10366,Albert Gudmundsson,2025,Fiorentina,AMC,5,305,0,1,0.0416219308972358,0.4919145591557026,1,3,1,0,0,0.0416219308972358,1.0681364387273788,1.010421857237816
10366,Albert Gudmundsson,2024,Fiorentina,Sub,24,1284,6,1,4.845826052129269,1.832509456202388,27,15,2,0,4,3.323228407651186,7.442773260176182,3.083286017179489
10366,Albert Gudmundsson,2023,Genoa,FW,35,3034,14,4,10.58288561925292,5.503198656253517,56,79,4,0,10,6.776391487568617,11.851484376937153,3.625112195499242
10366,Albert Gudmundsson,2021,Genoa,Sub,12,604,1,0,1.186206005513668,0.82218898832798,9,13,3,0,1,1.186206005513668,3.084912228398025,1.5265162205323577
