player_id,player_name,season,team,position,games,time,goals,assists,xG,xA,shots,key_passes,yellow,red,npg,npxG,xGChain,xGBuildup
411,Albin Ekdal,2022,Spezia,Sub,31,1731,0,2,2.713478404097259,1.6115819476544857,19,10,4,1,0,2.713478404097259,7.085847626440227,4.310975861735642
411,Albin Ekdal,2021,Sampdoria,MC,26,1641,1,0,0.7434319024905562,0.3357443995773792,14,7,9,1,1,0.7434319024905562,1.718633497133851,1.0710626021027565
411,Albin Ekdal,2020,Sampdoria,DMC,32,2301,2,1,0.8595555052161217,0.97035978641361,14,11,9,0,2,0.8595555052161217,4.922457981854677,3.854887969791889
411,Albin Ekdal,2019,Sampdoria,MC,32,2381,0,2,1.265090980567038,1.434614995494485,16,23,8,0,0,1.265090980567038,6.251870095729828,4.474948652088642
411,Albin Ekdal,2018,Sampdoria,Sub,32,2660,0,0,0.7200679108500481,0.9347953889518976,15,18,6,0,0,0.7200679108500481,9.36235419474542,8.484645729884505
411,Albin Ekdal,2017,Hamburger SV,DMC,19,1110,0,1,0.4153507016599178,0.955826479010284,8,7,3,0,0,0.4153507016599178,3.3520404510200024,2.372611451894045
411,Albin Ekdal,2016,Hamburger SV,Sub,21,1244,1,1,0.3703211992979049,0.0551713015884161,6,2,2,1,1,0.3703211992979049,2.080985801294446,1.8382079172879455
411,Albin Ekdal,2015,Hamburger SV,MC,14,1147,0,0,0.0899951020255684,0.2296717055141925,5,4,4,0,0,0.0899951020255684,1.8924337346106768,1.6898403372615576
411,Albin Ekdal,2014,Cagliari,MC,33,2702,5,1,3.629195706918836,2.5691276164725423,41,31,7,0,5,3.629195706918836,11.061061183921993,6.933290231972933
