player_id,player_name,season,team,position,games,time,goals,assists,xG,xA,shots,key_passes,yellow,red,npg,npxG,xGChain,xGBuildup
8884,Alessandro Tuia,2022,Lecce,DC,7,515,0,0,0.082428902387619,0.0162489991635084,2,1,1,0,0,0.082428902387619,0.1842466965317726,0.1679976973682642
8884,Alessandro Tuia,2020,Benevento,Sub,27,1766,1,0,0.4775644959881902,0.4868727000430226,8,3,6,0,1,0.4775644959881902,2.3737149881199,2.2948022857308388
