player_id,player_name,season,team,position,games,time,goals,assists,xG,xA,shots,key_passes,yellow,red,npg,npxG,xGChain,xGBuildup
4911,Alessio Zerbin,2025,Cremonese,DMR,6,451,0,1,0.2012708410620689,0.8498495221138,4,2,1,0,0,0.2012708410620689,0.8917184062302113,0.1314688511192798
4911,Alessio Zerbin,2024,Venezia,Sub,18,1521,1,1,2.1581489220261574,2.365778660401702,17,24,4,0,1,2.1581489220261574,5.175491515547037,1.3222598982974887
4911,Alessio Zerbin,2024,Napoli,Sub,2,2,0,0,0.0,0.0,0,0,0,0,0,0.0,0.0,0.0
4911,Alessio Zerbin,2023,Monza,Sub,13,688,0,1,0.5675365012139082,0.9058563392609358,6,12,0,1,0,0.5675365012139082,2.4911496713757515,1.647538097575307
4911,Alessio Zerbin,2023,Napoli,Sub,7,132,0,0,0.2318925410509109,0.6660702750086784,3,4,0,0,0,0.2318925410509109,1.2537908926606178,0.5004645213484764
4911,Alessio Zerbin,2022,Napoli,Sub,10,184,0,0,0.295865748077631,0.0,5,0,1,0,0,0.295865748077631,0.6070655155926943,0.3111997824162245
