player_id,player_name,season,team,position,games,time,goals,assists,xG,xA,shots,key_passes,yellow,red,npg,npxG,xGChain,xGBuildup
12783,Alessandro Circati,2025,Parma Calcio 1913,DC,7,630,0,0,0.0,0.1475292285904288,0,3,0,0,0,0.0,1.0935963690280914,1.0270987302064896
12783,Alessandro Circati,2024,Parma Calcio 1913,DC,6,540,0,0,0.1777893677353859,0.0216004382818937,2,1,1,0,0,0.1777893677353859,1.000532565638423,0.9789321273565292
