player_id,player_name,season,team,position,games,time,goals,assists,xG,xA,shots,key_passes,yellow,red,npg,npxG,xGChain,xGBuildup
8297,Alexis Saelemaekers,2025,AC Milan,DMR,7,602,1,1,0.8702957192435861,0.6107142986729741,9,10,1,0,1,0.8702957192435861,3.654083281755448,2.4366820752620697
8297,Alexis Saelemaekers,2024,Roma,AML,22,1420,7,3,3.0717705376446247,2.9446504916995764,25,24,4,0,7,3.0717705376446247,11.737130745314062,8.01107267010957
8297,Alexis Saelemaekers,2024,AC Milan,DL,1,90,0,0,0.0,0.0556853450834751,0,2,0,0,0,0.0,0.6831433176994324,0.6274579763412476
8297,Alexis Saelemaekers,2023,Bologna,Sub,30,1909,4,2,2.824991188943386,3.0194268077611923,29,44,4,1,4,2.824991188943386,8.58481384627521,4.7481407187879086
8297,Alexis Saelemaekers,2022,AC Milan,Sub,30,1382,2,3,3.149984228424728,4.600698339752853,35,23,1,0,2,3.149984228424728,11.890944784507155,4.84562626387924
8297,Alexis Saelemaekers,2021,AC Milan,AMR,36,1866,1,3,3.180294256657362,4.113712633028626,39,38,2,0,1,3.180294256657362,14.044270288199186,8.275666370987892
8297,Alexis Saelemaekers,2020,AC Milan,Sub,32,2065,2,4,3.0029871268197894,3.179093863815069,28,30,5,1,2,3.0029871268197894,12.024500304833056,6.440721970051527
8297,Alexis Saelemaekers,2019,AC Milan,Sub,13,677,1,0,0.6453747041523457,0.5632563913241029,9,7,2,1,1,0.6453747041523457,3.986208950169385,3.0043438374996185
