player_id,player_name,season,team,position,games,time,goals,assists,xG,xA,shots,key_passes,yellow,red,npg,npxG,xGChain,xGBuildup
7424,Alex Sola,2025,Getafe,Sub,1,10,0,0,0.0,0.0,0,0,0,0,0,0.0,0.0,0.0
7424,Alex Sola,2024,Getafe,ML,19,1077,0,1,1.0217911591753364,1.1393643002957106,14,9,4,0,0,1.0217911591753364,2.331791497766972,0.6401858534663916
7424,Alex Sola,2023,Alaves,Sub,29,1247,0,3,2.303257567808032,2.6484938506037,28,27,2,0,0,2.303257567808032,5.872439920902252,1.935951525345445
7424,Alex Sola,2023,Real Sociedad,Sub,2,18,0,0,0.0,0.0,0,0,0,0,0,0.0,0.031531173735857,0.031531173735857
7424,Alex Sola,2022,Real Sociedad,Sub,10,346,0,0,0.0831240015104413,0.0630900990217924,4,2,1,0,0,0.0831240015104413,1.190809529274702,1.105208221822977
7424,Alex Sola,2021,Real Sociedad,Sub,2,35,0,0,0.0882643014192581,0.0627110004425048,1,1,0,0,0,0.0882643014192581,0.150975301861763,0.0627110004425048
7424,Alex Sola,2018,Real Sociedad,DR,1,90,0,0,0.0790610983967781,0.1010250002145767,2,1,0,0,0,0.0790610983967781,0.8253960013389587,0.6580269932746887
