player_id,player_name,season,team,position,games,time,goals,assists,xG,xA,shots,key_passes,yellow,red,npg,npxG,xGChain,xGBuildup
5232,Alexander Isak,2025,Liverpool,Sub,4,264,0,1,1.4005520939826963,0.8188285231590271,6,1,0,0,0,1.4005520939826963,2.3711809515953064,0.9481621384620668
5232,Alexander Isak,2024,Newcastle United,FW,34,2822,23,6,22.356988068670034,5.44870379474014,99,42,1,0,19,19.312312599271536,26.209551103413105,3.579237926751375
5232,Alexander Isak,2023,Newcastle United,FW,30,2305,21,2,22.07426631450653,3.652040131390095,78,27,1,0,16,17.507253035902977,24.041151970624924,5.754798140376806
5232,Alexander Isak,2022,Newcastle United,FW,22,1530,10,1,8.784851711243391,1.7707323329523206,51,15,3,0,8,7.262516763061285,11.15905637666583,2.8647358743473887
5232,Alexander Isak,2022,Real Sociedad,FW,2,157,1,0,0.5624610185623169,0.1057390011847019,3,2,0,0,1,0.5624610185623169,0.6682000011205673,0.0
5232,Alexander Isak,2021,Real Sociedad,FW,32,2168,6,2,10.799253981560469,3.972969926893711,73,21,6,0,4,9.31269806995988,14.889842318370938,3.638972699642181
5232,Alexander Isak,2020,Real Sociedad,FW,34,2389,16,2,16.467687338590622,1.841514276340604,81,10,4,0,16,15.724409744143486,17.61396531201899,2.9823044277727604
5232,Alexander Isak,2019,Real Sociedad,Sub,37,1474,9,1,8.358878187835217,2.528934985399246,44,14,4,0,9,8.358878187835217,9.927116177976131,2.0546588990837336
5232,Alexander Isak,2017,Borussia Dortmund,Sub,5,114,0,0,0.6883600279688835,0.1569603011012077,5,2,0,0,0,0.6883600279688835,1.4718824289739132,0.6392971761524677
