player_id,player_name,season,team,position,games,time,goals,assists,xG,xA,shots,key_passes,yellow,red,npg,npxG,xGChain,xGBuildup
5262,Alexander Schwolow,2024,Union Berlin,GK,6,540,0,0,0.0,0.0,0,0,0,0,0,0.0,0.076565034687519,0.076565034687519
5262,Alexander Schwolow,2023,Union Berlin,GK,1,90,0,0,0.0,0.0,0,0,0,0,0,0.0,0.0628381744027137,0.0628381744027137
5262,Alexander Schwolow,2022,Schalke 04,GK,23,2035,0,0,0.0996095016598701,0.0420546010136604,1,1,1,0,0,0.0996095016598701,1.7379816295579076,1.6959270285442472
5262,Alexander Schwolow,2021,Hertha Berlin,GK,25,2175,0,0,0.0,0.056954801082611,0,1,1,0,0,0.0,2.0037718657404184,1.946816885843873
5262,Alexander Schwolow,2020,Hertha Berlin,GK,26,2340,0,0,0.0,0.0,0,0,0,0,0,0.0,3.677419611252844,3.677419611252844
5262,Alexander Schwolow,2019,Freiburg,GK,24,2092,0,0,0.0,0.0,0,0,0,0,0,0.0,1.9461060147732496,1.9461060147732496
5262,Alexander Schwolow,2018,Freiburg,GK,33,2970,0,1,0.0,0.197779294103384,0,2,1,0,0,0.0,1.5870448760688305,1.567583579570055
5262,Alexander Schwolow,2017,Freiburg,GK,33,2906,0,0,0.0700500980019569,0.0391827002167701,1,2,0,0,0,0.0700500980019569,1.4562390763312578,1.3861889764666555
5262,Alexander Schwolow,2016,Freiburg,GK,34,3060,0,0,0.0,0.0641922019422054,0,2,1,0,0,0.0,2.3249614164233208,2.2607693132013083
