player_id,player_name,season,team,position,games,time,goals,assists,xG,xA,shots,key_passes,yellow,red,npg,npxG,xGChain,xGBuildup
5752,Alexis Claude Maurice,2025,Augsburg,Sub,4,210,0,0,0.2063453439623117,0.1312481872737407,6,2,0,0,0,0.2063453439623117,0.3433949630707502,0.0584564618766307
5752,Alexis Claude Maurice,2024,Augsburg,Sub,28,2160,9,2,4.652821511030197,1.2668815301731229,59,21,4,0,9,4.652821511030197,11.06004698574543,5.729791997931898
5752,Alexis Claude Maurice,2023,Nice,Sub,18,470,0,0,1.0006207078695295,0.228068571537733,18,6,1,0,0,1.0006207078695295,2.574296170845628,1.6065377108752728
5752,Alexis Claude Maurice,2022,Lens,Sub,20,589,5,3,2.39242101367563,1.3483196692541242,14,7,0,0,5,2.39242101367563,4.726547884754837,1.6215331479907036
5752,Alexis Claude Maurice,2022,Nice,Sub,2,66,0,0,0.053983099758625,0.0259672999382019,2,1,0,0,0,0.053983099758625,0.0412023998796939,0.0
5752,Alexis Claude Maurice,2021,Nice,Sub,10,180,0,2,0.3382001938298344,1.0455190995708108,6,8,1,0,0,0.3382001938298344,1.355263901874423,0.5893509071320295
5752,Alexis Claude Maurice,2020,Nice,FWR,30,1901,4,5,4.385369522497058,3.8067728681489834,35,35,2,0,4,4.385369522497058,12.656064776703715,6.764316659420729
5752,Alexis Claude Maurice,2019,Nice,Sub,22,1641,1,1,3.04162023216486,1.4922834783792496,38,20,2,0,1,3.04162023216486,7.013238798826933,3.7534250002354383
