player_id,player_name,season,team,position,games,time,goals,assists,xG,xA,shots,key_passes,yellow,red,npg,npxG,xGChain,xGBuildup
8017,Alex Kral,2025,Union Berlin,Sub,4,115,0,0,0.1193654090166091,0.0,2,0,0,0,0,0.1193654090166091,0.2132230997085571,0.0938576906919479
8017,Alex Kral,2024,Espanyol,Sub,37,2699,0,1,1.9735915949568152,2.117718786001205,21,13,1,0,0,1.9735915949568152,5.209526886232197,2.9570606537163258
8017,Alex Kral,2023,Union Berlin,MC,24,1340,0,0,1.7174312379211187,0.2186119565740227,18,5,2,0,0,1.7174312379211187,4.68869945500046,3.056635794229805
8017,Alex Kral,2022,Schalke 04,DMC,29,2357,0,0,1.562538480386138,0.5070484662428498,32,11,3,0,0,1.562538480386138,6.027862414717674,4.629865577444434
8017,Alex Kral,2021,Spartak Moscow,Sub,5,241,0,1,0.2963384054601192,0.1210919953882694,5,4,0,0,0,0.2963384054601192,0.7138008996844292,0.2963715121150017
8017,Alex Kral,2021,West Ham,Sub,1,1,0,0,0.0,0.0,0,0,0,0,0,0.0,0.0,0.0
8017,Alex Kral,2020,Spartak Moscow,DMC,29,2407,0,5,1.1116091003641486,2.581019171513617,19,28,3,0,0,1.1116091003641486,9.505887893028556,7.570807239972055
8017,Alex Kral,2019,Spartak Moscow,DMC,19,1637,0,0,0.8341108970344067,1.629386051557958,17,16,4,0,0,0.8341108970344067,5.558536095544696,3.4895675778388977
