player_id,player_name,season,team,position,games,time,goals,assists,xG,xA,shots,key_passes,yellow,red,npg,npxG,xGChain,xGBuildup
8379,Alexis Mac Allister,2025,Liverpool,DMC,7,477,0,1,0.3892056941986084,1.0221948474645617,7,5,0,0,0,0.3892056941986084,2.794378452003002,2.1895347088575363
8379,Alexis Mac Allister,2024,Liverpool,DMC,35,2621,5,5,3.568436846137047,4.891626043245196,38,45,6,0,5,3.568436846137047,23.3634732440114,19.07193909212947
8379,Alexis Mac Allister,2023,Liverpool,MC,33,2661,5,5,3.998983211815357,3.578091200441122,44,47,7,1,4,3.237814389169216,22.71393956243992,18.186699956655502
8379,Alexis Mac Allister,2022,Brighton,MC,35,2882,10,2,11.532242968678474,3.928120201453567,86,47,8,0,4,6.965230006724596,19.9106729477644,12.656914940103889
8379,Alexis Mac Allister,2021,Brighton,Sub,33,2102,5,2,6.832574421539903,2.1256866911426187,60,31,4,0,3,4.549069428816438,10.862735169008374,6.358379386365414
8379,Alexis Mac Allister,2020,Brighton,Sub,21,1110,1,1,1.3531396118924022,1.8708692993968723,24,15,1,0,1,1.3531396118924022,5.655094686895609,3.2666636938229203
8379,Alexis Mac Allister,2019,Brighton,Sub,9,357,0,0,0.5874680867418647,0.2033508047461509,7,5,0,0,0,0.5874680867418647,1.1725874012336135,0.5007041096687317
