player_id,player_name,season,team,position,games,time,goals,assists,xG,xA,shots,key_passes,yellow,red,npg,npxG,xGChain,xGBuildup
3207,Alexis Blin,2023,Lecce,Sub,31,1619,0,2,1.1373690329492092,1.0918332301080227,13,7,4,0,0,1.1373690329492092,5.701776580885053,4.996312720701098
3207,Alexis Blin,2022,Lecce,Sub,35,2376,1,0,2.975117596797645,0.995334199629724,23,15,8,0,1,2.975117596797645,6.872414098121226,4.275244216434658
3207,Alexis Blin,2019,Amiens,MC,24,1844,0,1,0.0578373000025749,0.71178281866014,2,7,4,0,0,0.0578373000025749,2.210475103929639,2.148359404876828
3207,Alexis Blin,2018,Amiens,MC,27,2013,1,1,0.28385179489851,0.4343916345387697,7,7,4,0,1,0.28385179489851,3.0079390089958906,2.8255113009363413
3207,Alexis Blin,2017,Toulouse,MC,26,1882,1,3,0.6531849978491664,1.6081657968461514,10,6,5,0,1,0.6531849978491664,3.677309602499008,2.850919686257839
3207,Alexis Blin,2016,Toulouse,MC,26,2156,0,0,0.4084789175540209,0.286714494228363,13,8,4,1,0,0.4084789175540209,3.3644267199561,2.9968724800273776
3207,Alexis Blin,2015,Toulouse,Sub,24,1402,0,0,0.5003442950546741,0.490328598767519,13,11,5,0,0,0.5003442950546741,2.9952827859669924,2.5205489099025726
3207,Alexis Blin,2014,Toulouse,Sub,6,332,0,0,0.0496752308681607,0.0,3,0,1,0,0,0.0496752308681607,0.0819075293838977,0.0322322994470596
