player_id,player_name,season,team,position,games,time,goals,assists,xG,xA,shots,key_passes,yellow,red,npg,npxG,xGChain,xGBuildup
52,Alexander Hack,2022,Mainz 05,DC,19,1125,0,0,0.6021239012479782,0.1241120994091034,4,4,2,1,0,0.6021239012479782,2.979021204635501,2.872820219025016
52,Alexander Hack,2021,Mainz 05,DC,28,2085,3,1,2.8987611634656787,0.9673040173947812,21,10,6,1,3,2.8987611634656787,3.8396049607545137,3.735394863411784
52,Alexander Hack,2020,Mainz 05,Sub,21,1365,1,0,0.3478859011083841,0.3729514880105853,7,6,2,0,1,0.3478859011083841,3.81569535844028,3.5319993756711483
52,Alexander Hack,2019,Mainz 05,Sub,14,798,0,0,0.6432371530681849,0.1316382009536028,8,4,2,0,0,0.6432371530681849,1.9110400080680847,1.8145651035010812
52,Alexander Hack,2018,Mainz 05,Sub,14,1020,1,1,0.9871813980862498,0.9667350053787231,12,2,1,0,1,0.9871813980862498,2.686375316232443,2.6119879223406315
52,Alexander Hack,2017,Mainz 05,DC,15,1288,1,0,0.6506620608270168,0.1966850981116294,13,5,2,0,1,0.6506620608270168,2.030724082142114,1.869926704093814
52,Alexander Hack,2016,Mainz 05,Sub,15,1298,0,1,0.3937932746484875,0.2336369017139077,8,4,0,0,0,0.3937932746484875,1.7813229942694306,1.641042985022068
52,Alexander Hack,2015,Mainz 05,DC,7,630,0,0,0.2183829993009567,0.0222315993160009,3,1,1,0,0,0.2183829993009567,2.0703140050172806,2.0703140050172806
