player_id,player_name,season,team,position,games,time,goals,assists,xG,xA,shots,key_passes,yellow,red,npg,npxG,xGChain,xGBuildup
3540,Alexandre Coeff,2022,Auxerre,Sub,7,583,0,1,0.1230150014162063,0.5078480243682861,1,1,0,0,0,0.1230150014162063,1.1767636835575104,1.1767636835575104
3540,Alexandre Coeff,2015,GFC Ajaccio,DR,24,1995,0,2,0.2833078689873218,1.83973091095686,9,22,5,0,0,0.2833078689873218,4.283922204747796,3.2762949112802744
