player_id,player_name,season,team,position,games,time,goals,assists,xG,xA,shots,key_passes,yellow,red,npg,npxG,xGChain,xGBuildup
9241,Alfon,2025,Sevilla,AML,3,169,1,0,0.5529619604349136,0.1707763820886612,5,3,0,0,1,0.5529619604349136,0.8949122279882431,0.171173870563507
9241,Alfon,2024,Celta Vigo,FWR,26,1382,5,2,4.900045620277524,3.2016264870762825,45,24,1,1,5,4.900045620277524,10.40202185884118,3.85110298357904
9241,Alfon,2020,Celta Vigo,Sub,2,29,0,0,0.0669912993907928,0.0528807006776332,1,1,0,0,0,0.0669912993907928,0.1198719963431358,0.0669912993907928
