player_id,player_name,season,team,position,games,time,goals,assists,xG,xA,shots,key_passes,yellow,red,npg,npxG,xGChain,xGBuildup
7345,Alphonso Davies,2024,Bayern Munich,DL,19,1563,1,2,1.8767102975398304,1.8741600718349216,17,27,0,0,1,1.8767102975398304,14.86158774420619,11.854159470647572
7345,Alphonso Davies,2023,Bayern Munich,DL,29,2080,2,5,0.8386915270239115,3.290612770244479,13,37,0,0,2,0.8386915270239115,17.92008127272129,15.28332383185625
7345,Alphonso Davies,2022,Bayern Munich,DL,26,2054,1,4,2.2144710374996066,3.4712795857340097,19,43,0,0,1,2.2144710374996066,20.46779531426728,15.926782006397843
7345,Alphonso Davies,2021,Bayern Munich,DL,22,1746,0,3,1.6672136839479208,4.254625952802599,18,34,3,0,0,1.6672136839479208,13.315142715349792,8.138706654310226
7345,Alphonso Davies,2020,Bayern Munich,DL,23,1771,1,2,0.1308334982022643,1.8857617769390345,4,20,2,1,1,0.1308334982022643,13.968150913715364,12.65981831215322
7345,Alphonso Davies,2019,Bayern Munich,Sub,29,2228,3,5,2.3693599672988057,4.259582146070898,12,36,2,1,3,2.3693599672988057,25.400243878364563,21.066972889006134
7345,Alphonso Davies,2018,Bayern Munich,Sub,6,66,1,0,0.181206002831459,0.0,2,0,1,0,1,0.181206002831459,0.7560989856719971,0.5748929977416992
