player_id,player_name,season,team,position,games,time,goals,assists,xG,xA,shots,key_passes,yellow,red,npg,npxG,xGChain,xGBuildup
12163,Amadou Koné,2024,Reims,MC,24,1317,0,0,0.6375932982191443,0.4133790861815214,14,8,3,1,0,0.6375932982191443,3.436397861689329,2.664161939173937
12163,Amadou Koné,2023,Reims,Sub,16,459,0,0,0.1707883737981319,0.3532793372869491,6,4,2,1,0,0.1707883737981319,1.235429858788848,1.106223590672016
