player_id,player_name,season,team,position,games,time,goals,assists,xG,xA,shots,key_passes,yellow,red,npg,npxG,xGChain,xGBuildup
8127,Amad Diallo Traore,2025,Manchester United,Sub,7,511,0,1,1.5336670596152544,1.3437568917870522,12,10,1,0,0,1.5336670596152544,3.945036306977272,2.067366475239396
8127,Amad Diallo Traore,2024,Manchester United,AMR,26,1887,8,6,4.74583822209388,4.755917379632592,47,49,5,0,8,4.74583822209388,12.264865227043629,5.410414909943938
8127,Amad Diallo Traore,2023,Manchester United,Sub,9,375,1,1,0.5594709701836109,1.0110422410070896,10,10,1,0,1,0.5594709701836109,2.2942124884575605,1.4572133403271437
8127,Amad Diallo Traore,2020,Manchester United,AMR,3,172,0,1,0.0358977988362312,0.423180591315031,1,2,0,0,0,0.0358977988362312,0.8719336204230785,0.4128549993038177
8127,Amad Diallo Traore,2020,Atalanta,Sub,1,12,0,0,0.0277040991932153,0.0499976985156536,1,1,1,0,0,0.0277040991932153,0.0961922034621238,0.0184902995824813
8127,Amad Diallo Traore,2019,Atalanta,Sub,3,17,1,0,0.0449633002281188,0.0744395032525062,1,1,0,0,1,0.0449633002281188,0.1601257026195526,0.1151624023914337
