player_id,player_name,season,team,position,games,time,goals,assists,xG,xA,shots,key_passes,yellow,red,npg,npxG,xGChain,xGBuildup
9667,Amadou Onana,2025,Aston Villa,DMC,4,250,0,0,0.0978031903505325,0.0,2,0,1,0,0,0.0978031903505325,0.2444225177168846,0.1466193348169326
9667,Amadou Onana,2024,Aston Villa,DMC,26,1650,3,0,2.5780120696872477,0.6834856616333127,17,10,4,0,3,2.5780120696872477,9.019286430440845,8.535910098813474
9667,Amadou Onana,2023,Everton,MC,30,2093,2,0,2.553437914699316,2.4138805400580168,29,18,5,0,2,2.553437914699316,10.676468232646585,8.992594484239817
9667,Amadou Onana,2022,Everton,Sub,33,2529,1,2,3.0847347732633352,2.063957966864109,34,22,9,0,1,3.0847347732633352,8.601867258548737,5.032614782452583
9667,Amadou Onana,2021,Lille,Sub,32,1316,1,0,3.224560491740704,0.9849453810602428,15,14,2,1,1,3.224560491740704,5.467081153765321,3.5518138352781534
