player_id,player_name,season,team,position,games,time,goals,assists,xG,xA,shots,key_passes,yellow,red,npg,npxG,xGChain,xGBuildup
7501,Amadou Haidara,2024,RasenBallsport Leipzig,AMC,28,1321,0,1,1.6384502304717898,0.928176186978817,18,5,7,0,0,1.6384502304717898,6.831356715410948,5.516967276111245
7501,Amadou Haidara,2023,RasenBallsport Leipzig,Sub,21,1582,2,1,0.9922775700688362,1.6235595028847456,21,17,5,0,2,0.9922775700688362,12.830584708601236,10.555549938231708
7501,Amadou Haidara,2022,RasenBallsport Leipzig,Sub,31,1418,2,1,2.706375576555729,1.3238185830414295,19,12,7,0,2,2.706375576555729,7.044573534280062,5.077068915590644
7501,Amadou Haidara,2021,RasenBallsport Leipzig,AMR,20,1322,3,1,1.312832497060299,0.5987329930067062,15,8,2,0,3,1.312832497060299,7.5146058443933725,6.875147204846144
7501,Amadou Haidara,2020,RasenBallsport Leipzig,DMR,31,1909,3,1,3.492761965841055,2.7209727270528674,42,35,4,0,3,3.492761965841055,11.410779979079962,6.280218498781323
7501,Amadou Haidara,2019,RasenBallsport Leipzig,Sub,19,732,0,1,0.7184227900579572,2.0532493256032467,19,11,1,0,0,0.7184227900579572,6.48830908164382,4.932446207851172
7501,Amadou Haidara,2018,RasenBallsport Leipzig,Sub,9,370,1,0,0.7409531027078629,0.5286654159426689,12,5,1,0,1,0.7409531027078629,2.8785634264349937,2.2232543658465147
