player_id,player_name,season,team,position,games,time,goals,assists,xG,xA,shots,key_passes,yellow,red,npg,npxG,xGChain,xGBuildup
10827,Amine Salama,2024,Reims,Sub,17,337,0,0,1.040024921298027,0.4106262847781181,9,5,0,0,0,1.040024921298027,1.5647102408111095,0.249529343098402
10827,Amine Salama,2023,Reims,Sub,11,285,0,0,1.2880796808749435,0.2140091359615326,6,5,0,0,0,1.2880796808749435,1.6887680143117905,0.6991863921284676
10827,Amine Salama,2022,Angers,Sub,25,1233,3,1,2.885133503936231,1.8639736101031303,25,9,1,0,3,2.885133503936231,6.047062126919627,1.891057701781392
