player_id,player_name,season,team,position,games,time,goals,assists,xG,xA,shots,key_passes,yellow,red,npg,npxG,xGChain,xGBuildup
11350,Amin Sarr,2025,Verona,FW,7,224,0,0,0.350282596424222,0.2346570678055286,5,4,0,0,0,0.350282596424222,0.7192604076117277,0.1880704872310161
11350,Amin Sarr,2024,Verona,Sub,32,1940,4,1,4.79459623247385,2.119128202088177,23,22,1,0,4,4.79459623247385,8.290901853702962,2.3352970629930496
11350,Amin Sarr,2023,Wolfsburg,Sub,14,350,0,0,0.4195053596049547,0.1210343204438686,6,2,0,0,0,0.4195053596049547,1.7570901960134506,1.4122108276933432
11350,Amin Sarr,2023,Lyon,Sub,3,90,0,0,0.6009720340371132,0.0890473797917366,5,1,0,0,0,0.6009720340371132,0.6891261711716652,0.0777943655848503
11350,Amin Sarr,2022,Lyon,Sub,13,533,1,1,1.642472987063229,0.5558527708053589,6,4,0,0,1,1.642472987063229,2.464210774749517,1.265486653894186
