player_id,player_name,season,team,position,games,time,goals,assists,xG,xA,shots,key_passes,yellow,red,npg,npxG,xGChain,xGBuildup
11752,Amir Richardson,2024,Fiorentina,MC,27,1083,1,1,1.0827028583735228,0.6237350255250931,11,8,6,0,1,1.0827028583735228,3.1449933713302016,2.048963035456836
11752,Amir Richardson,2023,Reims,DMC,28,1354,3,1,2.0540283527225256,1.2164121214300394,17,12,4,0,3,2.0540283527225256,4.412331238389015,3.3830718714743853
