player_id,player_name,season,team,position,games,time,goals,assists,xG,xA,shots,key_passes,yellow,red,npg,npxG,xGChain,xGBuildup
12111,Amir Murillo,2025,Marseille,AMC,8,480,2,0,0.8029936030507088,0.8322065807878971,4,5,4,0,2,0.8029936030507088,3.664052620530129,2.396429941058159
12111,Amir Murillo,2024,Marseille,DR,30,2425,1,3,1.7814708780497313,3.609375603497029,13,24,3,0,1,1.7814708780497313,16.91443207859993,14.530564196407797
12111,Amir Murillo,2023,Marseille,DL,16,979,3,2,0.9443634413182737,1.604901198297739,5,7,3,0,3,0.9443634413182737,5.3255571611225605,3.957347460091114
