player_id,player_name,season,team,position,games,time,goals,assists,xG,xA,shots,key_passes,yellow,red,npg,npxG,xGChain,xGBuildup
7320,Amos Pieper,2025,Werder Bremen,DC,1,90,0,0,0.0,0.0,0,0,0,0,0,0.0,0.0273171737790107,0.0273171737790107
7320,Amos Pieper,2024,Werder Bremen,DC,23,1500,0,0,0.6369104459881783,0.3163368552923202,7,4,3,0,0,0.6369104459881783,3.343800563365221,3.0488044656813145
7320,Amos Pieper,2023,Werder Bremen,DC,7,594,0,0,0.3389727566391229,0.5340107679367065,4,1,0,0,0,0.3389727566391229,1.7593848444521427,1.2253740765154362
7320,Amos Pieper,2022,Werder Bremen,DC,29,1954,2,1,0.6505707995966077,0.2639712952077389,11,5,9,0,2,0.6505707995966077,3.88301533460617,3.660694560036063
7320,Amos Pieper,2021,Arminia Bielefeld,DC,27,2385,0,0,0.7364614009857178,0.2594447992742061,14,5,2,0,0,0.7364614009857178,2.0512767676264048,1.805378468707204
7320,Amos Pieper,2020,Arminia Bielefeld,DC,30,2686,1,1,1.4735314487479627,0.4160664975643158,15,7,6,0,1,1.4735314487479627,3.4635661151260138,3.408298898488283
