player_id,player_name,season,team,position,games,time,goals,assists,xG,xA,shots,key_passes,yellow,red,npg,npxG,xGChain,xGBuildup
11703,Anass Zaroury,2024,Lens,AMC,28,1411,2,2,1.8902752604335544,3.554999358020723,35,35,1,1,2,1.8902752604335544,8.196472126990557,4.761631801724434
11703,Anass Zaroury,2023,Burnley,Sub,6,141,0,0,0.1752443592995405,0.0479699922725558,3,2,0,1,0,0.1752443592995405,0.2102061901241541,0.0
