player_id,player_name,season,team,position,games,time,goals,assists,xG,xA,shots,key_passes,yellow,red,npg,npxG,xGChain,xGBuildup
7410,Andras Schafer,2025,Union Berlin,MC,4,192,0,0,0.0906027182936668,0.0,2,0,0,0,0,0.0906027182936668,0.0,0.0
7410,Andras Schafer,2024,Union Berlin,MC,26,1540,1,1,0.6617573574185371,1.2446431815624237,12,9,3,0,1,0.6617573574185371,3.4801805214956403,1.9088122537359595
7410,Andras Schafer,2023,Union Berlin,Sub,20,1264,1,2,1.7435843665152788,2.117854233831167,21,18,1,1,1,1.7435843665152788,5.693262223154306,2.862957987934351
7410,Andras Schafer,2022,Union Berlin,Sub,16,867,0,0,0.2498992728069424,0.1858521960675716,7,3,0,0,0,0.2498992728069424,1.6131413141265512,1.2176516447216272
7410,Andras Schafer,2021,Union Berlin,Sub,8,223,1,1,0.7005224116146564,0.1706806980073452,7,4,2,0,1,0.7005224116146564,1.8386879824101925,1.068553376942873
