player_id,player_name,season,team,position,games,time,goals,assists,xG,xA,shots,key_passes,yellow,red,npg,npxG,xGChain,xGBuildup
6112,Andrei Girotto,2022,Nantes,DC,36,3166,1,1,1.3685742048546672,2.365381106734276,27,14,7,0,1,1.3685742048546672,4.905174406245351,3.891593509353697
6112,Andrei Girotto,2021,Nantes,MC,36,3157,6,1,3.3002958353608847,1.327504089102149,45,8,8,0,6,3.3002958353608847,6.9666348015889525,5.344546591863036
6112,Andrei Girotto,2020,Nantes,DC,34,2655,1,1,1.7883182084187863,2.018299596384168,28,10,3,1,1,1.7883182084187863,4.847259437665343,4.740542958490551
6112,Andrei Girotto,2019,Nantes,MC,25,2182,1,0,0.8031393028795719,0.6106261415407062,22,3,4,1,1,0.8031393028795719,3.357678114436567,3.272997717373073
6112,Andrei Girotto,2018,Nantes,DMC,20,1480,2,0,1.1120449602603912,0.3264262964949012,20,6,4,3,2,1.1120449602603912,2.818294477649033,2.425077979452908
6112,Andrei Girotto,2017,Nantes,DMC,25,1522,1,1,0.9677165988832712,0.7020549979060888,31,13,8,0,1,0.9677165988832712,3.2274949345737696,2.173388618044555
