player_id,player_name,season,team,position,games,time,goals,assists,xG,xA,shots,key_passes,yellow,red,npg,npxG,xGChain,xGBuildup
1493,Andrea Petagna,2024,Monza,FW,13,319,0,0,0.2489668056368827,0.0414404720067977,4,1,1,0,0,0.2489668056368827,0.3679312029853463,0.1397826606407761
1493,Andrea Petagna,2023,Cagliari,FW,18,1017,1,1,1.7845756635069847,0.992335420101881,19,18,2,0,1,1.7845756635069847,3.452853962779045,0.9730603732168674
1493,Andrea Petagna,2022,Monza,FW,31,1669,4,5,5.077138273976743,3.921232812106609,36,29,2,0,3,4.315839259885252,9.593134500086308,2.257819278165698
1493,Andrea Petagna,2021,Napoli,Sub,24,571,3,1,1.575081206858158,1.9776682406663892,13,10,1,0,3,1.575081206858158,4.176177851855755,0.7809197027236223
1493,Andrea Petagna,2020,Napoli,Sub,26,944,4,3,4.297945894300938,3.2201106175780296,24,26,0,0,4,4.297945894300938,8.296622335910797,1.9273562766611576
1493,Andrea Petagna,2019,SPAL 2013,FW,36,3038,12,1,13.4474197877571,3.087108499370516,110,36,5,0,7,8.118322721682489,13.111873854883015,4.879414613358676
1493,Andrea Petagna,2018,SPAL 2013,FW,36,3060,16,1,14.781552504748106,2.010345666203648,90,28,8,0,10,10.213956706225872,10.56121488660574,2.678129244595766
1493,Andrea Petagna,2017,Atalanta,FW,29,1655,4,5,4.594210708513856,3.4622962940484285,43,28,6,0,4,4.594210708513856,9.177542315796018,3.833039321005344
1493,Andrea Petagna,2016,Atalanta,Sub,34,2635,5,7,8.035138320177794,8.009541288018227,68,55,2,0,5,8.035138320177794,16.434673599898815,5.05621674656868
