player_id,player_name,season,team,position,games,time,goals,assists,xG,xA,shots,key_passes,yellow,red,npg,npxG,xGChain,xGBuildup
6718,Andrea Colpani,2024,Fiorentina,AMC,25,1469,2,1,3.3541502580046654,1.1401456985622644,36,17,1,0,2,3.3541502580046654,7.350004870444536,3.4852827321738005
6718,Andrea Colpani,2023,Monza,MC,38,2751,8,4,5.195591009221971,6.015339965000749,65,57,1,0,8,5.195591009221971,16.83323433622718,8.72997466288507
6718,Andrea Colpani,2022,Monza,Sub,27,920,4,1,2.059443517588079,2.3543422631919384,24,17,1,0,4,2.059443517588079,4.2922855615615845,2.150717295706272
