player_id,player_name,season,team,position,games,time,goals,assists,xG,xA,shots,key_passes,yellow,red,npg,npxG,xGChain,xGBuildup
4896,Andrew Gravillon,2022,Reims,DR,13,1047,0,0,0.7340338118374348,0.2301346994936466,7,3,3,0,0,0.7340338118374348,2.08569248393178,1.829268492758274
4896,Andrew Gravillon,2022,Torino,Sub,7,312,0,0,0.0146313998848199,0.0,1,0,2,0,0,0.0146313998848199,1.130753379315138,1.1161223836243153
4896,Andrew Gravillon,2021,Reims,DC,26,2142,0,0,0.7843594904989004,0.6739743463695049,16,10,5,2,0,0.7843594904989004,3.1748310746625066,2.4300347706303
4896,Andrew Gravillon,2020,Lorient,DC,26,2274,1,2,0.6621842980384827,0.6370530035346746,14,8,3,1,1,0.6621842980384827,4.636586518958211,4.071930329315364
4896,Andrew Gravillon,2017,Benevento,DC,2,83,0,0,0.0,0.0,0,0,0,0,0,0.0,0.0,0.0
