player_id,player_name,season,team,position,games,time,goals,assists,xG,xA,shots,key_passes,yellow,red,npg,npxG,xGChain,xGBuildup
713,André Ayew,2024,Le Havre,Sub,27,1452,4,1,4.768508719280362,0.1840137876570224,22,8,2,0,4,4.768508719280362,5.055441688746214,1.2997811660170555
713,André Ayew,2023,Le Havre,Sub,19,1106,5,0,3.90908195823431,1.1872607376426458,33,8,2,1,5,3.90908195823431,5.20885119214654,0.7863170336931944
713,André Ayew,2022,Nottingham Forest,Sub,13,286,0,0,0.9884005077183248,0.0331967063248157,4,1,1,0,0,0.2272314913570881,1.1744301989674568,0.914002001285553
713,André Ayew,2017,Swansea,Sub,12,967,0,2,1.302622027695179,1.183495707809925,13,12,3,0,0,1.302622027695179,2.887883696705103,0.5273213051259518
713,André Ayew,2017,West Ham,AMR,18,892,3,2,3.445202235132456,0.323005486279726,13,4,2,0,3,2.684031192213297,2.1241005025804043,1.3087850920856
713,André Ayew,2016,West Ham,FWR,25,1432,6,3,7.654208952561021,2.3669463582336903,33,15,1,0,6,7.654208952561021,9.077346838079391,1.35247690230608
713,André Ayew,2015,Swansea,AMR,34,2967,12,2,8.46296308748424,2.337733743712306,67,23,5,0,12,8.46296308748424,12.215979408472776,3.8303366722539063
713,André Ayew,2014,Marseille,Sub,28,2394,9,3,9.591964144259691,3.195270368829369,52,22,6,0,9,9.591964144259691,14.156410358846188,6.737746065482497
