player_id,player_name,season,team,position,games,time,goals,assists,xG,xA,shots,key_passes,yellow,red,npg,npxG,xGChain,xGBuildup
9814,Andrés Martín,2022,Rayo Vallecano,Sub,9,200,0,0,0.5261754915118217,0.5448010116815567,4,2,1,0,0,0.5261754915118217,1.0129631031304598,0.4689738098531961
9814,Andrés Martín,2021,Rayo Vallecano,Sub,7,167,0,0,0.8749693855643272,0.0,5,0,0,0,0,0.8749693855643272,0.9105753861367702,0.035606000572443
