player_id,player_name,season,team,position,games,time,goals,assists,xG,xA,shots,key_passes,yellow,red,npg,npxG,xGChain,xGBuildup
9833,Andrew Omobamidele,2025,Strasbourg,DC,5,80,0,0,0.0,0.0,0,0,0,0,0,0.0,0.0593919102102518,0.0593919102102518
9833,Andrew Omobamidele,2024,Strasbourg,Sub,10,526,0,0,0.0,0.0,0,0,3,1,0,0.0,2.7554018162190914,2.7554018162190914
9833,Andrew Omobamidele,2023,Nottingham Forest,DC,11,771,0,0,0.0812814310193061,0.0772956404834985,1,2,2,0,0,0.0812814310193061,1.927911488339305,1.8260405641049149
9833,Andrew Omobamidele,2021,Norwich,DC,5,380,1,0,0.1711219027638435,0.0,2,0,1,0,1,0.1711219027638435,0.4068540930747986,0.4068540930747986
