player_id,player_name,season,team,position,games,time,goals,assists,xG,xA,shots,key_passes,yellow,red,npg,npxG,xGChain,xGBuildup
7934,Andreas Skov Olsen,2025,Wolfsburg,AMR,6,344,1,0,0.1957429936155676,0.8937978446483612,7,7,1,0,1,0.1957429936155676,2.4187796115875244,1.530781688168645
7934,Andreas Skov Olsen,2024,Wolfsburg,Sub,12,526,1,1,0.8644867595285177,2.5118116699159145,7,18,0,0,1,0.8644867595285177,3.366842344403267,1.5164300370961428
7934,Andreas Skov Olsen,2021,Bologna,Sub,18,732,0,2,1.289031982421875,0.2816924061626196,7,8,0,0,0,1.289031982421875,3.4357371982187037,2.2166203698143363
7934,Andreas Skov Olsen,2020,Bologna,Sub,26,1170,2,2,3.856791262514889,2.05747863650322,30,19,1,0,2,3.856791262514889,7.769135056063533,2.634306313470006
7934,Andreas Skov Olsen,2019,Bologna,Sub,26,727,1,0,1.9622487919405105,0.3270828984677791,20,8,2,0,1,1.9622487919405105,3.449513132683933,1.5032274909317491
