player_id,player_name,season,team,position,games,time,goals,assists,xG,xA,shots,key_passes,yellow,red,npg,npxG,xGChain,xGBuildup
1372,Andrea Barberis,2022,Monza,MC,9,322,0,1,0.0843024998903274,0.5153444074094296,2,4,0,0,0,0.0843024998903274,1.1535618007183075,1.0732642002403736
1372,Andrea Barberis,2017,Crotone,MC,38,3032,2,1,1.445054111070931,2.4865952003747225,25,35,1,0,2,1.445054111070931,4.937016425654292,3.1758006028831005
1372,Andrea Barberis,2016,Crotone,MC,26,2065,0,3,0.5444289976730943,1.7919302894733846,17,18,3,0,0,0.5444289976730943,1.3191881934180856,1.107983898371458
