player_id,player_name,season,team,position,games,time,goals,assists,xG,xA,shots,key_passes,yellow,red,npg,npxG,xGChain,xGBuildup
9523,Andy Diouf,2025,Lens,MC,1,90,0,0,0.1755841225385666,0.0,3,0,0,0,0,0.1755841225385666,0.2758803963661194,0.1002962738275528
9523,Andy Diouf,2025,Inter,Sub,2,24,0,0,0.0,0.0,0,0,0,0,0,0.0,0.0701909884810447,0.0701909884810447
9523,Andy Diouf,2024,Lens,Sub,34,2262,1,2,3.282163294032216,3.276158655062318,40,34,2,0,1,3.282163294032216,10.56933762691915,5.297075832262635
9523,Andy Diouf,2023,Lens,MC,25,1351,1,0,1.498029014095664,1.1004069512709975,28,21,2,0,1,1.498029014095664,8.886315995827317,7.490754822269082
9523,Andy Diouf,2021,Rennes,Sub,5,9,0,0,0.0,0.5386639833450317,0,1,0,0,0,0.0,0.6315280199050903,0.0928642004728317
9523,Andy Diouf,2020,Rennes,Sub,1,5,0,0,0.0,0.0,0,0,1,0,0,0.0,0.018631299957633,0.018631299957633
