player_id,player_name,season,team,position,games,time,goals,assists,xG,xA,shots,key_passes,yellow,red,npg,npxG,xGChain,xGBuildup
7967,Anssumane Fati,2025,Monaco,Sub,4,223,5,0,4.399048864841461,0.2931875400245189,9,5,0,0,2,2.118763495236635,2.98462200909853,1.0667301341891289
7967,Anssumane Fati,2024,Barcelona,Sub,6,228,0,0,1.1018417924642565,0.1238601952791214,12,4,1,0,0,1.1018417924642565,1.8863119632005687,0.8099945038557053
7967,Anssumane Fati,2023,Brighton,Sub,19,456,2,0,3.8195773735642433,0.6551500093191862,26,6,2,0,2,3.8195773735642433,5.572026334702969,1.621451124548912
7967,Anssumane Fati,2023,Barcelona,Sub,3,26,0,0,0.851670041680336,0.0,7,0,0,0,0,0.851670041680336,1.3263437449932098,0.474673705175519
7967,Anssumane Fati,2022,Barcelona,Sub,36,1342,7,3,10.52517001517117,1.694920001551509,61,15,3,0,7,10.52517001517117,16.356084873899817,5.562163054011762
7967,Anssumane Fati,2021,Barcelona,Sub,10,323,4,0,1.328133013099432,0.4669700004160404,18,2,0,0,4,1.328133013099432,2.3107274752110243,0.8655127752572298
7967,Anssumane Fati,2020,Barcelona,AML,7,448,4,0,1.8612751737236977,2.043414283543825,14,9,1,0,4,1.8612751737236977,4.66148142516613,1.8872103840112688
7967,Anssumane Fati,2019,Barcelona,Sub,24,1022,7,1,3.727759409695864,2.462325120344758,33,18,2,1,7,3.727759409695864,8.803461756557226,3.984252296388149
