player_id,player_name,season,team,position,games,time,goals,assists,xG,xA,shots,key_passes,yellow,red,npg,npxG,xGChain,xGBuildup
1235,Ante Budimir,2025,Osasuna,FW,9,735,2,0,2.385208755731582,0.1901391074061393,20,3,0,0,1,1.6419311352074146,2.2576848715543747,0.6219059899449348
1235,Ante Budimir,2024,Osasuna,FW,38,3008,21,4,20.66943975351751,1.8783285655081272,99,16,4,0,13,14.723218826577067,14.999033909291027,1.534797454252839
1235,Ante Budimir,2023,Osasuna,FW,33,2476,17,2,15.208166905678809,2.322105295024812,77,12,4,0,14,12.23505643196404,12.838875048793852,1.577920326963067
1235,Ante Budimir,2022,Osasuna,FW,31,1825,8,0,8.004971714690328,0.7373963035643101,58,11,5,0,8,8.004971714690328,8.55313607584685,1.3744415706023574
1235,Ante Budimir,2021,Osasuna,FW,28,1746,8,2,9.98131524398923,1.0723036210983992,45,11,3,0,6,8.49475722387433,9.267304566688836,1.674267520196736
1235,Ante Budimir,2020,Osasuna,Sub,30,1628,11,0,9.92860632482916,0.7743711899966002,46,9,3,0,11,9.92860632482916,9.380053706467152,0.9583336962386966
1235,Ante Budimir,2019,Mallorca,FW,35,2807,13,2,10.887495037168264,1.0852131973952055,56,13,12,0,11,9.400936741381884,12.438691513612866,3.160123055800796
1235,Ante Budimir,2017,Crotone,FW,22,1585,6,0,5.669539015740156,1.3251922968775034,30,19,8,0,6,5.669539015740156,4.791560247540474,0.2465762002393603
1235,Ante Budimir,2016,Sampdoria,Sub,11,295,0,0,1.0131727010011673,0.1557181011885404,10,3,0,0,0,1.0131727010011673,1.173556387424469,0.1220630039460957
