player_id,player_name,season,team,position,games,time,goals,assists,xG,xA,shots,key_passes,yellow,red,npg,npxG,xGChain,xGBuildup
8150,Anthony Gordon,2025,Newcastle United,FW,5,358,0,0,1.8499785140156744,0.1827404946088791,13,5,0,1,0,1.8499785140156744,2.5902813114225864,0.7378855980932713
8150,Anthony Gordon,2024,Newcastle United,FWL,34,2474,6,5,9.196510776877403,4.824591662734747,59,51,2,0,5,7.674173064529896,15.255516607314348,6.296648159623146
8150,Anthony Gordon,2023,Newcastle United,FWL,35,2956,11,10,11.293779235333204,8.833045985549688,81,56,10,1,10,10.53261036798358,26.570194900035855,11.442161984741688
8150,Anthony Gordon,2022,Everton,FW,16,1095,3,0,3.303246680647135,0.6522062942385674,26,8,6,0,3,3.303246680647135,3.917047649621964,0.6851867865771055
8150,Anthony Gordon,2022,Newcastle United,Sub,16,469,1,0,2.2461173571646214,0.7591859251260757,8,6,1,0,1,2.2461173571646214,3.767995767295361,1.0537808313965795
8150,Anthony Gordon,2021,Everton,Sub,35,2288,4,2,3.460314721800387,3.776887372136116,44,36,4,0,4,3.460314721800387,7.969527812674642,3.010282608680427
8150,Anthony Gordon,2020,Everton,Sub,3,87,0,0,0.0,0.0191399995237588,0,1,0,0,0,0.0,0.1885045021772384,0.1885045021772384
8150,Anthony Gordon,2019,Everton,Sub,11,438,0,1,0.3270708993077278,0.3399500921368599,6,6,0,0,0,0.3270708993077278,0.8956371061503887,0.3289345018565655
