player_id,player_name,season,team,position,games,time,goals,assists,xG,xA,shots,key_passes,yellow,red,npg,npxG,xGChain,xGBuildup
6380,Anthony Caci,2025,Mainz 05,DMR,4,323,0,0,0.2283672168850898,0.3791453465819359,5,6,1,0,0,0.2283672168850898,1.42956180870533,0.973144143819809
6380,Anthony Caci,2024,Mainz 05,DMR,33,2767,1,7,3.659547857940197,5.763529303483665,32,49,6,0,1,3.659547857940197,16.445022966712713,9.478123030625284
6380,Anthony Caci,2023,Mainz 05,DML,31,2506,2,3,1.862931460142136,2.9395877309143543,31,25,8,0,2,1.862931460142136,9.770811071619391,6.269201004877687
6380,Anthony Caci,2022,Mainz 05,Sub,31,2052,2,1,0.4756427016109228,2.8494056733325124,9,21,4,0,2,0.4756427016109228,6.216136714443564,3.4933305028826
6380,Anthony Caci,2021,Strasbourg,DL,37,2399,1,3,1.1354569047689438,3.8799151331186295,15,28,4,0,1,1.1354569047689438,9.78035769239068,6.666803505271673
6380,Anthony Caci,2020,Strasbourg,Sub,33,2819,0,2,0.2776985000818968,2.2510458547621965,8,19,0,0,0,0.2776985000818968,6.762177396565676,5.266863794997335
6380,Anthony Caci,2019,Strasbourg,DR,8,696,1,5,0.4537736047059297,1.8474531769752505,4,13,0,0,1,0.4537736047059297,4.878902297466993,3.5971671380102634
6380,Anthony Caci,2018,Strasbourg,DL,29,2305,0,1,0.1159403696656227,0.7558779865503311,6,12,1,0,0,0.1159403696656227,3.253068871796131,2.876518988981843
