player_id,player_name,season,team,position,games,time,goals,assists,xG,xA,shots,key_passes,yellow,red,npg,npxG,xGChain,xGBuildup
9705,Anthony Losilla,2024,Bochum,MC,20,1146,0,0,0.1023350022733211,0.4794825538992882,5,7,1,0,0,0.1023350022733211,3.181420609354973,2.7296648547053337
9705,Anthony Losilla,2023,Bochum,MC,31,2622,1,2,2.157300296239555,1.6021368727087977,27,19,10,0,1,2.157300296239555,6.348509636707604,3.719168961048126
9705,Anthony Losilla,2022,Bochum,DMC,31,2734,2,2,2.477033652365208,2.012193087488413,27,14,6,1,2,2.477033652365208,5.3180101076141,3.194928647018969
9705,Anthony Losilla,2021,Bochum,MC,33,2941,2,0,2.183144109323621,0.908786702901125,33,16,5,0,2,2.183144109323621,5.665165144950151,4.500664165709168
