player_id,player_name,season,team,position,games,time,goals,assists,xG,xA,shots,key_passes,yellow,red,npg,npxG,xGChain,xGBuildup
9524,Anthony Elanga,2025,Newcastle United,FWR,8,361,0,0,0.6280468218028545,0.2306802198290825,3,5,0,0,0,0.6280468218028545,1.0035686865448952,0.165233988314867
9524,Anthony Elanga,2024,Nottingham Forest,AMR,38,2549,6,11,5.92288132570684,6.605899995192885,44,50,1,0,6,5.92288132570684,12.84948781132698,4.026209270581603
9524,Anthony Elanga,2023,Nottingham Forest,Sub,36,2430,5,9,6.7731207851320505,7.090984374284744,54,33,1,0,5,6.7731207851320505,17.626320507377386,5.61586544662714
9524,Anthony Elanga,2022,Manchester United,Sub,16,408,0,1,1.2088623978197577,1.1436329931020737,10,6,0,0,0,1.2088623978197577,3.724183831363917,1.8017782215029
9524,Anthony Elanga,2021,Manchester United,Sub,21,1218,2,2,2.981153290718794,1.9335426688194275,21,9,0,0,2,2.981153290718794,5.969549503177404,2.20174378529191
9524,Anthony Elanga,2020,Manchester United,AML,2,157,1,0,0.5518710017204285,0.0207256004214286,2,1,0,0,1,0.5518710017204285,0.8420460224151611,0.8213210105895996
