player_id,player_name,season,team,position,games,time,goals,assists,xG,xA,shots,key_passes,yellow,red,npg,npxG,xGChain,xGBuildup
12941,Antonio Nusa,2025,RasenBallsport Leipzig,Sub,6,366,0,1,0.7403748705983162,1.3253771662712095,12,5,0,0,0,0.7403748705983162,2.9391677360981703,1.0426692087203264
12941,Antonio Nusa,2024,RasenBallsport Leipzig,Sub,25,1543,3,3,1.925663387402892,3.3718086406588554,24,20,0,0,3,1.925663387402892,8.197483662515879,4.192342787981033
