player_id,player_name,season,team,position,games,time,goals,assists,xG,xA,shots,key_passes,yellow,red,npg,npxG,xGChain,xGBuildup
12901,Antoniu Roca,2025,Espanyol,Sub,4,24,0,0,0.0981219783425331,0.0163562446832656,2,1,0,0,0,0.0981219783425331,1.4478003606200218,1.333322137594223
12901,Antoniu Roca,2024,Espanyol,Sub,26,1023,0,1,1.0565010253340006,1.204389225691557,10,7,3,0,0,1.0565010253340006,3.3538273815065622,1.111596254631877
