player_id,player_name,season,team,position,games,time,goals,assists,xG,xA,shots,key_passes,yellow,red,npg,npxG,xGChain,xGBuildup
6075,Antonio Sivera,2025,Alaves,GK,9,810,0,0,0,0.0,0,0,0,0,0,0,0.0967146614566445,0.0967146614566445
6075,Antonio Sivera,2024,Alaves,GK,32,2817,0,0,0,0.0350769869983196,0,1,6,1,0,0,0.7444533910602331,0.7093764003366232
6075,Antonio Sivera,2023,Alaves,GK,34,3060,0,0,0,0.0902358191087842,0,3,3,0,0,0,2.3123537227511406,2.232304647564888
6075,Antonio Sivera,2021,Alaves,GK,4,276,0,0,0,0.0,0,0,1,0,0,0,0.5626061856746674,0.5626061856746674
6075,Antonio Sivera,2020,Alaves,GK,1,72,0,0,0,0.0,0,0,0,0,0,0,0.0,0.0
6075,Antonio Sivera,2019,Alaves,GK,3,270,0,0,0,0.0,0,0,1,0,0,0,0.0,0.0
6075,Antonio Sivera,2018,Alaves,GK,3,270,0,0,0,0.0734504014253616,0,1,0,0,0,0,0.1125390008091926,0.039088599383831
6075,Antonio Sivera,2017,Alaves,GK,1,63,0,0,0,0.0,0,0,0,0,0,0,0.0,0.0
