player_id,player_name,season,team,position,games,time,goals,assists,xG,xA,shots,key_passes,yellow,red,npg,npxG,xGChain,xGBuildup
9970,Antonio Sánchez,2025,Mallorca,DMC,7,262,0,0,0.052534120157361,0.0,2,0,2,1,0,0.052534120157361,0.2426520511507988,0.2273206859827041
9970,Antonio Sánchez,2024,Mallorca,Sub,33,1353,0,0,1.2898992113769054,0.4207525495439768,17,5,3,0,0,1.2898992113769054,4.188069044612348,2.6425679912790656
9970,Antonio Sánchez,2023,Mallorca,Sub,29,1484,3,1,2.456588609144092,0.9946272429078816,23,12,3,0,3,2.456588609144092,4.210118742659688,1.4729171246290207
9970,Antonio Sánchez,2022,Mallorca,Sub,32,1047,0,0,0.8617023853585124,1.702910665422678,12,6,5,0,0,0.8617023853585124,3.808979894965887,1.7642582394182682
9970,Antonio Sánchez,2021,Mallorca,Sub,29,1642,1,0,1.6086714146658778,0.3847555983811617,18,9,4,0,1,1.6086714146658778,4.78723493590951,3.0813279086723924
