player_id,player_name,season,team,position,games,time,goals,assists,xG,xA,shots,key_passes,yellow,red,npg,npxG,xGChain,xGBuildup
7863,Antonio Puertas,2023,Granada,Sub,27,693,0,2,3.954187366180122,0.6933754212222993,19,10,2,1,0,2.46763217728585,4.047966557554901,1.5224014772102237
7863,Antonio Puertas,2021,Granada,FWR,33,2289,6,1,4.827212460339069,0.9439179934561251,33,18,4,0,6,4.827212460339069,6.739607891067863,3.300156267359853
7863,Antonio Puertas,2020,Granada,AMR,35,2157,3,5,3.473533194512129,1.9444546299055216,26,17,6,0,3,3.473533194512129,4.878873901441693,1.2824971992522478
7863,Antonio Puertas,2019,Granada,AMR,36,2569,7,3,7.171501301229,3.935793783515692,44,19,7,0,7,7.171501301229,11.956229452043772,3.0934787169098854
