player_id,player_name,season,team,position,games,time,goals,assists,xG,xA,shots,key_passes,yellow,red,npg,npxG,xGChain,xGBuildup
7412,Antonio Candela,2024,Venezia,DMR,14,1020,0,1,0.2107732538133859,0.8027737401425838,5,9,2,0,0,0.2107732538133859,2.94451604783535,2.0917825028300285
7412,Antonio Candela,2024,Real Valladolid,DR,12,935,0,0,0.0495657660067081,0.393362708389759,1,6,1,0,0,0.0495657660067081,1.2190991677343843,1.0097903609275818
