player_id,player_name,season,team,position,games,time,goals,assists,xG,xA,shots,key_passes,yellow,red,npg,npxG,xGChain,xGBuildup
11957,Antoine Makoumbou,2024,Cagliari,Sub,33,2189,0,3,0.1962309386581182,0.903908770531416,7,8,2,1,0,0.1962309386581182,8.027866251766682,7.405774045735598
11957,Antoine Makoumbou,2023,Cagliari,MC,32,2715,1,0,0.622934453189373,1.2004082184284923,8,15,3,2,1,0.622934453189373,6.938698309473693,5.549611383117735
