player_id,player_name,season,team,position,games,time,goals,assists,xG,xA,shots,key_passes,yellow,red,npg,npxG,xGChain,xGBuildup
6400,Antonio Martínez,2025,Alaves,FW,9,566,2,1,1.975836139172316,0.6223418563604355,17,3,0,0,2,1.975836139172316,1.4424811098724604,0.3608106411993503
6400,Antonio Martínez,2024,Alaves,Sub,28,965,4,0,3.818366212770343,0.6796954162418842,44,12,1,0,4,3.818366212770343,4.94347195327282,1.5181170348078012
