player_id,player_name,season,team,position,games,time,goals,assists,xG,xA,shots,key_passes,yellow,red,npg,npxG,xGChain,xGBuildup
6918,Anuar Mohamed,2024,Real Valladolid,Sub,26,1748,2,0,2.2580461110919714,1.1850194483995438,11,8,7,0,2,2.2580461110919714,6.01671346463263,2.9845049623399973
6918,Anuar Mohamed,2022,Real Valladolid,FWL,3,221,1,0,0.4649979956448078,0.508822999894619,3,4,1,0,1,0.4649979956448078,1.0036240220069883,0.0702511966228485
6918,Anuar Mohamed,2019,Real Valladolid,Sub,11,162,0,0,0.023048099130392,0.0,1,0,1,0,0,0.023048099130392,0.333726005628705,0.333726005628705
6918,Anuar Mohamed,2018,Real Valladolid,AMC,19,1081,1,0,2.9295815713703632,0.0731324004009366,10,2,6,0,1,2.9295815713703632,3.9648995297029614,1.4208815023303032
