player_id,player_name,season,team,position,games,time,goals,assists,xG,xA,shots,key_passes,yellow,red,npg,npxG,xGChain,xGBuildup
9090,Ardian Ismajli,2025,Torino,DC,4,265,0,0,0.0,0.1330792903900146,0,2,1,0,0,0.0,0.5335281044244766,0.400448814034462
9090,Ardian Ismajli,2024,Empoli,DC,29,2510,0,0,0.5098618930205703,0.0300749484449625,5,2,3,0,0,0.5098618930205703,2.167395389638841,2.15336153563112
9090,Ardian Ismajli,2023,Empoli,DC,26,2037,0,0,0.2571477051824331,0.0920417718589305,5,4,2,0,0,0.2571477051824331,4.935336872935295,4.919616490602493
9090,Ardian Ismajli,2022,Empoli,DC,25,2092,0,0,0.5891123935580254,0.2324898988008499,9,5,3,0,0,0.5891123935580254,3.007446203380823,2.906486313790083
9090,Ardian Ismajli,2021,Empoli,DC,20,1259,0,0,0.2098650997504592,0.1143381986767053,5,3,7,0,0,0.2098650997504592,3.980075173079968,3.928584661334753
9090,Ardian Ismajli,2020,Spezia,Sub,17,1294,1,1,0.668645323254168,0.6446983944624662,6,2,1,1,1,0.668645323254168,2.260973867960274,2.147380027920008
