player_id,player_name,season,team,position,games,time,goals,assists,xG,xA,shots,key_passes,yellow,red,npg,npxG,xGChain,xGBuildup
10248,Arijon Ibrahimovic,2025,FC Heidenheim,AMC,7,571,0,0,1.489374190568924,0.3640840481966734,14,10,0,0,0,1.489374190568924,1.8555736690759657,1.012980937026441
10248,Arijon Ibrahimovic,2024,Lazio,Sub,1,6,0,0,0.0620220825076103,0.0,2,0,0,0,0,0.0620220825076103,0.0620220825076103,0.0
10248,Arijon Ibrahimovic,2024,Bayern Munich,Sub,1,1,0,0,0.0,0.0,0,0,0,0,0,0.0,0.0,0.0
10248,Arijon Ibrahimovic,2023,Frosinone,Sub,16,463,1,1,0.77170505002141,1.1495994897559283,12,8,1,0,1,0.77170505002141,2.624185614287853,1.3404285721480846
10248,Arijon Ibrahimovic,2022,Bayern Munich,Sub,1,12,0,0,0.5974339842796326,0.0419234000146389,2,1,0,0,0,0.5974339842796326,1.175029993057251,0.5849249958992004
