player_id,player_name,season,team,position,games,time,goals,assists,xG,xA,shots,key_passes,yellow,red,npg,npxG,xGChain,xGBuildup
1583,Arkadiusz Milik,2023,Juventus,Sub,32,858,4,1,5.394047812558711,3.4170331433415413,36,15,2,1,4,5.394047812558711,8.824270950630307,1.2191411405801773
1583,Arkadiusz Milik,2022,Juventus,Sub,27,1592,7,1,7.238381337374449,2.151501553598792,43,17,1,1,7,6.477082502096891,7.983711875975132,2.689224686473608
1583,Arkadiusz Milik,2022,Marseille,FW,2,134,0,0,0.4667829871177673,0.3199659883975982,1,1,1,0,0,0.4667829871177673,0.7867479920387268,0.0
1583,Arkadiusz Milik,2021,Marseille,Sub,23,1420,7,2,7.300410691648722,2.3308215402066708,52,15,1,0,6,6.54031528159976,8.09117048792541,1.0996680986136198
1583,Arkadiusz Milik,2020,Marseille,Sub,15,1231,9,1,7.984824847429991,1.0393307991325855,46,8,2,0,6,5.704544056206942,6.928293405100703,1.5912337945774198
1583,Arkadiusz Milik,2019,Napoli,FW,26,1754,11,0,11.05553171224892,1.7729783356189728,68,21,5,0,11,11.05553171224892,14.795822352170944,3.90429331921041
1583,Arkadiusz Milik,2018,Napoli,FW,35,2403,17,3,14.078374031931162,3.235570015385747,111,37,4,0,17,14.078374031931162,19.81095814704895,5.698175901547074
1583,Arkadiusz Milik,2017,Napoli,FW,15,429,5,0,4.749126359820366,0.7803277149796486,23,7,2,0,5,4.749126359820366,5.839675612747669,0.6552999932318926
1583,Arkadiusz Milik,2016,Napoli,Sub,17,537,5,0,2.577785544097424,0.2057248018682003,22,6,1,0,5,2.577785544097424,3.673966590315104,1.6197655918076634
