player_id,player_name,season,team,position,games,time,goals,assists,xG,xA,shots,key_passes,yellow,red,npg,npxG,xGChain,xGBuildup
9350,Armindo Sieb,2025,Mainz 05,Sub,7,232,2,0,1.7727946024388077,0.3893043827265501,9,4,1,0,2,1.7727946024388077,2.303090833127498,0.1551908031105995
9350,Armindo Sieb,2024,Mainz 05,Sub,27,721,2,2,2.6843516025692225,1.592657197266817,29,9,2,0,2,2.6843516025692225,5.169475324451923,2.232672449201345
