player_id,player_name,season,team,position,games,time,goals,assists,xG,xA,shots,key_passes,yellow,red,npg,npxG,xGChain,xGBuildup
8066,Arnaut Danjuma Groeneveld,2025,Valencia,Sub,9,631,3,1,2.8836710304021835,0.4967503845691681,16,2,0,0,3,2.1403934210538864,2.7708344385027885,0.6013708114624023
8066,Arnaut Danjuma Groeneveld,2024,Girona,Sub,25,1343,2,0,3.7075294479727754,2.2522645704448223,30,23,2,0,2,3.7075294479727754,5.728608474135399,1.768932631239295
8066,Arnaut Danjuma Groeneveld,2024,Villarreal,FW,3,219,2,0,0.7095227837562561,0.0263745300471782,6,1,1,0,2,0.7095227837562561,0.8256123065948486,0.0897149741649627
8066,Arnaut Danjuma Groeneveld,2023,Everton,Sub,14,572,1,0,3.4230369105935097,0.8538514971733093,25,6,0,0,1,3.4230369105935097,4.255711138248444,0.0953724831342697
8066,Arnaut Danjuma Groeneveld,2022,Villarreal,Sub,10,476,2,0,3.002296168357134,0.3492829985916614,12,5,0,0,1,2.259016115218401,2.699472740292549,0.2311565056443214
8066,Arnaut Danjuma Groeneveld,2022,Tottenham,Sub,9,151,1,0,0.6234146766364574,0.0274659004062414,6,1,0,0,1,0.6234146766364574,1.085426764562726,0.4620120506733656
8066,Arnaut Danjuma Groeneveld,2021,Villarreal,Sub,23,1483,10,3,12.822505246847868,2.3936407063156366,62,15,2,0,7,10.59267522022128,14.406457994133234,2.95650140568614
8066,Arnaut Danjuma Groeneveld,2019,Bournemouth,Sub,14,614,0,0,1.048506997525692,0.163910299539566,13,5,0,0,0,1.048506997525692,1.204533277079463,0.2690832037478685
