player_id,player_name,season,team,position,games,time,goals,assists,xG,xA,shots,key_passes,yellow,red,npg,npxG,xGChain,xGBuildup
10949,Arnau Martinez,2025,Girona,DR,8,449,1,1,0.6060371994972229,0.0843455865979194,1,1,2,0,1,0.6060371994972229,1.0765511319041252,1.0765511319041252
10949,Arnau Martinez,2024,Girona,DR,32,2631,2,2,2.5853976234793663,1.9221024503931403,19,18,3,0,2,2.5853976234793663,10.227491691708565,8.097760723903775
10949,Arnau Martinez,2023,Girona,DR,21,1236,0,2,0.0670542269945144,1.7664639884606004,1,10,5,0,0,0.0670542269945144,8.931810360401869,8.252765346318483
10949,Arnau Martinez,2022,Girona,Sub,33,2749,3,4,1.6886277701705694,4.48092791903764,20,40,11,0,3,1.6886277701705694,10.637226743623614,7.622788103297353
