player_id,player_name,season,team,position,games,time,goals,assists,xG,xA,shots,key_passes,yellow,red,npg,npxG,xGChain,xGBuildup
13101,Arthur Chaves,2025,Hoffenheim,Sub,4,235,0,0,0.0133050791919231,0.0627545863389968,1,1,1,0,0,0.0133050791919231,0.484260618686676,0.4082009568810463
13101,Arthur Chaves,2024,Hoffenheim,Sub,26,2191,1,0,1.2545673847198486,0.0871454384177923,11,4,8,0,1,1.2545673847198486,5.241471809335053,5.125267985276878
