player_id,player_name,season,team,position,games,time,goals,assists,xG,xA,shots,key_passes,yellow,red,npg,npxG,xGChain,xGBuildup
6942,Arthur,2024,Girona,Sub,15,943,0,0,0.2702039405703544,0.1782594732940197,6,5,2,0,0,0.2702039405703544,1.3802417162805796,1.2591113429516554
6942,Arthur,2023,Fiorentina,DMC,33,2030,2,3,1.0155868381261826,1.9102045139297843,12,34,2,0,1,0.2542880047112703,9.552368685603142,8.295249164104462
6942,Arthur,2021,Juventus,Sub,20,938,0,0,0.1194669976830482,0.4900059914216399,2,6,3,0,0,0.1194669976830482,5.789945802651346,5.263425547629595
6942,Arthur,2020,Juventus,Sub,22,1154,1,0,0.1551183015108108,1.2139267399907112,3,17,3,0,1,0.1551183015108108,9.972213067114351,8.813323253765702
6942,Arthur,2019,Barcelona,Sub,21,1183,3,3,1.2024124013260007,1.738029133528471,8,12,1,0,3,1.2024124013260007,7.646251954138279,5.596952795982361
6942,Arthur,2018,Barcelona,Sub,27,1452,0,1,0.312620198354125,1.8131707236170769,6,14,2,0,0,0.312620198354125,11.39216503314674,10.496236825361848
