player_id,player_name,season,team,position,games,time,goals,assists,xG,xA,shots,key_passes,yellow,red,npg,npxG,xGChain,xGBuildup
11848,Attila Szalai,2023,Hoffenheim,DC,4,301,0,0,0.0074080373160541,0.6134751439094543,1,2,1,0,0,0.0074080373160541,1.2684993166476488,0.6476161498576403
11848,Attila Szalai,2023,Freiburg,Sub,3,92,0,0,0.0,0.1523107141256332,0,1,0,0,0,0.0,0.1523107141256332,0.1523107141256332
