player_id,player_name,season,team,position,games,time,goals,assists,xG,xA,shots,key_passes,yellow,red,npg,npxG,xGChain,xGBuildup
12955,Aurèle Amenda,2025,Eintracht Frankfurt,Sub,3,99,0,0,0.0496197938919067,0.0,1,0,2,0,0,0.0496197938919067,0.2198807038366794,0.1702609099447727
12955,Aurèle Amenda,2024,Eintracht Frankfurt,Sub,8,72,0,0,0.0526179745793342,0.4818203449249267,1,1,1,0,0,0.0526179745793342,0.9811453819274902,0.9811453819274902
