player_id,player_name,season,team,position,games,time,goals,assists,xG,xA,shots,key_passes,yellow,red,npg,npxG,xGChain,xGBuildup
934,Axel Tuanzebe,2025,Burnley,DC,2,180,0,0,0.0,0.0,0,0,0,0,0,0.0,0.0,0.0
934,Axel Tuanzebe,2024,Ipswich,DR,22,1731,0,1,0.3537554126232862,0.6262782029807568,4,5,3,1,0,0.3537554126232862,3.900601495057344,3.3178643696010117
934,Axel Tuanzebe,2021,Aston Villa,Sub,9,507,0,0,0.1548680998384952,0.0,2,0,1,0,0,0.1548680998384952,0.8887580037117004,0.8887580037117004
934,Axel Tuanzebe,2021,Napoli,Sub,1,7,0,0,0.0,0.0,0,0,0,0,0,0.0,0.0847342982888221,0.0847342982888221
934,Axel Tuanzebe,2020,Manchester United,Sub,9,401,0,0,0.0,0.0,0,0,2,0,0,0.0,1.0783615252003074,1.0783615252003074
934,Axel Tuanzebe,2019,Manchester United,Sub,5,186,0,0,0.0,0.0,0,0,0,0,0,0.0,0.1738492995500564,0.1738492995500564
934,Axel Tuanzebe,2017,Manchester United,Sub,1,1,0,0,0.0,0.0,0,0,0,0,0,0.0,0.0,0.0
934,Axel Tuanzebe,2016,Manchester United,MC,4,307,0,0,0.0403217989951372,0.0550887994468212,2,1,0,0,0,0.0403217989951372,0.27153430134058,0.2477843994274735
