player_id,player_name,season,team,position,games,time,goals,assists,xG,xA,shots,key_passes,yellow,red,npg,npxG,xGChain,xGBuildup
7268,Bafode Diakite,2025,Bournemouth,DC,7,630,0,0,0.0,0.0845660716295242,0,2,1,0,0,0.0,3.065394841134548,3.030458278954029
7268,Bafode Diakite,2024,Lille,DC,31,2770,4,1,2.7722266539931297,0.1240939646959304,16,3,6,1,4,2.7722266539931297,12.609161705709994,12.58065375778824
7268,Bafode Diakite,2023,Lille,DC,21,1695,5,2,2.9714528992772102,1.72285920009017,16,13,4,0,5,2.9714528992772102,5.852686842903495,5.478594264015555
7268,Bafode Diakite,2022,Lille,Sub,33,2655,3,0,1.289083165116608,0.8743011299520731,19,7,6,0,3,1.289083165116608,12.083228540606797,11.234259467571974
7268,Bafode Diakite,2019,Toulouse,DC,16,1368,2,0,2.450207768008113,0.0393389984965324,10,1,1,1,2,2.450207768008113,2.872857680544257,2.872857680544257
7268,Bafode Diakite,2018,Toulouse,DR,9,632,1,0,0.0790963023900985,0.0437579993158578,1,2,2,0,1,0.0790963023900985,1.006897907704115,0.96314000710845
