player_id,player_name,season,team,position,games,time,goals,assists,xG,xA,shots,key_passes,yellow,red,npg,npxG,xGChain,xGBuildup
13427,Bazoumana Touré,2025,Hoffenheim,ML,7,610,1,1,1.7636682502925396,0.7379736844450235,13,9,1,0,1,1.7636682502925396,2.724668212234974,0.3577330783009529
13427,Bazoumana Touré,2024,Hoffenheim,Sub,13,614,0,3,1.831130545586348,1.744708113372326,19,13,1,0,0,1.831130545586348,3.966055143624544,0.7440709657967091
