player_id,player_name,season,team,position,games,time,goals,assists,xG,xA,shots,key_passes,yellow,red,npg,npxG,xGChain,xGBuildup
11786,Becir Omeragic,2024,Montpellier,DC,22,1813,0,0,0.5606440333649516,0.2280519586056471,7,3,1,0,0,0.5606440333649516,3.637014091014862,3.4458152391016483
11786,Becir Omeragic,2023,Montpellier,Sub,28,2316,0,0,0.3198932567611336,0.8321256777271628,9,10,4,0,0,0.3198932567611336,4.197980768978596,3.985558643937111
