player_id,player_name,season,team,position,games,time,goals,assists,xG,xA,shots,key_passes,yellow,red,npg,npxG,xGChain,xGBuildup
10771,Ben Seghir,2025,Bayer Leverkusen,AMC,3,145,0,0,0.0321026630699634,1.20674866437912,1,5,2,0,0,0.0321026630699634,1.2117749452590942,0.0765648111701011
10771,Ben Seghir,2025,Monaco,Sub,2,40,0,0,0.0649819150567054,0.0,1,0,0,0,0,0.0649819150567054,0.0649819150567054,0.0
10771,Ben Seghir,2024,Monaco,ML,33,1759,6,3,6.456658259965479,4.817799216136336,62,32,0,0,4,4.9364679688587785,16.728613977320492,8.442925727926195
10771,Ben Seghir,2023,Monaco,Sub,13,404,2,1,0.8190818913280964,0.4249519109725952,14,5,0,1,2,0.8190818913280964,2.6896997578442097,1.6455016173422337
10771,Ben Seghir,2022,Monaco,Sub,19,1072,4,1,1.956197548657656,1.6264765989035368,21,14,1,0,4,1.956197548657656,6.153122834861279,3.0364242857322097
