player_id,player_name,season,team,position,games,time,goals,assists,xG,xA,shots,key_passes,yellow,red,npg,npxG,xGChain,xGBuildup
7689,Ben Godfrey,2024,Ipswich,DC,3,165,0,0,0.0,0.0,0,0,1,0,0,0.0,0.225624181330204,0.225624181330204
7689,Ben Godfrey,2024,Atalanta,Sub,1,21,0,0,0.0,0.0,0,0,0,0,0,0.0,0.0,0.0
7689,Ben Godfrey,2023,Everton,Sub,15,1131,0,0,2.1673798076808453,0.2029681168496608,15,3,2,0,0,2.1673798076808453,1.4282750822603705,1.147367212921381
7689,Ben Godfrey,2022,Everton,DC,13,799,0,1,0.7159480974078178,0.1486973017454147,6,3,2,0,0,0.7159480974078178,0.383764199912548,0.1242173947393894
7689,Ben Godfrey,2021,Everton,DC,23,2034,0,0,1.3012615218758583,0.7069949032738805,18,12,6,0,0,1.3012615218758583,2.775720400735736,2.278058306314051
7689,Ben Godfrey,2020,Everton,Sub,31,2682,0,2,0.7931147944182158,0.9784833025187254,14,4,4,0,0,0.7931147944182158,5.550381664186716,4.866148971021175
7689,Ben Godfrey,2019,Norwich,DC,30,2649,0,0,0.8582229670137167,0.0743105020374059,15,3,3,1,0,0.8582229670137167,6.353032384999096,6.246153076179326
