player_id,player_name,season,team,position,games,time,goals,assists,xG,xA,shots,key_passes,yellow,red,npg,npxG,xGChain,xGBuildup
11864,Benedikt Gimber,2025,FC Heidenheim,DC,5,304,0,0,0.0,0.0,0,0,1,0,0,0.0,0.3436769694089889,0.3436769694089889
11864,Benedikt Gimber,2024,FC Heidenheim,DC,32,2697,0,0,0.7796229459345341,0.506980687379837,13,3,9,0,0,0.7796229459345341,2.0051460545510054,1.754845978692174
11864,Benedikt Gimber,2023,FC Heidenheim,DC,24,2042,1,1,1.8804494012147188,1.1915506273508072,18,3,9,0,1,1.8804494012147188,1.7814466711133718,1.524864973500371
