player_id,player_name,season,team,position,games,time,goals,assists,xG,xA,shots,key_passes,yellow,red,npg,npxG,xGChain,xGBuildup
5041,Benito Ramírez,2024,Las Palmas,Sub,19,431,0,0,0.3132398314774036,0.9064611420035362,10,13,2,1,0,0.3132398314774036,1.999934496358037,1.3046182934194803
5041,Benito Ramírez,2023,Las Palmas,Sub,20,331,1,1,0.4952068980783224,0.4986361414194107,10,2,0,0,1,0.4952068980783224,1.859892396256328,1.0042459890246391
5041,Benito Ramírez,2017,Las Palmas,Sub,4,163,0,0,0.0227774009108543,0.1233482025563716,1,3,0,0,0,0.0227774009108543,0.1811507046222686,0.0525553002953529
5041,Benito Ramírez,2016,Las Palmas,Sub,2,13,0,0,0.0,0.0,0,0,0,0,0,0.0,0.0,0.0
