player_id,player_name,season,team,position,games,time,goals,assists,xG,xA,shots,key_passes,yellow,red,npg,npxG,xGChain,xGBuildup
13061,Benjamín Domínguez,2025,Bologna,AML,3,90,0,1,0.2007929384708404,0.0531285889446735,2,2,0,0,0,0.2007929384708404,0.987947503104806,0.7603819593787193
13061,Benjamín Domínguez,2024,Bologna,AML,24,1309,3,2,2.4306969847530127,0.7319683395326138,30,10,0,0,3,2.4306969847530127,6.142895981669426,3.652416937053204
