player_id,player_name,season,team,position,games,time,goals,assists,xG,xA,shots,key_passes,yellow,red,npg,npxG,xGChain,xGBuildup
12039,Bertug Yildirim,2025,Rennes,Sub,1,1,0,0,0.0,0.1205417215824127,0,1,0,0,0,0.0,0.1205417215824127,0.1205417215824127
12039,Bertug Yildirim,2024,Getafe,FW,22,1101,1,0,2.605826680548489,1.1420183782465756,19,9,7,0,1,2.605826680548489,3.125240233261138,0.1250734888017177
12039,Bertug Yildirim,2023,Rennes,Sub,21,411,0,1,1.4484275393188,0.5712480749934912,9,4,3,0,0,1.4484275393188,1.7288285419344902,0.5775931160897017
