player_id,player_name,season,team,position,games,time,goals,assists,xG,xA,shots,key_passes,yellow,red,npg,npxG,xGChain,xGBuildup
7988,Billy Gilmour,2025,Napoli,Sub,6,200,1,0,0.1722214184701442,0.1574264876544475,2,3,0,0,1,0.1722214184701442,1.7438474521040916,1.4666864536702633
7988,Billy Gilmour,2024,Napoli,Sub,26,1161,0,1,0.6270224712789059,1.503951701335609,9,21,0,0,0,0.6270224712789059,8.001585158519447,6.564580678939819
7988,Billy Gilmour,2024,Brighton,Sub,2,94,0,0,0.0845430567860603,0.0,1,0,0,0,0,0.0845430567860603,1.1755258962512016,1.1755258962512016
7988,Billy Gilmour,2023,Brighton,Sub,30,2154,0,1,0.7286842339672148,2.0903379926458,25,22,8,1,0,0.7286842339672148,17.74679738096893,16.257044926285744
7988,Billy Gilmour,2022,Brighton,Sub,14,515,0,1,0.3644320666790008,0.3617988973855972,6,2,1,0,0,0.3644320666790008,4.023554973304272,3.337106022983789
7988,Billy Gilmour,2021,Norwich,MC,24,1864,0,1,0.8399608237668872,1.0502577098086476,18,25,2,0,0,0.8399608237668872,4.431802229955792,3.5529233319684863
7988,Billy Gilmour,2020,Chelsea,Sub,5,256,0,0,0.0511342994868755,0.1236583013087511,1,3,0,0,0,0.0511342994868755,0.5436723902821541,0.4064304009079933
7988,Billy Gilmour,2019,Chelsea,Sub,6,190,0,0,0.0284273996949195,0.1880254000425338,1,4,0,0,0,0.0284273996949195,1.926146686077118,1.738118976354599
