player_id,player_name,season,team,position,games,time,goals,assists,xG,xA,shots,key_passes,yellow,red,npg,npxG,xGChain,xGBuildup
6827,Bobby Reid,2024,Leicester,AML,23,729,1,2,0.667118170298636,1.0936873592436314,7,6,2,0,1,0.667118170298636,1.5033471286296844,0.7257871571928263
6827,Bobby Reid,2023,Fulham,Sub,33,1431,6,2,5.469232198782265,1.5773739200085402,33,17,4,0,6,5.469232198782265,6.414783387444913,1.6770686488598583
6827,Bobby Reid,2022,Fulham,AML,36,2511,4,1,4.226093959063292,1.5008238069713116,31,18,8,0,4,4.226093959063292,8.135475918650627,3.868883727118373
6827,Bobby Reid,2020,Fulham,Sub,33,2394,5,2,4.269856670405716,1.3096999023109674,34,14,7,0,5,4.269856670405716,8.202641465235502,3.1313828574493527
6827,Bobby Reid,2018,Cardiff,FW,27,1414,5,2,3.8045920468866825,1.0588727127760649,27,16,0,0,4,3.0434270836412907,4.874459708109498,2.0066753327846527
