player_id,player_name,season,team,position,games,time,goals,assists,xG,xA,shots,key_passes,yellow,red,npg,npxG,xGChain,xGBuildup
6310,Boubakary Soumare,2024,Leicester,Sub,31,2182,0,0,0.2561326660215854,0.3478336622938514,7,10,8,0,0,0.2561326660215854,7.107237534597516,6.826774168759584
6310,Boubakary Soumare,2023,Sevilla,Sub,28,2289,0,1,0.0227503608912229,1.038184255361557,1,8,10,0,0,0.0227503608912229,6.839430097490549,5.843111161142588
6310,Boubakary Soumare,2022,Leicester,DMC,26,1640,0,0,0.0206572990864515,0.2854275647550821,1,11,9,0,0,0.0206572990864515,3.210264626890421,3.0059440191835165
6310,Boubakary Soumare,2021,Leicester,Sub,19,1102,0,1,0.3298372942954302,0.2856833077967167,6,6,0,0,0,0.3298372942954302,3.370994893833995,3.0025111604481936
6310,Boubakary Soumare,2020,Lille,Sub,32,1913,0,1,0.138233988545835,0.6226277034729719,8,13,3,0,0,0.138233988545835,6.062693300656974,5.585764261893928
6310,Boubakary Soumare,2019,Lille,DMC,20,1220,0,0,0.009654140099883,0.6398844104260206,1,12,0,2,0,0.009654140099883,2.1218212004750967,1.8846510089933872
6310,Boubakary Soumare,2018,Lille,Sub,18,532,1,1,0.8492901911959052,0.4492464885115623,3,5,3,0,1,0.8492901911959052,3.618255427107215,3.158542474731803
6310,Boubakary Soumare,2017,Lille,Sub,14,488,0,0,0.0,0.1416203007102012,0,3,1,0,0,0.0,1.988043101504445,1.846422800794244
