player_id,player_name,season,team,position,games,time,goals,assists,xG,xA,shots,key_passes,yellow,red,npg,npxG,xGChain,xGBuildup
5789,Boubacar Kamara,2025,Aston Villa,DMC,6,380,0,2,0.1888688700273633,0.225462257862091,2,4,1,0,0,0.1888688700273633,0.7506012283265591,0.6088191531598568
5789,Boubacar Kamara,2024,Aston Villa,Sub,26,1744,1,0,0.7928520627319813,0.901398416608572,10,11,2,0,1,0.7928520627319813,7.008257182314992,5.887418569996953
5789,Boubacar Kamara,2023,Aston Villa,DMC,20,1686,0,1,0.1435272945091128,1.0960499802604318,5,20,7,1,0,0.1435272945091128,9.230381686240436,8.439194424077868
5789,Boubacar Kamara,2022,Aston Villa,MC,24,1790,0,1,0.0835402803495526,0.6932991156354547,4,7,4,0,0,0.0835402803495526,4.049316678196192,3.758611302822828
5789,Boubacar Kamara,2021,Marseille,DMC,34,2784,1,0,0.7872199956327677,2.903287030756473,22,24,5,0,1,0.7872199956327677,11.872783919796348,10.90873551927507
5789,Boubacar Kamara,2020,Marseille,MC,35,2917,0,2,0.6579550988972187,1.765190502628684,19,26,6,0,0,0.6579550988972187,12.283040154725311,11.32936018705368
5789,Boubacar Kamara,2019,Marseille,DC,24,2142,1,2,0.5099027082324028,0.2952471058815717,15,7,7,1,1,0.5099027082324028,5.760385589674115,5.55130710080266
5789,Boubacar Kamara,2018,Marseille,DC,31,2412,1,0,1.166077426634729,0.2402824014425277,11,7,6,0,1,1.166077426634729,5.5920717576518655,5.309707699343562
5789,Boubacar Kamara,2017,Marseille,Sub,6,456,0,1,0.1465270072221756,0.0951168984174728,2,1,1,0,0,0.1465270072221756,1.973184019327164,1.8780670166015625
