player_id,player_name,season,team,position,games,time,goals,assists,xG,xA,shots,key_passes,yellow,red,npg,npxG,xGChain,xGBuildup
7224,Boulaye Dia,2025,Lazio,Sub,7,380,1,0,1.85252183675766,0.017244528979063,4,1,0,0,1,1.85252183675766,1.5997739434242249,0.394356744363904
7224,Boulaye Dia,2024,Lazio,AMC,35,2220,9,3,6.899342581629753,4.609769284725189,39,26,2,0,9,6.899342581629753,14.7047260357067,6.049787209369242
7224,Boulaye Dia,2023,Salernitana,Sub,17,1134,4,0,4.597895558923483,0.5252823103219271,29,10,1,0,3,3.8365967236459255,4.8020573407411575,0.8395658656954765
7224,Boulaye Dia,2022,Salernitana,Sub,33,2532,16,6,9.1223160084337,2.565659542568028,48,35,3,0,15,8.361017173156142,12.28598351869732,2.865780700929463
7224,Boulaye Dia,2021,Villarreal,FW,25,1264,5,5,5.256488427519798,2.463763888925314,37,16,3,0,5,5.256488427519798,10.02333758585155,2.6894341986626387
7224,Boulaye Dia,2020,Reims,FW,36,2974,14,1,13.288510190322995,2.0092017725110054,63,29,2,0,9,9.48803267814219,13.300802014768124,2.334695778787136
7224,Boulaye Dia,2019,Reims,FW,24,1818,7,1,5.637142688035965,2.9208235684782267,38,29,0,0,6,4.877048071473837,7.844225335866213,1.946736928075552
7224,Boulaye Dia,2018,Reims,Sub,18,751,3,0,3.8043941408395767,0.9130573850125074,20,7,2,0,3,3.8043941408395767,3.82600230909884,1.080747733823955
