player_id,player_name,season,team,position,games,time,goals,assists,xG,xA,shots,key_passes,yellow,red,npg,npxG,xGChain,xGBuildup
10016,Bradley Barcola,2025,Paris Saint Germain,FWL,7,480,4,0,3.1618379652500157,0.4420288018882274,18,8,1,0,4,3.1618379652500157,3.1830618381500244,0.9056808687746524
10016,Bradley Barcola,2024,Paris Saint Germain,Sub,34,2223,14,10,15.342696774750948,9.934232400730252,74,50,2,0,14,15.342696774750948,34.758061334490776,14.240355039946737
10016,Bradley Barcola,2023,Paris Saint Germain,Sub,25,1395,4,7,5.53139634244144,5.364662956446409,31,28,1,1,4,5.53139634244144,14.121579185128212,5.131918800994754
10016,Bradley Barcola,2023,Lyon,AMR,3,270,0,0,0.0560029335319995,0.4253822639584541,2,4,0,0,0,0.0560029335319995,0.5765312686562538,0.1339376270771026
10016,Bradley Barcola,2022,Lyon,Sub,26,1431,5,8,4.831349156796932,5.332289844751358,27,25,3,0,5,4.831349156796932,11.858489392325282,3.262598725035786
10016,Bradley Barcola,2021,Lyon,Sub,11,242,0,1,0.6266350150108337,0.7348288930952549,5,6,0,0,0,0.6266350150108337,2.2382423682138324,0.935233405791223
