player_id,player_name,season,team,position,games,time,goals,assists,xG,xA,shots,key_passes,yellow,red,npg,npxG,xGChain,xGBuildup
11310,Brajan Gruda,2025,Brighton,Sub,7,211,1,1,1.49709627404809,0.7015039464458823,9,4,0,0,1,1.49709627404809,3.153771422803402,0.9551711678504944
11310,Brajan Gruda,2024,Brighton,Sub,21,684,1,4,1.0134435147047045,2.2726940251886845,11,23,0,0,1,1.0134435147047045,3.96596534922719,1.7325535658746958
11310,Brajan Gruda,2023,Mainz 05,Sub,28,1671,4,3,4.42372371070087,5.52777498960495,30,43,5,0,4,4.42372371070087,15.224408596754074,6.060056267306209
11310,Brajan Gruda,2022,Mainz 05,Sub,2,2,0,0,0.0,0.0,0,0,0,0,0,0.0,0.022376200184226,0.022376200184226
