player_id,player_name,season,team,position,games,time,goals,assists,xG,xA,shots,key_passes,yellow,red,npg,npxG,xGChain,xGBuildup
8639,Brandon Soppy,2023,Torino,Sub,5,173,0,0,0.0183064453303813,0.0406885482370853,1,1,0,0,0,0.0183064453303813,0.441145472228527,0.441145472228527
8639,Brandon Soppy,2022,Atalanta,DML,15,648,0,3,0.3278817161917686,1.926237748004496,7,11,2,0,0,0.3278817161917686,3.73513066675514,1.9474483178928492
8639,Brandon Soppy,2022,Udinese,DMR,1,90,0,0,0.055095300078392,0.1141410022974014,2,2,1,0,0,0.055095300078392,0.2075610011816024,0.1243460029363632
8639,Brandon Soppy,2021,Udinese,Sub,28,741,0,0,0.420774407684803,0.2742531932890415,6,6,4,0,0,0.420774407684803,1.361160491593182,0.8348646881058812
8639,Brandon Soppy,2020,Rennes,Sub,10,554,0,0,0.1760993972420692,0.1476475000381469,5,2,1,0,0,0.1760993972420692,2.994223430752754,2.7219235002994537
