player_id,player_name,season,team,position,games,time,goals,assists,xG,xA,shots,key_passes,yellow,red,npg,npxG,xGChain,xGBuildup
8327,Bruno Guimarães,2025,Newcastle United,MC,7,630,2,0,0.7151459939777851,0.3364209122955799,8,7,2,0,2,0.7151459939777851,2.174262411892414,1.2029556557536123
8327,Bruno Guimarães,2024,Newcastle United,MC,38,3321,5,6,4.702356463298202,6.579319527372718,45,52,7,0,5,4.702356463298202,20.815922878682613,14.020939897745848
8327,Bruno Guimarães,2023,Newcastle United,MC,37,3292,7,8,4.978310074657202,7.888791332021356,48,62,8,0,7,4.978310074657202,23.880530774593357,18.56961396895349
8327,Bruno Guimarães,2022,Newcastle United,MC,32,2762,4,5,2.726729958318174,3.806102696806192,28,42,7,0,4,2.726729958318174,16.498836187645793,13.379123143851755
8327,Bruno Guimarães,2021,Lyon,MC,20,1650,0,3,0.8509469665586948,3.936435665935278,11,35,2,0,0,0.8509469665586948,10.588894065469503,7.132685329765081
8327,Bruno Guimarães,2021,Newcastle United,Sub,17,1031,5,1,4.093199659138918,1.7428607121109962,23,12,4,0,5,4.093199659138918,5.316410129889846,2.585114572197199
8327,Bruno Guimarães,2020,Lyon,MC,33,1760,3,1,2.5404999451711774,1.969157222658396,27,18,6,0,2,1.7804038720205426,13.717924859374762,10.533151436597109
8327,Bruno Guimarães,2019,Lyon,MC,3,270,0,0,0.0746387019753456,0.3657828047871589,2,5,1,0,0,0.0746387019753456,1.1248309761285782,1.0398009717464447
