player_id,player_name,season,team,position,games,time,goals,assists,xG,xA,shots,key_passes,yellow,red,npg,npxG,xGChain,xGBuildup
6552,Bryan Mbeumo,2025,Manchester United,AMC,8,703,2,1,2.958664059638977,1.6853606589138508,20,13,0,0,2,2.958664059638977,4.99159187823534,1.2591263595968485
6552,Bryan Mbeumo,2024,Brentford,FWR,38,3419,20,7,13.63216146454215,10.376488702371716,86,70,3,0,15,9.06514835730195,24.377113293856382,9.351834732107818
6552,Bryan Mbeumo,2023,Brentford,FW,25,1954,9,6,9.158370908349752,5.14017678797245,53,32,2,0,6,6.874864336103201,15.155989956110716,6.123919734731317
6552,Bryan Mbeumo,2022,Brentford,FWR,38,2991,9,8,10.100785619579256,7.65799580514431,71,52,5,0,8,9.339616828598082,17.531262825243175,5.165040111169219
6552,Bryan Mbeumo,2021,Brentford,FW,35,2934,4,7,9.805259482935073,3.957220805808902,77,34,4,0,3,9.044090459123254,17.78692425787449,6.478674702346325
6552,Bryan Mbeumo,2017,Troyes,Sub,4,56,0,0,0.0746561009436845,0.0,3,0,0,0,0,0.0746561009436845,0.0445817001163959,0.0
