player_id,player_name,season,team,position,games,time,goals,assists,xG,xA,shots,key_passes,yellow,red,npg,npxG,xGChain,xGBuildup
13323,Budu Zivzivadze,2025,FC Heidenheim,FW,4,205,0,0,1.5294257402420044,0.0382453650236129,5,1,0,1,0,1.5294257402420044,1.667183741927147,0.1296592950820922
13323,Budu Zivzivadze,2024,FC Heidenheim,FW,15,947,2,2,1.8620241470634935,2.291006725281477,22,13,0,0,2,1.8620241470634935,4.867508262395859,1.6242151632905006
