player_id,player_name,season,team,position,games,time,goals,assists,xG,xA,shots,key_passes,yellow,red,npg,npxG,xGChain,xGBuildup
7333,Caleb Okoli,2024,Leicester,DC,19,1113,1,0,0.8699327614158392,0.0,4,0,4,0,1,0.8699327614158392,2.478840259835124,2.460140427574516
7333,Caleb Okoli,2023,Frosinone,Sub,34,2908,0,1,0.6606414467096329,0.7082394063472748,13,5,9,0,0,0.6606414467096329,5.585356507450342,5.5629331804811954
7333,Caleb Okoli,2022,Atalanta,DC,17,944,0,0,0.7267578430473804,0.0,7,0,2,0,0,0.7267578430473804,2.9623250141739845,2.679384171962738
