player_id,player_name,season,team,position,games,time,goals,assists,xG,xA,shots,key_passes,yellow,red,npg,npxG,xGChain,xGBuildup
9843,Caleb Ekuban,2025,Genoa,Sub,6,175,1,0,0.7160510942339897,0.4902010671794414,6,4,0,0,1,0.7160510942339897,1.4806008022278547,0.2743486687541008
9843,Caleb Ekuban,2024,Genoa,Sub,18,526,1,3,3.429166266694665,0.8587063550949097,18,8,1,0,1,3.429166266694665,3.8718484360724688,0.7761340718716383
9843,Caleb Ekuban,2023,Genoa,Sub,29,1104,4,1,3.069615147076547,1.6045123357325792,26,15,0,0,4,3.069615147076547,4.363434009253979,0.6763226184993982
9843,Caleb Ekuban,2021,Genoa,FW,30,1712,1,2,3.9616252947598696,2.6464822944253683,38,17,2,0,1,3.9616252947598696,6.922296969220042,1.44890009239316
