player_id,player_name,season,team,position,games,time,goals,assists,xG,xA,shots,key_passes,yellow,red,npg,npxG,xGChain,xGBuildup
9912,Cameron Archer,2024,Southampton,Sub,35,1409,2,0,6.92764007486403,0.4734852155670523,29,6,0,0,2,6.166471207514405,7.4672291576862335,1.9211225835606456
9912,Cameron Archer,2023,Sheffield United,FW,29,1869,4,1,5.785084556788206,2.983854740858078,41,24,1,0,4,5.785084556788206,9.17532782163471,1.594775709323585
9912,Cameron Archer,2023,Aston Villa,Sub,1,1,0,0,0.0,0.0,0,0,1,0,0,0.0,0.0,0.0
9912,Cameron Archer,2022,Aston Villa,Sub,6,31,0,0,0.0,0.0,0,0,0,0,0,0.0,0.0,0.0
9912,Cameron Archer,2021,Aston Villa,Sub,3,20,0,0,0.0282422993332147,0.0,1,0,0,0,0,0.0282422993332147,0.0597288012504577,0.0314865000545978
