player_id,player_name,season,team,position,games,time,goals,assists,xG,xA,shots,key_passes,yellow,red,npg,npxG,xGChain,xGBuildup
12294,Carlos Vicente,2025,Alaves,MR,9,624,3,0,2.3867382910102606,1.17170643620193,6,10,0,0,0,0.1569054629653692,1.3733782600611448,0.4767807312309742
12294,Carlos Vicente,2024,Alaves,DR,37,3114,5,5,3.139239792712033,6.42431272752583,37,62,3,0,4,2.3959621535614133,8.250345922075212,2.7149507738649845
12294,Carlos Vicente,2023,Alaves,Sub,18,1125,2,4,2.099360242486,4.537976810708642,15,33,1,0,2,2.099360242486,5.820134531706572,0.6914112120866776
