player_id,player_name,season,team,position,games,time,goals,assists,xG,xA,shots,key_passes,yellow,red,npg,npxG,xGChain,xGBuildup
7864,Carlos Neva,2023,Granada,DL,36,3180,0,2,0.1293451897799968,3.277485676109791,4,21,4,0,0,0.1293451897799968,7.631473049055785,5.563596080522984
7864,Carlos Neva,2021,Granada,DL,26,2124,0,0,1.021788620389998,0.9545627925544976,6,13,1,0,0,1.021788620389998,3.482355894520879,1.817727115936577
7864,Carlos Neva,2020,Granada,DL,22,1806,0,0,0.7145009050145745,0.271553598344326,8,6,1,0,0,0.7145009050145745,2.710523383691907,1.791442185640335
7864,Carlos Neva,2019,Granada,DL,26,2230,0,1,1.0812716148793695,1.5118762739002705,8,10,2,0,0,1.0812716148793695,6.142814829945564,4.52811598405242
