player_id,player_name,season,team,position,games,time,goals,assists,xG,xA,shots,key_passes,yellow,red,npg,npxG,xGChain,xGBuildup
9356,Carney Chukwuemeka,2025,Borussia Dortmund,Sub,4,70,0,0,0.1279257535934448,0.1280488818883896,1,1,0,0,0,0.1279257535934448,0.7255734652280807,0.59752456843853
9356,Carney Chukwuemeka,2024,Borussia Dortmund,Sub,10,231,1,0,0.8316291533410549,0.6901883706450462,8,7,1,0,1,0.8316291533410549,4.0000030770897865,2.8219908848404884
9356,Carney Chukwuemeka,2023,Chelsea,AMC,9,219,1,1,0.1176121979951858,0.2483895514160394,3,5,2,0,1,0.1176121979951858,0.4714575037360191,0.1054557431489229
9356,Carney Chukwuemeka,2022,Chelsea,Sub,14,323,0,0,0.2807844597846269,0.5179743207991123,5,8,0,0,0,0.2807844597846269,2.4493823647499084,1.887391667813063
9356,Carney Chukwuemeka,2021,Aston Villa,MC,12,266,0,1,0.6268898099660873,0.9877786859869956,4,2,0,0,0,0.6268898099660873,2.198258690536022,0.676293196156621
9356,Carney Chukwuemeka,2020,Aston Villa,Sub,2,16,0,0,0.0560439005494117,0.0,1,0,0,0,0,0.0560439005494117,0.0560439005494117,0.0
