player_id,player_name,season,team,position,games,time,goals,assists,xG,xA,shots,key_passes,yellow,red,npg,npxG,xGChain,xGBuildup
10433,Cesare Casadei,2025,Torino,MC,7,559,0,0,1.1471107751131058,0.4987382190302014,8,7,1,0,0,1.1471107751131058,3.48018666729331,2.958501363173127
10433,Cesare Casadei,2024,Torino,Sub,15,1030,1,1,1.2500655204057691,0.3901698719710111,14,7,1,0,1,1.2500655204057691,3.119248924776912,1.903520254418254
10433,Cesare Casadei,2023,Chelsea,Sub,11,48,0,0,0.0,0.1186848040670156,0,2,0,0,0,0.0,0.1853423323482275,0.0880566667765379
