player_id,player_name,season,team,position,games,time,goals,assists,xG,xA,shots,key_passes,yellow,red,npg,npxG,xGChain,xGBuildup
849,Chancel Mbemba,2025,Lille,Sub,3,224,0,0,0.0381734147667884,0.0101233469322323,1,1,2,0,0,0.0381734147667884,0.9041022956371308,0.9041022956371308
849,Chancel Mbemba,2023,Marseille,DC,25,2213,2,2,1.8016112111508849,0.9920555800199508,19,7,1,0,2,1.8016112111508849,8.687920725438744,8.569199843797833
849,Chancel Mbemba,2022,Marseille,DC,36,2850,5,0,3.730300398543477,0.6017956919968128,27,6,2,0,5,3.730300398543477,11.160157611593604,10.150980548933148
849,Chancel Mbemba,2017,Newcastle United,Sub,9,673,0,0,0.0,0.6038043815642595,0,4,0,0,0,0.0,1.096686489880085,0.9644999951124192
849,Chancel Mbemba,2015,Newcastle United,DC,33,2923,0,0,0.7767010671086609,0.2683054096996784,12,4,5,0,0,0.7767010671086609,4.485577578656375,4.202229606918991
