player_id,player_name,season,team,position,games,time,goals,assists,xG,xA,shots,key_passes,yellow,red,npg,npxG,xGChain,xGBuildup
10877,Charles De Ketelaere,2025,Atalanta,AMC,5,367,2,0,0.806104738265276,1.730446072295308,7,13,1,0,2,0.806104738265276,4.58154484629631,2.3338854908943176
10877,Charles De Ketelaere,2024,Atalanta,FW,36,2092,7,7,9.455427888780832,6.690482780337334,48,39,1,0,7,9.455427888780832,21.813689198344942,11.468675585463645
10877,Charles De Ketelaere,2023,Atalanta,Sub,35,2064,10,8,7.576863840222359,7.673456937074661,45,49,1,0,9,6.815564997494221,17.62094940803945,7.474469909444451
10877,Charles De Ketelaere,2022,AC Milan,Sub,32,1071,0,1,2.647942738607526,2.665880348533392,19,20,2,0,0,2.647942738607526,9.00316684693098,4.739595953375101
