player_id,player_name,season,team,position,games,time,goals,assists,xG,xA,shots,key_passes,yellow,red,npg,npxG,xGChain,xGBuildup
3655,Charles Traore,2022,Nantes,Sub,12,480,0,0,0.0,0.5275723747909069,0,2,2,0,0,0.0,1.0818328149616718,0.5778577998280525
3655,Charles Traore,2021,Nantes,Sub,16,715,0,0,0.0,0.0,0,0,3,0,0,0.0,1.4707997888326645,1.4707997888326645
3655,Charles Traore,2020,Nantes,DL,22,1701,1,0,0.2367064347490668,0.2212511012330651,4,5,6,0,1,0.2367064347490668,1.287214543670416,1.000676796771586
3655,Charles Traore,2019,Nantes,DL,20,1749,0,1,0.091080498881638,0.3153054472059011,5,9,3,0,0,0.091080498881638,4.128068712539971,3.809802995063365
3655,Charles Traore,2018,Nantes,DL,13,1166,0,0,0.1460092030465603,1.0835801810026169,7,6,3,0,0,0.1460092030465603,2.199664309620857,1.0532965138554573
3655,Charles Traore,2017,Troyes,DL,34,2998,0,3,0.364437845069915,3.273049492388964,10,20,8,1,0,0.364437845069915,6.724579988047481,5.239441852085292
3655,Charles Traore,2015,Troyes,DL,5,450,0,0,0.033950600773096,0.4437543153762817,1,2,1,0,0,0.033950600773096,0.629007913172245,0.185996800661087
