player_id,player_name,season,team,position,games,time,goals,assists,xG,xA,shots,key_passes,yellow,red,npg,npxG,xGChain,xGBuildup
6044,Charlie Taylor,2024,Southampton,Sub,8,341,0,0,0.0,0.055130336433649,0,1,1,0,0,0.0,0.7140172049403191,0.6588868722319603
6044,Charlie Taylor,2023,Burnley,DL,28,2336,1,1,0.2403556806966662,1.883366331458092,10,15,8,0,1,0.2403556806966662,4.918537275865674,4.101939328014851
6044,Charlie Taylor,2021,Burnley,DL,31,2729,0,3,0.193946810439229,3.419749892316758,7,20,3,0,0,0.193946810439229,6.872189286164939,4.554764634929597
6044,Charlie Taylor,2020,Burnley,DL,29,2430,0,1,0.1145160952582955,1.5903598181903362,3,12,1,0,0,0.1145160952582955,4.609694300219417,4.193466728553176
6044,Charlie Taylor,2019,Burnley,Sub,24,1938,0,1,0.0140062998980283,0.8630970446392894,1,12,3,0,0,0.0140062998980283,3.4987696604803205,3.2500410806387663
6044,Charlie Taylor,2018,Burnley,Sub,38,3238,0,1,0.1090201986953616,1.4475770257413387,6,11,2,0,0,0.1090201986953616,4.402467817999423,3.860330981202424
6044,Charlie Taylor,2017,Burnley,Sub,11,950,0,0,0.0,0.1551053971052169,0,4,3,0,0,0.0,0.9744249004870652,0.8193196002393961
