player_id,player_name,season,team,position,games,time,goals,assists,xG,xA,shots,key_passes,yellow,red,npg,npxG,xGChain,xGBuildup
8666,Cheick Oumar Doucoure,2024,Crystal Palace,Sub,13,439,0,0,0.3654052410274744,0.0139362784102559,7,1,1,0,0,0.3654052410274744,3.558414466679096,3.280975388363004
8666,Cheick Oumar Doucoure,2023,Crystal Palace,DMC,11,926,0,0,0.1988849276676774,0.7361565185710788,6,10,2,0,0,0.1988849276676774,3.296035975217819,2.666292503476143
8666,Cheick Oumar Doucoure,2022,Crystal Palace,DMC,34,2825,0,3,0.9975933516398072,2.030144080519676,36,26,8,1,0,0.9975933516398072,8.899869498796761,7.775504394434392
8666,Cheick Oumar Doucoure,2021,Lens,MC,34,2956,1,4,1.1572474595159292,3.5794383669272065,31,42,7,1,1,1.1572474595159292,15.85923034697771,12.209588970988989
8666,Cheick Oumar Doucoure,2020,Lens,MC,33,2643,2,1,1.0969556868076324,1.1435866877436638,35,26,8,0,2,1.0969556868076324,13.023362454026936,11.366766106337309
