player_id,player_name,season,team,position,games,time,goals,assists,xG,xA,shots,key_passes,yellow,red,npg,npxG,xGChain,xGBuildup
13078,Chema Andres,2025,VfB Stuttgart,Sub,5,302,1,0,0.6685897409915924,0.1109104016795754,4,4,0,0,1,0.6685897409915924,2.460317999124527,2.235023528337478
13078,Chema Andres,2024,Real Madrid,Sub,2,4,0,0,0.0,0.0,0,0,0,0,0,0.0,0.0739360153675079,0.0739360153675079
