player_id,player_name,season,team,position,games,time,goals,assists,xG,xA,shots,key_passes,yellow,red,npg,npxG,xGChain,xGBuildup
6017,Chidozie Awaziem,2025,Nantes,DC,8,720,0,0,0.0850666239857673,0.1638094745576381,1,3,4,0,0,0.0850666239857673,1.591863615438342,1.428054140880704
6017,Chidozie Awaziem,2019,Leganes,DC,26,1988,0,0,0.591315496712923,0.262893496081233,11,5,9,0,0,0.591315496712923,1.9685940854251385,1.8398956917226317
6017,Chidozie Awaziem,2017,Nantes,Sub,22,1508,1,1,0.9392976784147322,0.1163293002173304,13,4,2,1,1,0.9392976784147322,1.9718648688867688,1.8644257811829448
