player_id,player_name,season,team,position,games,time,goals,assists,xG,xA,shots,key_passes,yellow,red,npg,npxG,xGChain,xGBuildup
8430,Chris Richards,2025,Crystal Palace,DC,8,720,0,0,0.186325816437602,0.2486816197633743,4,3,0,0,0,0.186325816437602,1.5426854975521564,1.4047799967229366
8430,Chris Richards,2024,Crystal Palace,DC,24,1925,1,0,1.6956392526626587,0.114281041547656,12,2,2,1,1,1.6956392526626587,4.323614971712232,4.20933392085135
8430,Chris Richards,2023,Crystal Palace,DC,26,2085,1,1,0.6396042630076408,0.6775753749534488,11,6,3,0,1,0.6396042630076408,5.3978734547272325,4.986880736425519
8430,Chris Richards,2022,Crystal Palace,Sub,9,432,0,0,0.6922851279377937,0.4522219896316528,4,1,0,0,0,0.6922851279377937,0.3347281888127327,0.3347281888127327
8430,Chris Richards,2021,Hoffenheim,DC,19,1294,1,1,1.319004811346531,0.4622834995388984,9,3,1,0,1,1.319004811346531,4.079617720097303,4.036979716271162
8430,Chris Richards,2021,Bayern Munich,Sub,1,1,0,0,0.0,0.0,0,0,0,0,0,0.0,0.0,0.0
8430,Chris Richards,2020,Hoffenheim,DC,11,950,0,1,0.2179320007562637,0.295579400844872,1,4,1,0,0,0.2179320007562637,1.617668304592371,1.5639773048460484
8430,Chris Richards,2020,Bayern Munich,Sub,3,86,0,1,0.0,0.5389149785041809,0,3,0,0,0,0.0,0.6168460249900818,0.1940709948539734
8430,Chris Richards,2019,Bayern Munich,Sub,1,5,0,0,0.0,0.0,0,0,0,0,0,0.0,0.0,0.0
