player_id,player_name,season,team,position,games,time,goals,assists,xG,xA,shots,key_passes,yellow,red,npg,npxG,xGChain,xGBuildup
8643,Chrislain Matsima,2025,Augsburg,DC,7,630,1,1,0.3299273923039436,0.5723620764911175,3,3,3,0,1,0.3299273923039436,0.8067122716456652,0.7852147985249758
8643,Chrislain Matsima,2024,Augsburg,Sub,30,2554,1,1,2.015692732296884,0.4893283359706402,14,5,4,0,1,2.015692732296884,6.323857476934791,5.048382254317403
8643,Chrislain Matsima,2023,Clermont Foot,DC,14,1178,1,0,0.1104897372424602,0.0,5,0,2,0,1,0.1104897372424602,1.232118273153901,1.190611595287919
8643,Chrislain Matsima,2023,Monaco,DC,6,294,0,1,0.1653260327875614,0.0462966412305831,2,3,2,0,0,0.1653260327875614,0.7430042047053576,0.7255249042063951
8643,Chrislain Matsima,2022,Monaco,DR,8,446,0,1,0.6494421027600765,0.5142049789428711,3,1,0,0,0,0.6494421027600765,1.4863596698269248,0.97215564455837
8643,Chrislain Matsima,2022,Lorient,Sub,6,219,0,0,0.0412428006529808,0.0,1,0,0,0,0,0.0412428006529808,0.1573878973722458,0.1573878973722458
8643,Chrislain Matsima,2021,Monaco,Sub,7,126,0,0,0.0754953995347023,0.0,1,0,0,0,0,0.0754953995347023,1.0087770223617554,1.0087770223617554
8643,Chrislain Matsima,2020,Monaco,Sub,9,344,0,0,0.0962152015417814,0.3136151088401675,4,2,2,0,0,0.0962152015417814,0.8017620295286179,0.4492090195417404
