player_id,player_name,season,team,position,games,time,goals,assists,xG,xA,shots,key_passes,yellow,red,npg,npxG,xGChain,xGBuildup
7875,Christopher Trimmel,2025,Union Berlin,DR,7,533,0,1,0.0128126181662082,1.517616719007492,1,17,4,0,0,0.0128126181662082,1.836621068418026,1.608732908964157
7875,Christopher Trimmel,2024,Union Berlin,DMR,26,1753,0,3,0.2142976783215999,2.457096786238253,9,35,4,0,0,0.2142976783215999,2.9533445546403527,2.432303099893033
7875,Christopher Trimmel,2023,Union Berlin,DR,26,1680,0,2,0.3145258547738194,2.440682277083397,6,39,2,1,0,0.3145258547738194,5.509496794082224,4.362459319643676
7875,Christopher Trimmel,2022,Union Berlin,DMR,25,1811,0,6,0.562819616869092,2.6986877834424376,14,35,1,0,0,0.562819616869092,3.797476470470429,2.32154162786901
7875,Christopher Trimmel,2021,Union Berlin,DR,25,2006,2,0,1.809804992750287,2.6905943360179663,20,31,5,0,2,1.809804992750287,9.280324034392834,5.768513157963753
7875,Christopher Trimmel,2020,Union Berlin,DR,31,2589,1,9,0.3290285943076014,5.423837861977518,8,59,9,0,1,0.3290285943076014,8.519934692420065,5.866681293584406
7875,Christopher Trimmel,2019,Union Berlin,DR,32,2864,0,8,0.0863674501888454,7.395261406898498,5,67,6,0,0,0.0863674501888454,4.503683313727379,3.418534124270081
