player_id,player_name,season,team,position,games,time,goals,assists,xG,xA,shots,key_passes,yellow,red,npg,npxG,xGChain,xGBuildup
5998,Christophe Herelle,2023,Metz,Sub,19,1624,0,0,0.0916829891502857,0.0623993836343288,4,1,4,1,0,0.0916829891502857,2.747688469476998,2.73047814052552
5998,Christophe Herelle,2022,Brest,DC,16,1060,0,0,0.1523899994790554,0.1866295030340552,3,4,2,0,0,0.1523899994790554,0.9703202927485108,0.9538631932809948
5998,Christophe Herelle,2021,Brest,DC,23,1952,0,0,0.2339304015040397,0.112524701282382,6,3,6,0,0,0.2339304015040397,2.064111882820725,1.955760484561324
5998,Christophe Herelle,2020,Brest,DC,16,1379,0,0,0.4820327050983906,0.0648994324728846,6,3,4,0,0,0.4820327050983906,3.200817011296749,3.156871996819973
5998,Christophe Herelle,2019,Nice,DC,15,1118,3,0,1.2414854746311903,0.1552322953939438,6,2,3,1,3,1.2414854746311903,4.5909602008759975,4.204033631831408
5998,Christophe Herelle,2018,Nice,DC,33,2941,0,0,2.2206944711506367,0.2659464068710804,17,5,9,1,0,2.2206944711506367,7.480119921267033,7.296360522508621
5998,Christophe Herelle,2017,Troyes,DC,34,2958,0,0,1.4799684770405293,0.1690666610375046,12,6,7,1,0,1.4799684770405293,5.643381190486252,5.544619997031987
