player_id,player_name,season,team,position,games,time,goals,assists,xG,xA,shots,key_passes,yellow,red,npg,npxG,xGChain,xGBuildup
7384,Chris Mepham,2023,Bournemouth,Sub,10,610,0,1,0.0895473062992096,0.474224217236042,1,3,2,0,0,0.0895473062992096,1.973433375358581,1.934802167117596
7384,Chris Mepham,2022,Bournemouth,DC,26,2197,0,0,0.5010207425802946,0.2000297037884593,8,4,7,0,0,0.5010207425802946,1.9172365125268696,1.744029906578362
7384,Chris Mepham,2019,Bournemouth,DC,12,909,1,0,1.0533044748008251,0.0767363980412483,7,1,1,0,1,1.0533044748008251,0.943722490221262,0.7480954900383949
7384,Chris Mepham,2018,Bournemouth,Sub,13,850,0,1,0.0504378974437713,0.6852380037307739,2,2,1,0,0,0.0504378974437713,0.9597990727052093,0.9470226727426052
