player_id,player_name,season,team,position,games,time,goals,assists,xG,xA,shots,key_passes,yellow,red,npg,npxG,xGChain,xGBuildup
11131,Christian Mawissa Elebi,2025,Monaco,DC,4,360,0,0,0.0,0.0,0,0,1,0,0,0.0,0.9859866723418236,0.9859866723418236
11131,Christian Mawissa Elebi,2024,Monaco,DC,22,1510,0,0,0.2273707389831543,0.0303669869899749,1,1,3,0,0,0.2273707389831543,6.441874049603939,6.214503310620785
11131,Christian Mawissa Elebi,2023,Toulouse,Sub,17,1115,2,0,0.7378201857209206,0.3464423641562462,5,3,3,0,2,0.7378201857209206,3.0830102786421776,2.719547819346189
11131,Christian Mawissa Elebi,2022,Toulouse,DR,2,93,0,0,0.0,0.0,0,0,1,0,0,0.0,0.4300200045108795,0.4300200045108795
