player_id,player_name,season,team,position,games,time,goals,assists,xG,xA,shots,key_passes,yellow,red,npg,npxG,xGChain,xGBuildup
6449,Chris Führich,2025,VfB Stuttgart,Sub,6,167,0,1,0.135023396462202,0.4858938213437795,4,6,0,0,0,0.135023396462202,0.9817777872085572,0.8202167972922325
6449,Chris Führich,2024,VfB Stuttgart,AML,33,2010,2,3,3.4481728821992874,5.244775582104921,36,33,1,0,2,3.4481728821992874,16.97763792797923,11.23559838347137
6449,Chris Führich,2023,VfB Stuttgart,AML,34,2709,8,7,7.510290591046214,8.933032155036926,54,52,2,0,8,6.752513853833079,24.860250413417816,13.97021697461605
6449,Chris Führich,2022,VfB Stuttgart,MC,33,1908,5,2,3.400684140622616,4.345919347833842,44,23,2,0,4,2.6429078467190266,9.19057935848832,4.720971023663878
6449,Chris Führich,2021,VfB Stuttgart,Sub,25,1745,3,2,3.045403235591948,5.535232685506344,30,33,3,0,3,3.045403235591948,9.24845870770514,4.265608872286975
6449,Chris Führich,2017,FC Cologne,Sub,2,95,0,0,0.0216982997953891,0.0509595982730388,1,1,0,0,0,0.0216982997953891,0.1073106974363327,0.0346527993679046
