player_id,player_name,season,team,position,games,time,goals,assists,xG,xA,shots,key_passes,yellow,red,npg,npxG,xGChain,xGBuildup
4345,Christopher Jullien,2023,Montpellier,DC,20,1215,1,0,1.456346619874239,0.0334601877257227,7,2,5,0,1,1.456346619874239,2.26374754216522,2.2518475083634257
4345,Christopher Jullien,2022,Montpellier,DC,30,2700,0,2,1.0728910733014343,1.047255164012313,17,7,5,0,0,1.0728910733014343,4.485787488054484,4.231536400970072
4345,Christopher Jullien,2018,Toulouse,DC,34,3016,1,0,2.537694992497564,1.2791289929300549,25,10,8,0,1,2.537694992497564,2.1989310374483466,1.7240775311365724
4345,Christopher Jullien,2017,Toulouse,DC,30,2608,1,2,2.988077831454575,0.8291545957326889,25,8,7,0,1,2.988077831454575,3.556476712226868,3.056279401294887
4345,Christopher Jullien,2016,Toulouse,DC,35,3150,4,1,4.591872136108577,1.2226596549153328,33,4,2,1,4,4.591872136108577,2.4165093526244164,2.348455384373665
4345,Christopher Jullien,2014,Freiburg,Sub,1,17,0,0,0.0,0.0,0,0,0,0,0,0.0,0.0,0.0
