player_id,player_name,season,team,position,games,time,goals,assists,xG,xA,shots,key_passes,yellow,red,npg,npxG,xGChain,xGBuildup
7990,Christoph Zimmermann,2023,Darmstadt,DC,19,1236,0,0,0.2057701963931322,0.0738291200250387,4,3,5,0,0,0.2057701963931322,1.7408660296350718,1.667036848142743
7990,Christoph Zimmermann,2021,Norwich,DC,3,162,0,0,0.0377138992771506,0.0,2,0,0,0,0,0.0377138992771506,0.2552001010626554,0.2277145013213157
7990,Christoph Zimmermann,2019,Norwich,DC,17,1424,0,1,0.2578012077137828,0.0752718988806009,6,2,3,0,0,0.2578012077137828,2.7542934771627188,2.708892673254013
