player_id,player_name,season,team,position,games,time,goals,assists,xG,xA,shots,key_passes,yellow,red,npg,npxG,xGChain,xGBuildup
12824,Clément Akpa,2025,Auxerre,DC,7,541,0,0,0.1125511676073074,0.2325474470853805,3,5,1,0,0,0.1125511676073074,0.9466258846223354,0.923960592597723
12824,Clément Akpa,2024,Auxerre,DL,31,2507,0,1,0.2133147586137056,0.690540705807507,6,8,7,0,0,0.2133147586137056,5.747673346661031,5.519227394834161
