player_id,player_name,season,team,position,games,time,goals,assists,xG,xA,shots,key_passes,yellow,red,npg,npxG,xGChain,xGBuildup
11819,Clinton Mata,2025,Lyon,DC,8,710,0,0,0.0881686359643936,0.0711227804422378,2,1,2,0,0,0.0881686359643936,4.765016660094261,4.6938938945531845
11819,Clinton Mata,2024,Lyon,DR,29,2366,0,4,0.2285805158317089,1.6789899617433548,5,11,6,0,0,0.2285805158317089,13.282061882317066,11.594574950635431
11819,Clinton Mata,2023,Lyon,DR,28,2223,0,3,0.6214882228523493,2.3802453950047493,14,14,6,0,0,0.6214882228523493,8.999163658358157,6.730494701303542
