player_id,player_name,season,team,position,games,time,goals,assists,xG,xA,shots,key_passes,yellow,red,npg,npxG,xGChain,xGBuildup
11296,Cody Gakpo,2025,Liverpool,AML,8,636,3,2,3.0992999337613583,2.490231864154339,21,17,0,0,3,3.0992999337613583,5.425817370414734,1.3559210747480392
11296,Cody Gakpo,2024,Liverpool,Sub,35,1970,10,4,8.601265830919147,6.257204940542579,57,38,5,0,10,8.601265830919147,22.09034220688045,8.677158913575113
11296,Cody Gakpo,2023,Liverpool,MC,35,1640,8,5,8.769219513982534,4.2288118079304695,66,25,1,0,8,8.769219513982534,17.55027423426509,6.47403072565794
11296,Cody Gakpo,2022,Liverpool,FW,21,1483,7,2,6.554539561271668,2.981710772961378,39,23,0,0,7,6.554539561271668,12.117870450019836,4.4253273122012615
