player_id,player_name,season,team,position,games,time,goals,assists,xG,xA,shots,key_passes,yellow,red,npg,npxG,xGChain,xGBuildup
6907,Colin Dagba,2022,Strasbourg,Sub,21,964,0,0,0.27444514259696,0.4813884776085615,5,12,3,0,0,0.27444514259696,2.53343456145376,2.1394141325727105
6907,Colin Dagba,2021,Paris Saint Germain,DR,3,165,0,0,0.0,0.0638094991445541,0,2,1,0,0,0.0,0.1744410004466772,0.1744410004466772
6907,Colin Dagba,2020,Paris Saint Germain,Sub,25,1347,1,2,0.7058849912136793,1.2072592927142978,7,12,3,0,1,0.7058849912136793,8.325080065056682,6.792297443374991
6907,Colin Dagba,2019,Paris Saint Germain,Sub,10,666,0,0,0.0583578012883663,0.7839923109859228,2,7,1,0,0,0.0583578012883663,5.20164979249239,4.936425678431988
6907,Colin Dagba,2018,Paris Saint Germain,DR,17,907,0,2,0.1074524009600281,2.2111332081258297,3,14,2,0,0,0.1074524009600281,7.316549186594784,5.295122415758669
