player_id,player_name,season,team,position,games,time,goals,assists,xG,xA,shots,key_passes,yellow,red,npg,npxG,xGChain,xGBuildup
5568,Connor Roberts,2023,Burnley,DR,14,804,0,1,0.0,0.3131415136158466,0,7,3,1,0,0.0,2.1132199577987194,1.9018691666424277
5568,Connor Roberts,2021,Burnley,Sub,21,1686,1,1,0.2225561048835516,1.1593199241906404,6,13,2,0,1,0.2225561048835516,3.6431610444560647,2.413885143585503
5568,Connor Roberts,2017,Swansea,Sub,4,268,0,0,0.0,0.0,0,0,0,0,0,0.0,0.3168213926255703,0.3168213926255703
