player_id,player_name,season,team,position,games,time,goals,assists,xG,xA,shots,key_passes,yellow,red,npg,npxG,xGChain,xGBuildup
6665,Curtis Jones,2025,Liverpool,Sub,7,232,0,0,0.2014995012432336,0.5257017947733402,3,3,0,0,0,0.2014995012432336,1.3461638484150171,1.012858919799328
6665,Curtis Jones,2024,Liverpool,Sub,33,1719,3,3,4.570292007178068,1.7505743531510234,34,22,1,1,3,4.570292007178068,12.458385687321424,7.695024929009378
6665,Curtis Jones,2023,Liverpool,Sub,23,1152,1,1,2.483465351164341,0.9511555470526218,19,11,3,1,1,2.483465351164341,9.832491017878056,6.74063022620976
6665,Curtis Jones,2022,Liverpool,Sub,18,1059,3,1,1.2679023258388042,1.010046985000372,15,14,2,0,3,1.2679023258388042,6.753665236756206,4.948233054950833
6665,Curtis Jones,2021,Liverpool,Sub,15,869,1,1,0.8281115936115384,0.6779237166047096,20,11,0,0,1,0.8281115936115384,4.340758312493563,3.2194954212754965
6665,Curtis Jones,2020,Liverpool,Sub,24,1174,1,2,1.7588918451219795,1.5211436888203025,19,12,2,0,1,1.7588918451219795,7.742867568507791,5.182872947305441
6665,Curtis Jones,2019,Liverpool,Sub,6,108,1,0,0.8147165104746819,0.0,6,0,0,0,1,0.8147165104746819,1.3674079924821854,0.933324009180069
