player_id,player_name,season,team,position,games,time,goals,assists,xG,xA,shots,key_passes,yellow,red,npg,npxG,xGChain,xGBuildup
6145,Daichi Kamada,2025,Crystal Palace,AMC,6,533,0,0,0.2542860209941864,0.5366126503795385,5,6,0,0,0,0.2542860209941864,2.6051183715462685,2.000968376174569
6145,Daichi Kamada,2024,Crystal Palace,AMC,34,1527,0,0,0.9768787622451782,1.8320643100887537,20,20,4,1,0,0.9768787622451782,8.12018227763474,6.361981469206512
6145,Daichi Kamada,2023,Lazio,MC,29,1552,2,2,1.770090764388442,3.275326691567898,29,24,3,0,2,1.770090764388442,9.194597266614435,6.055140949785709
6145,Daichi Kamada,2022,Eintracht Frankfurt,MC,32,2279,9,6,8.885730244219303,3.55752938054502,44,34,3,0,6,6.612399263307452,17.701268509030342,10.873036798089744
6145,Daichi Kamada,2021,Eintracht Frankfurt,AMC,32,2143,4,3,4.559652765281498,2.5776959881186485,36,31,0,0,4,4.559652765281498,12.27233811840415,5.827365634962916
6145,Daichi Kamada,2020,Eintracht Frankfurt,AMC,32,2383,5,12,6.00184902921319,6.787548180669546,38,55,3,0,5,6.00184902921319,19.099796313792467,9.384855227544904
6145,Daichi Kamada,2019,Eintracht Frankfurt,AMC,28,1970,2,4,6.370812978595495,3.510614726226777,46,38,5,0,2,6.370812978595495,13.206479104235768,5.602587649598718
6145,Daichi Kamada,2017,Eintracht Frankfurt,FW,3,148,0,0,0.0592593997716903,0.0254340004175901,2,1,0,0,0,0.0592593997716903,0.1309394985437393,0.0462464988231658
