player_id,player_name,season,team,position,games,time,goals,assists,xG,xA,shots,key_passes,yellow,red,npg,npxG,xGChain,xGBuildup
548,Daley Blind,2025,Girona,DL,9,717,0,0,0.0,0.1681665312498808,0,4,0,0,0,0.0,2.1804479379206896,2.077946590259671
548,Daley Blind,2024,Girona,DC,34,2774,0,2,0.4222466517239809,2.2111893985420465,10,19,2,0,0,0.4222466517239809,12.418609752319751,10.995030511170626
548,Daley Blind,2023,Girona,DC,34,2971,1,2,2.129695435985923,1.2106527229771018,16,17,6,0,1,2.129695435985923,24.09246441349387,23.50267488136888
548,Daley Blind,2022,Bayern Munich,Sub,4,126,0,0,0.0419234000146389,0.1018759980797767,1,2,0,0,0,0.0419234000146389,1.304740995168686,1.225990042090416
548,Daley Blind,2017,Manchester United,DL,7,361,0,0,0.1167609989643096,0.4060279820114374,3,4,0,0,0,0.1167609989643096,1.4754479993134737,1.3109460044652224
548,Daley Blind,2016,Manchester United,DC,23,1827,1,2,0.4325320981442928,2.05253379419446,9,27,2,0,1,0.4325320981442928,7.496676508337259,6.478347789496183
548,Daley Blind,2015,Manchester United,DC,35,3123,1,1,0.1542002009227872,1.880606411024928,4,25,2,0,1,0.1542002009227872,7.339778674766421,6.81973690353334
548,Daley Blind,2014,Manchester United,DMC,25,2174,2,2,0.998192404396832,1.4453516565263271,28,17,4,0,2,0.998192404396832,9.220820680260658,7.474335089325905
