player_id,player_name,season,team,position,games,time,goals,assists,xG,xA,shots,key_passes,yellow,red,npg,npxG,xGChain,xGBuildup
2194,Damián Suárez,2023,Getafe,DR,16,1323,0,2,0.3071885607205331,0.7839745869860053,4,17,6,1,0,0.3071885607205331,3.2181388190947477,2.7108029201626778
2194,Damián Suárez,2022,Getafe,DR,28,1991,1,1,0.6186534613370895,1.897539421916008,6,26,7,0,1,0.6186534613370895,5.267320052720606,3.4844284001737837
2194,Damián Suárez,2021,Getafe,DR,35,2744,0,3,0.4626927329227328,3.398752461187541,14,47,13,0,0,0.4626927329227328,5.873881787061691,3.867629699409008
2194,Damián Suárez,2020,Getafe,DR,31,2440,1,0,0.2995172129012644,1.072824596427381,10,19,11,1,1,0.2995172129012644,3.06705562165007,2.3172494750469923
2194,Damián Suárez,2019,Getafe,MR,30,2614,1,4,0.936041695997119,3.5299132466316223,21,33,15,0,1,0.936041695997119,5.6838155863806605,3.942852219566703
2194,Damián Suárez,2018,Getafe,DR,36,3240,0,3,0.4880940029397607,4.647610452026129,15,61,13,0,0,0.4880940029397607,7.13868616335094,6.252500660717487
2194,Damián Suárez,2017,Getafe,DR,33,2878,1,4,0.5589118618518114,2.7677271123975515,10,36,14,1,1,0.5589118618518114,6.028074331581593,4.477730613201857
2194,Damián Suárez,2015,Getafe,DR,31,2636,0,3,0.2379076234064996,2.64571635145694,9,31,7,1,0,0.2379076234064996,7.94681822322309,6.152392340824008
2194,Damián Suárez,2014,Elche,DR,34,3040,1,1,0.4056873014196753,1.9358090469613671,14,20,11,1,1,0.4056873014196753,6.628983845002949,5.597443155013025
