player_id,player_name,season,team,position,games,time,goals,assists,xG,xA,shots,key_passes,yellow,red,npg,npxG,xGChain,xGBuildup
7382,Dan Burn,2025,Newcastle United,DC,8,720,0,1,0.0356534514576196,0.0887662777677178,2,3,3,0,0,0.0356534514576196,1.2675426229834557,1.1943953037261963
7382,Dan Burn,2024,Newcastle United,DC,37,3330,1,1,2.574376904405653,1.1636743620038033,21,9,11,0,1,2.574376904405653,10.685649447143078,10.075688883662224
7382,Dan Burn,2023,Newcastle United,DL,33,2763,2,2,4.111052492633462,1.8968225196003916,23,9,4,0,2,4.111052492633462,15.2240951359272,13.172115057706833
7382,Dan Burn,2022,Newcastle United,DC,38,3130,1,0,2.2566577959805727,2.0211693542078137,21,16,5,0,1,2.2566577959805727,11.169189976528289,10.764644430950284
7382,Dan Burn,2021,Newcastle United,DC,16,1440,0,1,0.6534763853996992,0.7577458033338189,11,4,4,0,0,0.6534763853996992,0.9607160948216916,0.936926294118166
7382,Dan Burn,2021,Brighton,Sub,13,1025,1,0,0.9580586096271873,0.6954154968261719,7,2,4,0,1,0.9580586096271873,2.0091578904539347,2.0091578904539347
7382,Dan Burn,2020,Brighton,Sub,27,2059,1,0,1.0781692042946815,0.977860301733017,17,10,5,0,1,1.0781692042946815,4.978818798437715,4.176192915067077
7382,Dan Burn,2019,Brighton,DC,34,2879,0,0,1.9053620267659424,1.6736764125525951,13,20,5,0,0,1.9053620267659424,7.785164429806173,6.515011277981103
