player_id,player_name,season,team,position,games,time,goals,assists,xG,xA,shots,key_passes,yellow,red,npg,npxG,xGChain,xGBuildup
9662,Dango Ouattara,2025,Brentford,AMR,7,400,1,0,2.2052299678325653,1.1373911201953888,11,4,1,0,1,2.2052299678325653,3.5855860114097595,1.0669075921177864
9662,Dango Ouattara,2024,Bournemouth,AMR,32,2013,7,4,10.9336802624166,5.989504734054208,62,35,3,0,7,10.9336802624166,18.47662752587348,4.439398280344904
9662,Dango Ouattara,2023,Bournemouth,AML,30,1200,1,2,2.8214692445471883,1.69136568531394,30,17,3,0,1,2.8214692445471883,5.184925131499767,3.1382908783853054
9662,Dango Ouattara,2022,Lorient,MC,18,1560,6,5,5.998499939218164,3.976012546569109,51,23,1,1,6,5.998499939218164,8.887538932263851,2.318863902240992
9662,Dango Ouattara,2022,Bournemouth,MR,19,1254,1,3,3.2873998740687966,2.4152716528624296,26,18,1,0,1,3.2873998740687966,6.022867782972753,2.485164679586888
9662,Dango Ouattara,2021,Lorient,Sub,25,781,1,2,1.7316420748829842,1.2514470797032118,23,8,4,0,1,1.7316420748829842,3.310088414698839,0.758513905107975
