player_id,player_name,season,team,position,games,time,goals,assists,xG,xA,shots,key_passes,yellow,red,npg,npxG,xGChain,xGBuildup
5595,Daniel James,2025,Leeds,FWR,5,246,0,0,0.4556541889905929,0.3027481660246849,5,4,0,0,0,0.4556541889905929,0.8083846345543861,0.0647409111261367
5595,Daniel James,2022,Fulham,Sub,20,585,2,1,1.9874539971351624,1.1182761266827583,13,7,0,0,2,1.9874539971351624,3.808370370417833,1.362296812236309
5595,Daniel James,2022,Leeds,Sub,4,205,0,0,0.1299787983298301,0.4716019928455353,3,1,0,0,0,0.1299787983298301,0.7652983218431473,0.1637180000543594
5595,Daniel James,2021,Leeds,Sub,32,2386,4,4,7.449835479259491,3.74602285772562,50,25,7,1,4,7.449835479259491,11.98939761519432,1.2580958139151337
5595,Daniel James,2021,Manchester United,AMR,2,130,0,0,0.2607726939022541,0.5321792867034674,4,2,0,0,0,0.2607726939022541,0.3190059959888458,0.1198410019278526
5595,Daniel James,2020,Manchester United,AMR,15,920,3,1,2.3124233819544315,1.3286128789186478,17,10,3,0,3,2.3124233819544315,5.241102613508701,2.144381510093808
5595,Daniel James,2019,Manchester United,Sub,33,2291,3,6,3.603131204843521,4.264182991348207,42,26,4,0,3,3.603131204843521,11.158981505781412,5.398975040763617
