player_id,player_name,season,team,position,games,time,goals,assists,xG,xA,shots,key_passes,yellow,red,npg,npxG,xGChain,xGBuildup
12408,Daniel Muñoz,2025,Crystal Palace,DMR,8,720,1,2,0.958005528897047,2.2628692388534546,11,6,3,0,1,0.958005528897047,4.35736358165741,1.1871451754122972
12408,Daniel Muñoz,2024,Crystal Palace,DMR,37,3237,4,5,5.791526351124048,5.942459639161825,37,45,10,0,4,5.791526351124048,17.36301911622286,7.908812275156379
12408,Daniel Muñoz,2023,Crystal Palace,DR,16,1440,0,4,1.7550712414085865,3.085336983203888,8,21,4,0,0,1.7550712414085865,6.9232857301831245,3.610450681298971
