player_id,player_name,season,team,position,games,time,goals,assists,xG,xA,shots,key_passes,yellow,red,npg,npxG,xGChain,xGBuildup
11317,Danilo,2024,Nottingham Forest,DMC,8,275,0,0,0.0,0.0,0,0,0,0,0,0.0,2.1522383373230696,2.1522383373230696
11317,Danilo,2023,Nottingham Forest,FWR,29,1799,2,2,1.6652069194242358,1.5294003784656525,23,20,4,0,2,1.6652069194242358,10.227419295348229,7.997594775632024
11317,Danilo,2022,Nottingham Forest,Sub,13,999,3,2,1.6606165627017615,0.8088494967669249,15,9,1,0,3,1.6606165627017615,2.98664789646864,0.7929538227617741
