player_id,player_name,season,team,position,games,time,goals,assists,xG,xA,shots,key_passes,yellow,red,npg,npxG,xGChain,xGBuildup
6766,Dani Vivian,2025,Athletic Club,DC,8,692,0,0,0.2749870643019676,0.5873839259147644,3,2,3,1,0,0.2749870643019676,1.7067680731415749,1.7067680731415749
6766,Dani Vivian,2024,Athletic Club,Sub,32,2590,4,0,2.3003999516367912,0.6736323088407516,19,10,3,0,4,2.3003999516367912,10.329670087434351,9.05257697403431
6766,Dani Vivian,2023,Athletic Club,DC,33,2884,0,0,0.8867789721116424,0.5833873376250267,11,6,6,0,0,0.8867789721116424,8.652127988636494,8.47702593356371
6766,Dani Vivian,2022,Athletic Club,DC,29,2368,1,0,0.8145049922168255,1.0042304378002882,13,6,7,1,1,0.8145049922168255,5.092971863225102,4.599162587895989
6766,Dani Vivian,2021,Athletic Club,DC,24,1981,2,1,1.9558937177062037,1.0015920102596283,17,2,2,0,2,1.9558937177062037,6.106896072626114,6.061028473079205
