player_id,player_name,season,team,position,games,time,goals,assists,xG,xA,shots,key_passes,yellow,red,npg,npxG,xGChain,xGBuildup
43,Danny Latza,2022,Schalke 04,Sub,20,827,0,1,0.911188654601574,0.2813880555331707,16,4,2,0,0,0.911188654601574,1.7259758412837982,0.9968359656631948
43,Danny Latza,2020,Mainz 05,DMC,29,1810,0,2,1.5235892850905657,1.7410470275208354,22,24,8,0,0,1.5235892850905657,5.20104880258441,2.5874674282968044
43,Danny Latza,2019,Mainz 05,MC,23,1383,0,2,1.115903390571475,2.0376848094165325,16,20,7,0,0,1.115903390571475,5.260854614898562,3.0986421182751656
43,Danny Latza,2018,Mainz 05,Sub,24,1886,0,3,3.070860857143998,2.086093107238412,40,23,4,0,0,3.070860857143998,8.443461778573692,4.978068144991994
43,Danny Latza,2017,Mainz 05,DMC,29,2359,2,1,1.4430676167830825,1.6382831567898393,41,34,7,0,2,1.4430676167830825,5.287305519916117,3.102699634153396
43,Danny Latza,2016,Mainz 05,DMC,21,1579,4,0,1.112296094186604,0.8267929209396243,28,13,6,0,4,1.112296094186604,2.7100529856979847,1.6319538205862043
43,Danny Latza,2015,Mainz 05,Sub,27,1861,0,2,1.4190602283924818,2.2248077038675547,27,32,8,0,0,1.4190602283924818,10.247908402234316,8.154264403507113
