player_id,player_name,season,team,position,games,time,goals,assists,xG,xA,shots,key_passes,yellow,red,npg,npxG,xGChain,xGBuildup
5037,Darko Brasanac,2024,Leganes,DMC,30,1606,1,2,2.05446045473218,0.3227075841277838,12,9,4,0,1,2.05446045473218,3.912908762693405,1.896696176379919
5037,Darko Brasanac,2023,Osasuna,Sub,2,43,0,0,0.0,0.058772288262844,0,1,0,0,0,0.0,0.091545321047306,0.0327730327844619
5037,Darko Brasanac,2022,Osasuna,Sub,25,1004,1,1,1.1449092347174885,0.7720240876078606,11,7,5,0,1,1.1449092347174885,3.8700461611151695,2.861416894942522
5037,Darko Brasanac,2021,Osasuna,FW,35,2436,1,2,1.6238336013630033,1.7660256656818092,17,30,8,0,1,1.6238336013630033,7.9861258110031486,5.065599510446191
5037,Darko Brasanac,2020,Osasuna,Sub,16,902,2,0,0.9188610026612878,0.1515476992353797,8,5,4,0,2,0.9188610026612878,3.674692914821208,2.604287207126617
5037,Darko Brasanac,2019,Osasuna,AMC,31,2270,0,1,1.5624808929860592,1.7245523952879012,22,23,8,0,0,1.5624808929860592,5.324617173988372,3.3327245647087693
5037,Darko Brasanac,2018,Alaves,MC,24,1586,0,1,0.4380341079086065,0.3777759075164795,9,9,5,0,0,0.4380341079086065,2.594843026250601,1.8984949998557568
5037,Darko Brasanac,2017,Leganes,MC,23,1198,2,0,1.503864286467433,0.6347999013960361,10,17,3,0,2,1.503864286467433,3.1815681029111147,1.4989937646314502
5037,Darko Brasanac,2016,Real Betis,MC,25,1632,1,1,1.4596960125491023,1.080174507573247,15,16,7,0,1,1.4596960125491023,4.71831227093935,2.63775540329516
