player_id,player_name,season,team,position,games,time,goals,assists,xG,xA,shots,key_passes,yellow,red,npg,npxG,xGChain,xGBuildup
10844,Darline Yongwa,2025,Lorient,Sub,6,54,0,0,0.0829463526606559,0.7789350114762783,1,2,0,1,0,0.0829463526606559,0.7789350114762783,0.0
10844,Darline Yongwa,2023,Lorient,Sub,22,1140,1,1,1.0311737637966871,1.50238286703825,15,12,3,0,1,1.0311737637966871,4.6387044517323375,2.83303383551538
10844,Darline Yongwa,2022,Lorient,Sub,14,766,1,1,1.002884255722165,1.2522395364940166,9,9,2,0,1,1.002884255722165,4.04402693733573,2.0919740106910467
