player_id,player_name,season,team,position,games,time,goals,assists,xG,xA,shots,key_passes,yellow,red,npg,npxG,xGChain,xGBuildup
10720,Darwin Núñez,2024,Liverpool,Sub,30,1072,5,2,6.912255180999637,1.7422378864139318,34,11,8,0,5,6.912255180999637,11.696636958047748,3.613157507032156
10720,Darwin Núñez,2023,Liverpool,Sub,36,2037,11,8,19.187851031310856,5.950456521473825,108,33,9,0,11,18.42668213415891,25.07862750068307,5.313199203461409
10720,Darwin Núñez,2022,Liverpool,Sub,29,1702,9,3,14.374805428087711,5.6468874625861645,84,28,1,1,9,14.374805428087711,20.277393620461226,3.4813443943858147
