player_id,player_name,season,team,position,games,time,goals,assists,xG,xA,shots,key_passes,yellow,red,npg,npxG,xGChain,xGBuildup
617,David Silva,2022,Real Sociedad,AMC,28,2006,2,5,5.60367547813803,4.561426822096109,30,34,3,0,2,5.60367547813803,17.130300030112267,8.042002441361547
617,David Silva,2021,Real Sociedad,AMC,25,1753,2,4,2.5481442529708147,4.742720324546099,21,38,4,1,2,2.5481442529708147,12.319385625422,7.0886710453778505
617,David Silva,2020,Real Sociedad,Sub,21,1411,2,5,2.6688193157315254,3.375394131988287,20,28,4,0,2,2.6688193157315254,11.578254725784063,7.450381493195891
617,David Silva,2019,Manchester City,MC,27,1846,5,10,6.932368505746126,7.650991026312113,46,49,0,0,5,6.932368505746126,24.6870179772377,12.764222756028175
617,David Silva,2018,Manchester City,MC,33,2426,6,8,8.128262622281909,10.113781478255987,51,73,3,0,6,8.128262622281909,30.807653691619635,18.846598675474524
617,David Silva,2017,Manchester City,MC,29,2442,9,11,9.241167284548284,8.827983185648918,54,61,5,0,9,9.241167284548284,30.254950737580657,18.981360713019967
617,David Silva,2016,Manchester City,DMC,34,2775,4,7,6.241526518017054,8.11968045681715,48,82,6,0,4,6.241526518017054,25.774784959852692,15.932340640574694
617,David Silva,2015,Manchester City,AMC,24,1818,2,11,2.598524495959282,4.727522297762334,29,67,1,0,2,2.598524495959282,11.535076109692454,7.523192688822746
617,David Silva,2014,Manchester City,ML,32,2682,12,7,9.096988203004004,10.388411475345492,66,92,8,0,12,9.096988203004004,29.14426800608635,16.633574136532843
