player_id,player_name,season,team,position,games,time,goals,assists,xG,xA,shots,key_passes,yellow,red,npg,npxG,xGChain,xGBuildup
11295,David Datro Fofana,2023,Burnley,Sub,15,876,4,1,4.029318623244762,1.4943999461829662,19,8,1,0,4,4.029318623244762,4.770294601097703,0.415885504335165
11295,David Datro Fofana,2023,Union Berlin,FW,12,684,1,0,4.060827124863863,0.3827281994745135,26,5,0,0,1,4.060827124863863,4.917184886522591,0.9215688081458212
11295,David Datro Fofana,2022,Chelsea,Sub,3,65,0,0,0.326112687587738,0.0874276300892233,3,3,0,0,0,0.326112687587738,0.3853735169395804,0.0
