player_id,player_name,season,team,position,games,time,goals,assists,xG,xA,shots,key_passes,yellow,red,npg,npxG,xGChain,xGBuildup
6820,David Brooks,2025,Bournemouth,ML,7,481,0,1,0.7060974314808846,2.15936778113246,13,7,2,0,0,0.7060974314808846,3.67319393157959,1.2019195035099983
6820,David Brooks,2024,Bournemouth,Sub,29,937,2,0,2.8713680896908045,1.7746479772031307,25,19,3,0,2,2.8713680896908045,6.463442295789719,3.160865820944309
6820,David Brooks,2023,Bournemouth,AMR,13,241,1,1,2.203701872378588,0.9074392039328814,13,8,1,0,1,2.203701872378588,3.8162245713174334,0.9324527494609356
6820,David Brooks,2022,Bournemouth,Sub,6,166,0,0,0.2445639120414853,0.1819901317358017,5,2,1,0,0,0.2445639120414853,0.5240764729678631,0.2133926674723625
6820,David Brooks,2019,Bournemouth,MC,9,533,1,0,0.4326113928109407,0.534646600484848,6,6,1,0,1,0.4326113928109407,0.8643895983695984,0.1321054976433515
6820,David Brooks,2018,Bournemouth,MR,30,2317,7,5,6.465658405795693,5.877872094511986,41,30,3,0,7,6.465658405795693,16.891731955111027,6.750990778207779
