player_id,player_name,season,team,position,games,time,goals,assists,xG,xA,shots,key_passes,yellow,red,npg,npxG,xGChain,xGBuildup
4981,Davide Frattesi,2025,Inter,Sub,4,164,0,0,0.8880946040153503,0.5798975229263306,6,4,0,0,0,0.8880946040153503,2.084322825074196,0.6163306683301926
4981,Davide Frattesi,2024,Inter,Sub,28,1194,5,1,5.315815009176731,1.0950888358056543,28,7,1,0,5,5.315815009176731,8.426437519490719,2.8256054520606995
4981,Davide Frattesi,2023,Inter,Sub,32,877,6,3,8.650838863104582,2.203672669827938,32,10,1,0,6,8.650838863104582,12.41026128269732,3.0905153434723616
4981,Davide Frattesi,2022,Sassuolo,MC,36,2930,7,0,7.41614169627428,1.8945508040487768,64,29,4,0,7,7.41614169627428,12.5463175624609,4.618593320250511
4981,Davide Frattesi,2021,Sassuolo,DMC,36,2930,4,3,6.166343607008457,4.109432274475694,67,30,6,0,4,6.166343607008457,15.25243592262268,7.941451409831643
