player_id,player_name,season,team,position,games,time,goals,assists,xG,xA,shots,key_passes,yellow,red,npg,npxG,xGChain,xGBuildup
9724,David Raum,2025,RasenBallsport Leipzig,DL,7,630,1,1,0.4969046972692013,1.3124306984245775,7,21,1,0,1,0.4969046972692013,3.983041167259216,3.803453922271729
9724,David Raum,2024,RasenBallsport Leipzig,DL,22,1797,1,5,0.7967910505831242,6.467654440551996,9,48,4,0,1,0.7967910505831242,9.72035357542336,5.830390091985464
9724,David Raum,2023,RasenBallsport Leipzig,DL,31,2761,2,8,1.1637575421482325,8.822827788069844,14,68,6,0,2,1.1637575421482325,19.40191071107984,15.503833007067442
9724,David Raum,2022,RasenBallsport Leipzig,ML,28,1686,1,2,0.6448879111558199,5.142054616473615,14,35,5,0,1,0.6448879111558199,8.364078218117356,6.27494917716831
9724,David Raum,2021,Hoffenheim,DL,32,2769,3,11,1.8066987711936235,12.221860196441412,24,82,5,0,3,1.8066987711936235,19.698824740946293,11.042737022042274
