player_id,player_name,season,team,position,games,time,goals,assists,xG,xA,shots,key_passes,yellow,red,npg,npxG,xGChain,xGBuildup
6190,Dawid Kownacki,2023,Werder Bremen,Sub,22,340,0,0,1.3725180234760046,0.2749298671260476,19,5,0,0,0,1.3725180234760046,1.9744076449424028,0.6974716819822788
6190,Dawid Kownacki,2019,Fortuna Duesseldorf,Sub,20,1084,0,0,2.766559213399887,0.817512970417738,27,12,4,0,0,2.766559213399887,4.256655482575297,1.517311873845756
6190,Dawid Kownacki,2018,Fortuna Duesseldorf,Sub,10,574,4,0,1.7493957951664925,0.3665636945515871,12,5,2,0,4,1.7493957951664925,2.4639317989349365,0.9893342945724726
6190,Dawid Kownacki,2018,Sampdoria,Sub,13,145,1,1,1.7575434744358065,0.6827109903097153,6,7,0,0,0,0.2350677996873855,2.0284106098115444,1.2318260073661804
6190,Dawid Kownacki,2017,Sampdoria,Sub,22,798,5,1,2.3959770807996392,1.3839231729507446,21,8,0,0,5,2.3959770807996392,3.7818829752504826,0.9240029975771904
