player_id,player_name,season,team,position,games,time,goals,assists,xG,xA,shots,key_passes,yellow,red,npg,npxG,xGChain,xGBuildup
7702,Dean Henderson,2025,Crystal Palace,GK,8,720,0,0,0.0,0.0154756419360637,0,1,1,0,0,0.0,1.102002952247858,1.102002952247858
7702,Dean Henderson,2024,Crystal Palace,GK,38,3420,0,0,0.0109276687726378,0.1058704666793346,1,2,3,0,0,0.0109276687726378,3.299205945804715,3.19333547540009
7702,Dean Henderson,2023,Crystal Palace,GK,18,1620,0,0,0.0,0.0,0,0,2,0,0,0.0,1.232629640027881,1.232629640027881
7702,Dean Henderson,2022,Nottingham Forest,GK,18,1620,0,0,0.0,0.0,0,0,2,0,0,0.0,1.2316672131419182,1.2316672131419182
7702,Dean Henderson,2020,Manchester United,Sub,13,1122,0,0,0.0,0.0,0,0,3,0,0,0.0,1.281179204583168,1.281179204583168
7702,Dean Henderson,2019,Sheffield United,GK,36,3240,0,0,0.0330407992005348,0.0218688007444143,1,1,2,0,0,0.0330407992005348,0.2936275973916054,0.2936275973916054
