player_id,player_name,season,team,position,games,time,goals,assists,xG,xA,shots,key_passes,yellow,red,npg,npxG,xGChain,xGBuildup
10804,Deniz Undav,2025,VfB Stuttgart,AMC,3,126,0,0,0.2397837750613689,0.029659017920494,6,1,1,0,0,0.2397837750613689,1.566734999418259,1.456682175397873
10804,Deniz Undav,2024,VfB Stuttgart,AMC,27,1733,9,3,11.975074492394924,4.6570643819868565,75,26,4,0,9,11.975074492394924,19.974650152027607,5.010630551725626
10804,Deniz Undav,2023,VfB Stuttgart,Sub,30,2135,18,10,17.09328974597156,7.17163859680295,107,39,5,0,18,16.335513127967715,26.269780419766903,6.985997205600143
10804,Deniz Undav,2022,Brighton,Sub,22,594,5,0,5.5473707262426615,1.1680052187293768,27,8,2,0,5,5.5473707262426615,7.276752598583698,1.4865605253726244
