player_id,player_name,season,team,position,games,time,goals,assists,xG,xA,shots,key_passes,yellow,red,npg,npxG,xGChain,xGBuildup
3521,Dennis Appiah,2024,Saint-Etienne,Sub,29,2108,0,1,0.2266706135123968,1.841416618786752,5,14,2,0,0,0.2266706135123968,5.950897566974163,5.068494353443384
3521,Dennis Appiah,2022,Nantes,DC,15,807,0,0,0.1390228979289531,0.143021298572421,5,4,1,0,0,0.1390228979289531,0.6524571031332016,0.5064900014549494
3521,Dennis Appiah,2021,Nantes,DR,32,2083,0,0,0.0490069007501006,0.2204005979001522,2,3,4,0,0,0.0490069007501006,3.287097914144397,3.0716869067400694
3521,Dennis Appiah,2020,Nantes,Sub,22,1554,0,2,0.2823017966002226,1.3183240294456482,6,14,3,0,0,0.2823017966002226,4.424798617139459,3.172181531786918
3521,Dennis Appiah,2019,Nantes,Sub,19,1609,0,0,0.044591799378395,0.2937308009713888,1,8,2,0,0,0.044591799378395,4.444025308825076,4.120312227867544
3521,Dennis Appiah,2015,Caen,DR,38,3420,1,1,0.7583804968744516,1.819713986478746,10,27,2,0,1,0.7583804968744516,6.124196361750364,4.217492654919624
3521,Dennis Appiah,2014,Caen,DR,30,2573,0,2,0.0537694003432989,1.373568680137396,2,12,3,1,0,0.0537694003432989,4.637733866460621,4.22437197715044
