player_id,player_name,season,team,position,games,time,goals,assists,xG,xA,shots,key_passes,yellow,red,npg,npxG,xGChain,xGBuildup
10384,Denso Kasius,2022,Bologna,Sub,7,341,0,2,0.1269411966204643,1.1126399785280228,4,5,1,0,0,0.1269411966204643,1.8289993647485967,0.6912096012383699
10384,Denso Kasius,2021,Bologna,Sub,7,171,0,0,0.1008699983358383,0.7928976193070412,2,5,0,0,0,0.1008699983358383,1.4654040187597277,0.6938290037214756
