player_id,player_name,season,team,position,games,time,goals,assists,xG,xA,shots,key_passes,yellow,red,npg,npxG,xGChain,xGBuildup
5246,Diego Demme,2023,Napoli,Sub,2,68,0,0,0.0114026013761758,0.0,1,0,1,0,0,0.0114026013761758,0.4613552186638117,0.4613552186638117
5246,Diego Demme,2022,Napoli,Sub,7,144,0,0,0.0,0.0138007998466491,0,1,0,0,0,0.0,0.6965457871556282,0.6965457871556282
5246,Diego Demme,2021,Napoli,Sub,19,688,1,0,0.7853630902245641,0.3567287027835846,2,5,4,0,1,0.7853630902245641,2.674134785309434,1.5858118031173944
5246,Diego Demme,2020,Napoli,MC,24,1606,2,3,1.419318387284875,2.165497714653611,14,20,6,0,2,1.419318387284875,10.83776898123324,8.236274916678667
5246,Diego Demme,2019,RasenBallsport Leipzig,MC,17,1217,0,0,0.7345904018729925,0.776210006326437,4,11,3,0,0,0.7345904018729925,8.177234631031752,6.7768376134336
5246,Diego Demme,2019,Napoli,Sub,15,909,1,0,0.4752934016287327,0.3969872985035181,4,9,6,0,1,0.4752934016287327,4.80447362549603,4.056237369775772
5246,Diego Demme,2018,RasenBallsport Leipzig,DMC,26,2071,0,2,0.2837539985775947,3.0536950808018446,10,26,4,0,0,0.2837539985775947,10.751223772764206,8.518341578543186
5246,Diego Demme,2017,RasenBallsport Leipzig,DMC,30,2289,0,3,0.5099687967449427,1.998881363775581,12,30,4,0,0,0.5099687967449427,11.8368937689811,10.064518803730609
5246,Diego Demme,2016,RasenBallsport Leipzig,DMC,32,2873,1,3,0.4733373913913965,2.9680082723498344,14,30,4,0,1,0.4733373913913965,14.644314873963594,12.680184669792652
