player_id,player_name,season,team,position,games,time,goals,assists,xG,xA,shots,key_passes,yellow,red,npg,npxG,xGChain,xGBuildup
5686,Digbo Maiga,2023,Metz,Sub,7,127,0,0,0.0686644688248634,0.0,2,0,0,0,0,0.0686644688248634,0.0471544973552227,0.0471544973552227
5686,Digbo Maiga,2021,Metz,MC,17,1282,2,0,0.9664333108812572,0.6028331071138382,11,11,6,0,2,0.9664333108812572,2.0793647188693285,0.9113218877464532
5686,Digbo Maiga,2020,Metz,MC,31,2697,1,3,2.042018126696348,1.7074175830930471,26,26,9,0,1,2.042018126696348,6.714338507503271,4.60801503341645
5686,Digbo Maiga,2019,Metz,MC,26,2285,1,2,1.0955252274870872,1.0079915169626474,29,12,7,0,1,1.0955252274870872,4.174928360618651,3.061499984934926
5686,Digbo Maiga,2017,Saint-Etienne,Sub,13,701,1,0,0.1913910042494535,0.6269252896308899,6,6,2,0,1,0.1913910042494535,3.174185290932656,2.44518181309104
5686,Digbo Maiga,2017,Arsenal Tula,DMC,1,46,0,0,0.0,0.061022400856018,0,1,0,0,0,0.0,0.061022400856018,0.0
5686,Digbo Maiga,2016,Saint-Etienne,MR,5,295,0,0,0.0877594985067844,0.0926615968346595,4,1,0,0,0,0.0877594985067844,1.2132384814321997,1.1991604603827
