player_id,player_name,season,team,position,games,time,goals,assists,xG,xA,shots,key_passes,yellow,red,npg,npxG,xGChain,xGBuildup
8920,Dilane Bakwa,2025,Nottingham Forest,Sub,4,168,0,0,0.1499816626310348,0.3195057734847069,3,5,0,0,0,0.1499816626310348,0.6317077688872814,0.3658992163836956
8920,Dilane Bakwa,2025,Strasbourg,Sub,3,94,1,2,0.0750504583120346,0.6692362725734711,2,3,0,0,1,0.0750504583120346,1.7559681087732315,1.680917650461197
8920,Dilane Bakwa,2024,Strasbourg,DMR,30,2544,6,8,4.851562971249223,7.727343019098043,52,48,4,0,6,4.851562971249223,16.848572304472327,8.867653537541628
8920,Dilane Bakwa,2023,Strasbourg,Sub,31,2187,3,6,3.3611376946792006,5.99444548971951,44,48,4,1,3,3.3611376946792006,10.853785425424576,3.850510520860553
8920,Dilane Bakwa,2021,Bordeaux,Sub,5,33,0,0,0.1277999021112918,0.0,2,0,0,0,0,0.1277999021112918,0.1277999021112918,0.0
8920,Dilane Bakwa,2020,Bordeaux,Sub,7,41,0,0,0.1459683962166309,0.0250471998006105,3,1,0,0,0,0.1459683962166309,0.3227149993181228,0.1954034008085727
