player_id,player_name,season,team,position,games,time,goals,assists,xG,xA,shots,key_passes,yellow,red,npg,npxG,xGChain,xGBuildup
9745,Dimitris Giannoulis,2025,Augsburg,DML,5,328,1,0,0.1166531294584274,0.0578903444111347,2,1,2,0,1,0.1166531294584274,0.284703005105257,0.1101595349609851
9745,Dimitris Giannoulis,2024,Augsburg,DL,31,2664,1,4,1.8126734774559736,5.503238350152969,13,43,8,0,1,1.8126734774559736,11.6018926538527,6.999567776918411
9745,Dimitris Giannoulis,2021,Norwich,DL,18,1170,0,1,0.1042813025414943,0.5381213938817382,2,9,2,0,0,0.1042813025414943,2.320780213922262,1.895545769482851
