player_id,player_name,season,team,position,games,time,goals,assists,xG,xA,shots,key_passes,yellow,red,npg,npxG,xGChain,xGBuildup
9450,Dion Lopy,2023,Almeria,Sub,30,1922,0,0,0.7930335476994514,1.030075021088123,23,13,4,0,0,0.7930335476994514,6.641953369602561,5.284824077039957
9450,Dion Lopy,2022,Reims,Sub,29,1393,0,1,0.7243451792746782,1.0743732042610643,18,15,4,2,0,0.7243451792746782,5.396853872574866,3.76588695961982
9450,Dion Lopy,2021,Reims,DMC,26,1650,0,0,0.9316751221194864,0.2798149958252907,16,8,4,0,0,0.9316751221194864,3.9337846068665385,2.983685400336981
9450,Dion Lopy,2020,Reims,Sub,4,259,0,0,0.1028834991157054,0.0426780991256237,3,2,0,0,0,0.1028834991157054,0.6188689917325974,0.5333399921655655
