player_id,player_name,season,team,position,games,time,goals,assists,xG,xA,shots,key_passes,yellow,red,npg,npxG,xGChain,xGBuildup
9448,Dion Moise Sahi,2023,Strasbourg,AMC,18,613,3,1,3.761172002181411,1.216288346797228,24,5,0,0,3,3.761172002181411,5.305808056145906,1.6168418619781733
9448,Dion Moise Sahi,2021,Strasbourg,Sub,8,107,0,0,1.1823559775948524,0.1034250035881996,5,1,0,0,0,1.1823559775948524,1.285780981183052,0.0
9448,Dion Moise Sahi,2020,Strasbourg,Sub,6,80,1,0,0.4043843932449817,0.0617439905181527,4,2,0,0,1,0.4043843932449817,0.5687034018337727,0.164318598806858
