player_id,player_name,season,team,position,games,time,goals,assists,xG,xA,shots,key_passes,yellow,red,npg,npxG,xGChain,xGBuildup
6151,Djené Dakonam,2025,Getafe,DC,9,634,0,0,0.0115916756913065,0.0664796605706214,1,1,2,0,0,0.0115916756913065,0.581033244729042,0.581033244729042
6151,Djené Dakonam,2024,Getafe,DC,31,2566,0,0,0.2309729969128966,0.5771179310977459,6,9,12,1,0,0.2309729969128966,2.182646923698485,1.6235282914713025
6151,Djené Dakonam,2023,Getafe,MC,34,2580,0,0,0.1253459304571151,0.284101452678442,7,6,13,1,0,0.1253459304571151,3.297972426749766,3.029572262428701
6151,Djené Dakonam,2022,Getafe,DC,33,2850,0,1,0.4671457670629024,0.5031255707144737,9,7,10,1,0,0.4671457670629024,3.423493136651814,3.026366976089776
6151,Djené Dakonam,2021,Getafe,DC,35,3122,0,1,0.1892748977988958,0.5998236052691936,4,10,11,1,0,0.1892748977988958,3.534019666723907,3.428481557406485
6151,Djené Dakonam,2020,Getafe,DC,34,2947,0,1,0.2847547009587288,0.2830886971205473,3,6,6,2,0,0.2847547009587288,2.652981210500002,2.3798814322799444
6151,Djené Dakonam,2019,Getafe,DC,34,3060,0,0,0.2116932030767202,0.3370066909119487,5,6,5,0,0,0.2116932030767202,2.251316417939961,2.210589316673577
6151,Djené Dakonam,2018,Getafe,DC,34,2994,0,0,0.7978310026228428,0.1219228003174066,12,5,11,2,0,0.7978310026228428,2.693137995898724,2.505545032210648
6151,Djené Dakonam,2017,Getafe,DC,36,3240,1,0,0.5381969977170229,0.1857973001897335,11,3,9,0,1,0.5381969977170229,3.10546222794801,2.95126742310822
