player_id,player_name,season,team,position,games,time,goals,assists,xG,xA,shots,key_passes,yellow,red,npg,npxG,xGChain,xGBuildup
2624,Djibril Sow,2025,Sevilla,MC,5,335,1,0,0.1971898972988128,0.517818421125412,3,2,0,0,1,0.1971898972988128,1.8522654473781583,1.3388773500919342
2624,Djibril Sow,2024,Sevilla,DMC,30,2095,2,1,2.67853897344321,2.0170963145792484,22,21,5,0,2,2.67853897344321,8.381441345438361,4.899879834614694
2624,Djibril Sow,2023,Sevilla,Sub,24,1499,1,1,1.6027095206081867,1.044075457379222,18,15,6,0,1,1.6027095206081867,6.618328319862485,4.244942573830485
2624,Djibril Sow,2022,Eintracht Frankfurt,MC,32,2664,4,0,1.9447151282802224,1.1121019199490547,28,18,9,0,4,1.9447151282802224,14.30460869986564,11.94368753861636
2624,Djibril Sow,2021,Eintracht Frankfurt,MC,31,2432,2,3,0.6721826894208789,0.8636866882443428,16,19,5,0,2,0.6721826894208789,9.0075918789953,7.823016952723265
2624,Djibril Sow,2020,Eintracht Frankfurt,Sub,28,2183,0,2,0.4571841973811388,1.1321393121033907,11,17,6,0,0,0.4571841973811388,8.694196281023324,7.408980629406869
2624,Djibril Sow,2019,Eintracht Frankfurt,Sub,29,1732,1,3,1.6817258968949318,2.3930437844246626,21,25,2,0,1,1.6817258968949318,8.51553562283516,5.850032136309892
2624,Djibril Sow,2016,Borussia M.Gladbach,Sub,1,1,0,0,0.0,0.0,0,0,0,0,0,0.0,0.0,0.0
