player_id,player_name,season,team,position,games,time,goals,assists,xG,xA,shots,key_passes,yellow,red,npg,npxG,xGChain,xGBuildup
10935,Dod么,2025,Fiorentina,DMR,7,624,0,0,0.215124936774373,0.4699351862072944,8,6,1,0,0,0.215124936774373,1.591273482888937,0.9963242616504432
10935,Dod么,2024,Fiorentina,DMR,35,3126,0,5,1.4068531906232238,4.798341209068894,27,37,8,0,0,1.4068531906232238,13.066202946938574,9.197617669589818
10935,Dod么,2023,Fiorentina,Sub,9,522,0,0,0.0842589307576417,0.7045378591865301,2,10,0,0,0,0.0842589307576417,1.838272713124752,1.2678810395300388
10935,Dod么,2022,Fiorentina,Sub,33,2335,1,3,0.5400554221123457,2.113130444660783,11,28,3,1,1,0.5400554221123457,8.634122780524194,6.984755381941795
