player_id,player_name,season,team,position,games,time,goals,assists,xG,xA,shots,key_passes,yellow,red,npg,npxG,xGChain,xGBuildup
6122,Douglas Luiz,2025,Nottingham Forest,DMC,2,131,0,0,0.0230485349893569,0.5203484669327736,1,2,0,0,0,0.0230485349893569,0.8432073891162872,0.3228588998317718
6122,Douglas Luiz,2024,Juventus,Sub,19,491,0,0,0.6867432445287704,1.156847040168941,8,14,2,0,0,0.6867432445287704,3.9437844902276993,3.053325790911913
6122,Douglas Luiz,2023,Aston Villa,DMC,35,3043,9,5,7.572099968791008,5.288189608603716,48,53,12,0,5,4.527424611151218,17.31126916781068,13.624405791983008
6122,Douglas Luiz,2022,Aston Villa,Sub,37,2947,6,6,3.191290902905166,4.567880779504776,34,45,6,1,6,3.191290902905166,15.93928093276918,11.555413709953427
6122,Douglas Luiz,2021,Aston Villa,MC,34,2733,2,3,2.220371574163437,2.44307017326355,23,36,7,0,2,2.220371574163437,10.234683318063617,8.437496514990926
6122,Douglas Luiz,2020,Aston Villa,MC,33,2807,0,2,1.3188335429877045,2.41814873740077,26,19,8,1,0,1.3188335429877045,9.615896521136165,7.108104381710291
6122,Douglas Luiz,2019,Aston Villa,Sub,36,2602,3,2,2.2777960058301687,2.0041150031611323,38,17,8,0,3,2.2777960058301687,5.569815563037992,3.396518010646105
6122,Douglas Luiz,2018,Girona,MC,23,1485,0,0,1.0372594818472862,0.5949815949425101,16,10,7,0,0,1.0372594818472862,5.347431818023324,4.322217309847474
6122,Douglas Luiz,2017,Girona,Sub,15,292,0,0,0.7494822144508362,0.2692812941968441,10,3,4,0,0,0.7494822144508362,1.397970786318183,0.625331511721015
