player_id,player_name,season,team,position,games,time,goals,assists,xG,xA,shots,key_passes,yellow,red,npg,npxG,xGChain,xGBuildup
11773,Douglas Augusto,2025,FC Krasnodar,Sub,12,866,0,1,1.309468645602465,1.125919689424336,20,11,3,0,0,1.309468645602465,4.852340847253799,3.048551555722952
11773,Douglas Augusto,2024,Nantes,DMC,28,2336,4,2,4.262156402692199,1.7073585921898484,36,14,8,0,4,4.262156402692199,10.406336123123763,6.2770048305392265
11773,Douglas Augusto,2023,Nantes,Sub,25,1791,0,0,1.3544314978644252,1.5766075644642117,16,18,7,0,0,1.3544314978644252,5.938078632578254,4.403514040634036
