player_id,player_name,season,team,position,games,time,goals,assists,xG,xA,shots,key_passes,yellow,red,npg,npxG,xGChain,xGBuildup
7084,Dusan Vlahovic,2025,Juventus,Sub,7,229,2,0,1.257590025663376,0.0260908305644989,9,1,0,0,2,1.257590025663376,1.065820349380374,0.0741414222866296
7084,Dusan Vlahovic,2024,Juventus,FW,29,1793,10,4,15.096059490926564,1.744228720664978,77,16,3,0,6,12.050864440388978,16.02136825490743,3.582811534404754
7084,Dusan Vlahovic,2023,Juventus,FW,33,2346,16,4,18.15998312085867,2.7414223439991474,110,29,6,1,14,15.114787809550762,15.924202740192412,3.548745024949312
7084,Dusan Vlahovic,2022,Juventus,FW,27,1947,10,2,10.7628720626235,3.777619262225926,68,21,1,0,8,8.478968940675259,10.126459673047066,2.499461960978806
7084,Dusan Vlahovic,2021,Fiorentina,FW,21,1870,17,2,12.299741183407605,1.9319433085620403,75,20,2,0,12,7.731949430890381,11.24009482562542,2.95608695037663
7084,Dusan Vlahovic,2021,Juventus,FW,15,1078,7,1,5.932421382516623,1.1856969892978668,44,9,2,0,7,5.932421382516623,7.838275738060474,2.220695599913597
7084,Dusan Vlahovic,2020,Fiorentina,Sub,37,2945,21,3,18.47659022733569,2.2961632944643497,86,18,1,0,15,13.908836300484836,14.827188201248646,1.5626247003674507
7084,Dusan Vlahovic,2019,Fiorentina,FW,30,1469,6,0,7.293770322110504,1.0073907114565372,65,10,4,1,5,6.532468387391418,7.427898272871971,0.9813135005533696
7084,Dusan Vlahovic,2018,Fiorentina,Sub,10,142,0,0,1.4469232857227323,0.1426570974290371,10,3,0,0,0,1.4469232857227323,1.457325667142868,0.0
