player_id,player_name,season,team,position,games,time,goals,assists,xG,xA,shots,key_passes,yellow,red,npg,npxG,xGChain,xGBuildup
11227,Dzenan Pejcinovic,2025,Wolfsburg,FW,6,231,0,0,1.1534721041098237,0.0,9,0,0,0,0,1.1534721041098237,1.198635441251099,0.1640539988875389
11227,Dzenan Pejcinovic,2023,Wolfsburg,Sub,4,16,0,0,0.1592965424060821,0.1215928681194782,2,2,1,0,0,0.1592965424060821,0.2021501064300537,0.0
11227,Dzenan Pejcinovic,2022,Wolfsburg,Sub,1,5,0,0,0.0,0.0,0,0,0,0,0,0.0,0.0,0.0
