player_id,player_name,season,team,position,games,time,goals,assists,xG,xA,shots,key_passes,yellow,red,npg,npxG,xGChain,xGBuildup
8706,Eberechi Eze,2025,Arsenal,Sub,6,386,0,2,0.7732970882207155,0.790377177298069,12,4,0,0,0,0.7732970882207155,2.3604476153850555,0.8664166424423456
8706,Eberechi Eze,2025,Crystal Palace,AMC,1,87,0,0,0.1798297762870788,0.4323694705963135,6,1,0,0,0,0.1798297762870788,0.4670227766036987,0.3053653538227081
8706,Eberechi Eze,2024,Crystal Palace,AMC,34,2635,8,8,9.876954596489668,7.019554221071303,102,58,1,0,7,8.354616891592741,18.762924566864967,8.675655025988817
8706,Eberechi Eze,2023,Crystal Palace,AMC,27,2097,11,4,9.37310928851366,6.844833366572857,83,54,3,0,10,8.611940443515778,16.38165108114481,6.3479389026761055
8706,Eberechi Eze,2022,Crystal Palace,AMC,38,2657,10,4,6.831764040514827,4.619440779089928,70,57,3,0,9,6.070595199242234,11.0957055054605,4.369746007025242
8706,Eberechi Eze,2021,Crystal Palace,Sub,13,597,1,1,0.4566667973995209,0.9693568199872972,10,11,1,0,1,0.4566667973995209,1.738577522337437,1.2302385084331036
8706,Eberechi Eze,2020,Crystal Palace,Sub,34,2570,4,6,2.494570924434811,3.741961975581944,37,42,3,0,4,2.494570924434811,7.996476820204407,3.959955094382167
