player_id,player_name,season,team,position,games,time,goals,assists,xG,xA,shots,key_passes,yellow,red,npg,npxG,xGChain,xGBuildup
8317,Edmond Tapsoba,2025,Bayer Leverkusen,DC,7,630,1,0,0.7927706185728312,0.0797922294586896,6,3,1,0,1,0.7927706185728312,1.917981892824173,1.7375156981870532
8317,Edmond Tapsoba,2024,Bayer Leverkusen,DC,29,2522,0,0,0.9512282647192478,0.1556804906576872,21,4,4,0,0,0.9512282647192478,9.332944409921764,8.933821065351367
8317,Edmond Tapsoba,2023,Bayer Leverkusen,DC,28,2085,0,1,1.0586105026304722,0.6888151057064533,12,9,4,0,0,1.0586105026304722,16.958674350753427,16.241943368688226
8317,Edmond Tapsoba,2022,Bayer Leverkusen,DC,33,2874,1,0,2.565204307436943,1.047677090391517,15,5,5,0,0,1.0496511161327362,13.109413214027882,12.333076603710651
8317,Edmond Tapsoba,2021,Bayer Leverkusen,Sub,22,1803,1,0,0.460012599825859,0.015871899202466,6,1,1,0,1,0.460012599825859,9.8273815670982,9.8273815670982
8317,Edmond Tapsoba,2020,Bayer Leverkusen,DC,31,2648,1,0,0.8539878018200397,0.4859614931046963,16,3,5,0,1,0.8539878018200397,7.763984400779009,7.585660416632891
8317,Edmond Tapsoba,2019,Bayer Leverkusen,DC,14,1058,0,0,0.2026000041514635,0.0915521010756492,3,1,2,0,0,0.2026000041514635,4.677477435674518,4.573185713496059
