player_id,player_name,season,team,position,games,time,goals,assists,xG,xA,shots,key_passes,yellow,red,npg,npxG,xGChain,xGBuildup
9518,Edoardo Bove,2024,Fiorentina,Sub,12,863,1,2,1.26268844678998,1.4585404973477123,7,11,3,0,1,1.26268844678998,5.152803368866444,3.4689552523195744
9518,Edoardo Bove,2023,Roma,MC,31,1766,0,2,1.5188872143626213,0.919532866217196,19,16,2,0,0,1.5188872143626213,8.768603987060487,6.591720283031464
9518,Edoardo Bove,2022,Roma,Sub,22,987,1,0,1.1490710098296404,1.0293413177132609,7,7,2,0,1,1.1490710098296404,4.400389613583684,2.659473629668355
9518,Edoardo Bove,2021,Roma,Sub,11,56,1,0,0.0166567005217075,0.0,1,0,0,0,1,0.0166567005217075,0.3930920884013176,0.3930920884013176
9518,Edoardo Bove,2020,Roma,Sub,1,8,0,0,0.0,0.0,0,0,0,0,0,0.0,0.0775498002767562,0.0775498002767562
