player_id,player_name,season,team,position,games,time,goals,assists,xG,xA,shots,key_passes,yellow,red,npg,npxG,xGChain,xGBuildup
5081,Edu Expósito,2025,Espanyol,DMC,8,594,0,2,0.6604542881250381,3.298306215554476,10,20,2,0,0,0.6604542881250381,3.893337022513151,3.127135541290045
5081,Edu Expósito,2024,Espanyol,Sub,19,1044,0,2,1.1886334270238876,3.6731601301580663,18,28,3,0,0,1.1886334270238876,4.60960179567337,2.6343457866460085
5081,Edu Expósito,2022,Espanyol,Sub,28,1162,2,2,0.6080315532162786,1.951344233006239,19,21,3,1,2,0.6080315532162786,4.529221378266811,3.0405226051807404
5081,Edu Expósito,2020,Eibar,MC,31,2467,0,3,2.968141415156424,3.3705406840890646,43,43,4,0,0,1.4815854961052537,7.451551333069801,4.352263800799847
5081,Edu Expósito,2019,Eibar,Sub,35,2300,4,1,3.0572074111551046,0.9710892969742416,34,20,3,0,3,1.570651477202773,5.60568645503372,4.274682169780135
5081,Edu Expósito,2017,Deportivo La Coruna,Sub,3,88,0,0,0.0,0.0,0,0,1,0,0,0.0,0.4452777132391929,0.4452777132391929
5081,Edu Expósito,2016,Deportivo La Coruna,MC,1,46,0,0,0.0174780990928411,0.0540952011942863,1,1,0,0,0,0.0174780990928411,0.0540952011942863,0.0540952011942863
