player_id,player_name,season,team,position,games,time,goals,assists,xG,xA,shots,key_passes,yellow,red,npg,npxG,xGChain,xGBuildup
12980,Elias Saad,2025,Augsburg,AMC,6,400,0,0,0.3262613117694855,0.1403270214796066,4,3,1,0,0,0.3262613117694855,0.8555866330862045,0.4956778287887573
12980,Elias Saad,2024,St. Pauli,Sub,18,906,3,2,2.7371819969266653,1.1837855270132422,26,14,1,0,3,2.7371819969266653,4.010569434612989,0.5438273660838604
