player_id,player_name,season,team,position,games,time,goals,assists,xG,xA,shots,key_passes,yellow,red,npg,npxG,xGChain,xGBuildup
9154,Elliot Anderson,2025,Nottingham Forest,DMC,8,720,0,1,0.6691399328410625,0.7788679152727127,9,10,2,0,0,0.6691399328410625,4.068193957209587,2.963447391986847
9154,Elliot Anderson,2024,Nottingham Forest,Sub,37,2773,2,6,2.230010911822319,4.1257980996742845,40,37,10,0,2,2.230010911822319,9.88364265859127,6.357638165354729
9154,Elliot Anderson,2023,Newcastle United,Sub,21,997,0,2,1.341955564916134,1.5226023513823748,19,15,3,0,0,1.341955564916134,6.666737984865904,4.969087693840265
9154,Elliot Anderson,2022,Newcastle United,Sub,22,353,0,1,1.1292364411056042,1.5604944918304682,11,9,0,0,0,1.1292364411056042,3.589391114190221,1.5997926257550716
9154,Elliot Anderson,2020,Newcastle United,Sub,1,3,0,0,0.0,0.0,0,0,0,0,0,0.0,0.0,0.0
