player_id,player_name,season,team,position,games,time,goals,assists,xG,xA,shots,key_passes,yellow,red,npg,npxG,xGChain,xGBuildup
7430,Emerson,2024,AC Milan,Sub,17,1392,0,0,0.3471805658191442,0.955795057117939,10,15,5,0,0,0.3471805658191442,5.5557965859770775,4.902985647320747
7430,Emerson,2023,Tottenham,DR,22,1145,1,0,0.1771470475941896,0.4156769150868058,6,3,4,0,1,0.1771470475941896,4.4803829826414585,4.325593873858452
7430,Emerson,2022,Tottenham,DMR,26,1733,2,1,1.7453065998852253,0.4839589893817901,17,9,2,1,2,1.7453065998852253,7.7816263027489185,5.672533370554447
7430,Emerson,2021,Tottenham,DR,31,2296,1,1,2.020111955702305,2.450624798424542,15,28,5,0,1,2.020111955702305,12.576655813492836,9.261143207550049
7430,Emerson,2021,Barcelona,Sub,3,89,0,0,0.0,0.0,0,0,0,0,0,0.0,0.293846994638443,0.293846994638443
7430,Emerson,2020,Real Betis,DR,34,2998,1,4,1.397949011065066,3.1854076432064176,11,33,9,1,1,1.397949011065066,11.83453775383532,9.574182515963912
7430,Emerson,2019,Real Betis,DR,33,2843,3,6,1.822928819805384,5.373441629111767,26,29,11,0,3,1.822928819805384,11.546792577952148,7.80980680603534
7430,Emerson,2018,Real Betis,Sub,6,319,0,0,0.1446813941001892,0.2737874016165733,3,4,1,0,0,0.1446813941001892,0.8765057064592838,0.4984951093792915
