player_id,player_name,season,team,position,games,time,goals,assists,xG,xA,shots,key_passes,yellow,red,npg,npxG,xGChain,xGBuildup
2203,Emiliano Buendía,2025,Aston Villa,Sub,7,322,2,1,1.016190618276596,0.3569583296775818,11,6,2,0,2,1.016190618276596,1.6099646277725697,0.3474543467164039
2203,Emiliano Buendía,2024,Bayer Leverkusen,Sub,11,254,2,0,0.9033828303217888,1.0546951219439509,7,6,0,0,2,0.9033828303217888,2.058793142437935,0.9003096520900726
2203,Emiliano Buendía,2024,Aston Villa,Sub,12,48,0,0,0.8230422083288431,0.0468223355710506,5,1,1,0,0,0.8230422083288431,0.956121938303113,0.215285837650299
2203,Emiliano Buendía,2022,Aston Villa,Sub,38,2446,5,2,5.6266536470502615,4.373138631694019,49,40,0,0,5,5.6266536470502615,15.272164912894368,7.626095078885555
2203,Emiliano Buendía,2021,Aston Villa,AMC,35,1907,4,6,3.0539291193708777,4.653005113825202,44,47,1,0,4,3.0539291193708777,10.573566023260357,5.318296255543828
2203,Emiliano Buendía,2019,Norwich,AMR,36,2462,1,7,2.1698673060163856,7.190957980230451,40,83,6,1,1,2.1698673060163856,12.547951987944543,7.51115495711565
2203,Emiliano Buendía,2015,Getafe,Sub,17,730,1,0,1.040433205664158,0.2507360056042671,13,5,5,1,1,1.040433205664158,3.046125015243888,1.8742633890360596
2203,Emiliano Buendía,2014,Getafe,Sub,6,123,0,0,0.0545908994972705,0.0940883979201316,2,1,1,0,0,0.0545908994972705,0.1980503052473068,0.049371201545
