player_id,player_name,season,team,position,games,time,goals,assists,xG,xA,shots,key_passes,yellow,red,npg,npxG,xGChain,xGBuildup
10393,Emil Ceïde,2023,Sassuolo,Sub,11,141,0,0,0.1400832580402493,0.2053149845451116,2,4,0,0,0,0.1400832580402493,0.407642682082951,0.1018226519227027
10393,Emil Ceïde,2022,Sassuolo,Sub,19,479,0,1,1.1233562361449003,1.4800910614430904,10,8,0,0,0,1.1233562361449003,3.2437249831855297,0.7564365416765213
10393,Emil Ceïde,2021,Sassuolo,Sub,6,36,0,0,0.0,0.0,0,0,0,0,0,0.0,0.234160304069519,0.234160304069519
