player_id,player_name,season,team,position,games,time,goals,assists,xG,xA,shots,key_passes,yellow,red,npg,npxG,xGChain,xGBuildup
10956,Emil Holm,2025,Bologna,DR,2,174,1,1,0.6001479290425777,0.030418237671256,2,1,0,0,1,0.6001479290425777,0.0757565349340438,0.030418237671256
10956,Emil Holm,2024,Bologna,Sub,21,1129,1,1,0.7301032273098826,1.009086690843105,10,10,3,0,1,0.7301032273098826,3.90553546603769,2.899813083000481
10956,Emil Holm,2023,Atalanta,Sub,22,956,1,1,3.351479221135378,1.2132441699504852,26,4,5,0,1,3.351479221135378,5.254846431314945,3.025589451193809
10956,Emil Holm,2022,Spezia,Sub,20,1403,1,1,0.8877306086942554,1.8249831153079867,15,14,4,0,1,0.8877306086942554,3.8496303409338,2.356549009680748
