player_id,player_name,season,team,position,games,time,goals,assists,xG,xA,shots,key_passes,yellow,red,npg,npxG,xGChain,xGBuildup
8913,Emmanuel Gyasi,2024,Empoli,DMR,37,3238,2,1,5.102962395176292,1.4408680945634842,22,17,5,0,2,5.102962395176292,9.220969841815531,4.194316642358899
8913,Emmanuel Gyasi,2023,Empoli,AML,33,1855,1,2,3.2399215884506702,1.2464483184739947,16,10,9,0,1,3.2399215884506702,5.84683699067682,1.7417074032127855
8913,Emmanuel Gyasi,2022,Spezia,DMR,35,2875,2,0,4.137508027255535,1.6554115992039442,34,22,10,0,2,4.137508027255535,8.667093068361282,3.6003370406106114
8913,Emmanuel Gyasi,2021,Spezia,FW,36,3058,6,0,6.512755231931806,1.5619996874593198,39,22,10,0,6,6.512755231931806,12.731076292693617,5.665695047006011
8913,Emmanuel Gyasi,2020,Spezia,FWL,37,2869,4,6,5.1168184243142605,4.33998222835362,29,28,4,0,4,5.1168184243142605,12.612692832946776,4.7773666102439165
