player_id,player_name,season,team,position,games,time,goals,assists,xG,xA,shots,key_passes,yellow,red,npg,npxG,xGChain,xGBuildup
6692,Enrico Del Prato,2025,Parma Calcio 1913,DC,7,630,0,0,0.6631802432239056,0.1386076658964157,6,2,1,0,0,0.6631802432239056,1.1103855222463608,0.9233614653348924
6692,Enrico Del Prato,2024,Parma Calcio 1913,Sub,34,2944,4,0,1.9651844333857296,1.280717672780156,12,15,8,0,4,1.9651844333857296,8.776847595348954,7.230205884203315
