player_id,player_name,season,team,position,games,time,goals,assists,xG,xA,shots,key_passes,yellow,red,npg,npxG,xGChain,xGBuildup
6712,Enzo Loiodice,2024,Las Palmas,DMC,17,661,0,0,0.2166092954576015,0.1672270242124796,7,5,3,0,0,0.2166092954576015,1.9230579771101477,1.7084442004561424
6712,Enzo Loiodice,2023,Las Palmas,MC,34,1805,0,1,0.6150052286684513,1.1749551789835095,16,19,3,0,0,0.6150052286684513,4.874503262341023,4.1022844389081
6712,Enzo Loiodice,2019,Dijon,Sub,5,186,0,0,0.0887156934477388,0.0,3,0,0,0,0,0.0887156934477388,0.4906354015693068,0.4019193034619093
6712,Enzo Loiodice,2018,Dijon,MC,12,855,0,1,0.0874248975887894,0.5596878957003355,5,6,3,1,0,0.0874248975887894,2.1664524665102363,2.005309287458658
6712,Enzo Loiodice,2017,Dijon,Sub,4,163,0,0,0.0,0.0481580011546611,0,1,0,0,0,0.0,0.5257898978888988,0.4776319079101085
