player_id,player_name,season,team,position,games,time,goals,assists,xG,xA,shots,key_passes,yellow,red,npg,npxG,xGChain,xGBuildup
10375,Enzo Tchato Mbiayi,2024,Montpellier,DR,27,1897,0,0,0.1498086592182517,1.415210192091763,4,14,3,0,0,0.1498086592182517,4.054414887912571,2.7722308235242963
10375,Enzo Tchato Mbiayi,2023,Montpellier,Sub,17,1119,0,0,0.3418476041406393,0.1950671644881367,5,7,2,0,0,0.3418476041406393,3.253545278683305,2.814757982268929
10375,Enzo Tchato Mbiayi,2022,Montpellier,DR,21,1066,1,1,0.3600631803274154,1.1379008740186691,4,5,1,0,1,0.3600631803274154,3.0172952953726053,2.598007814958692
