player_id,player_name,season,team,position,games,time,goals,assists,xG,xA,shots,key_passes,yellow,red,npg,npxG,xGChain,xGBuildup
9053,Eric Martel,2025,FC Cologne,MC,7,603,0,2,0.0205050092190504,1.0374141111969948,1,4,2,0,0,0.0205050092190504,3.072905123233795,2.452136054635048
9053,Eric Martel,2023,FC Cologne,DMC,30,2484,1,1,2.5668789613991976,1.150712525472045,27,12,6,0,1,2.5668789613991976,4.240097777917981,3.29002910014242
9053,Eric Martel,2022,FC Cologne,DMC,29,2033,1,1,1.642373476177454,0.8461567042395473,28,7,6,0,1,1.642373476177454,3.915235852822661,2.890046799555421
