player_id,player_name,season,team,position,games,time,goals,assists,xG,xA,shots,key_passes,yellow,red,npg,npxG,xGChain,xGBuildup
10963,Erik Botheim,2023,Salernitana,FW,7,317,0,0,0.0329855121672153,0.0,1,0,1,0,0,0.0329855121672153,0.1875474713742733,0.1545619554817676
10963,Erik Botheim,2022,Salernitana,FW,28,842,1,3,0.3710021488368511,1.588100902736187,7,8,2,0,1,0.3710021488368511,2.7513319104909897,1.0519604459404943
