player_id,player_name,season,team,position,games,time,goals,assists,xG,xA,shots,key_passes,yellow,red,npg,npxG,xGChain,xGBuildup
6496,Ermedin Demirovic,2025,VfB Stuttgart,FW,6,505,3,1,2.6299759969115257,0.3917774930596351,10,5,1,0,2,1.872199319303036,2.768768809735775,1.2470280416309834
6496,Ermedin Demirovic,2024,VfB Stuttgart,FW,34,1847,15,1,17.190185952931643,2.3308997359126806,66,18,2,0,15,15.674632657319307,18.022325498983264,3.6710129603743553
6496,Ermedin Demirovic,2023,Augsburg,AMC,33,2911,15,9,14.406423318199812,4.684111354872584,83,33,7,0,12,11.37531662452966,17.19372038450092,4.087510204873979
6496,Ermedin Demirovic,2022,Augsburg,FW,30,2415,8,4,8.07651238143444,3.547700279392302,62,28,7,1,7,7.318736102432013,10.457560524344444,1.3924938049167397
6496,Ermedin Demirovic,2021,Freiburg,Sub,31,852,2,3,3.747246023267508,1.8191473968327043,25,10,4,0,2,3.747246023267508,6.193144336342812,1.0300002209842205
6496,Ermedin Demirovic,2020,Freiburg,Sub,30,1518,5,6,5.165380647405982,4.5631964802742,42,16,7,0,5,5.165380647405982,9.513705303892491,2.169701097533107
6496,Ermedin Demirovic,2017,Alaves,Sub,3,181,1,1,1.344413012266159,0.0422453992068767,6,1,0,0,1,1.344413012266159,1.471847966313362,0.1014273017644882
