player_id,player_name,season,team,position,games,time,goals,assists,xG,xA,shots,key_passes,yellow,red,npg,npxG,xGChain,xGBuildup
12060,Ernest Nuamah,2024,Lyon,FWR,23,1038,3,1,2.1159475408494477,1.9597924686968329,28,18,2,0,3,2.1159475408494477,8.678813071921468,6.032109923660755
12060,Ernest Nuamah,2023,Lyon,AMR,29,1861,3,2,4.488262306898832,4.6635559890419245,43,29,4,0,3,4.488262306898832,10.613944187760351,4.294388744980097
