player_id,player_name,season,team,position,games,time,goals,assists,xG,xA,shots,key_passes,yellow,red,npg,npxG,xGChain,xGBuildup
12850,Esteban Lepaul,2025,Rennes,FW,6,530,3,2,2.469276547431946,1.0631457716226578,14,4,0,0,3,2.469276547431946,4.681340843439102,1.7081111297011375
12850,Esteban Lepaul,2025,Angers,FW,2,179,1,0,0.4703880101442337,0.1915777325630188,3,2,0,0,1,0.4703880101442337,0.7535976469516754,0.0916318967938423
12850,Esteban Lepaul,2024,Angers,Sub,28,1638,9,0,7.325011699460447,1.1495548896491528,41,7,2,0,9,7.325011699460447,8.115739746019244,0.8236304074525833
