player_id,player_name,season,team,position,games,time,goals,assists,xG,xA,shots,key_passes,yellow,red,npg,npxG,xGChain,xGBuildup
11132,Ethan Nwaneri,2025,Arsenal,Sub,4,137,0,0,0.3022662913426757,0.0484081842005252,5,1,0,0,0,0.3022662913426757,1.139277845621109,0.9847383946180344
11132,Ethan Nwaneri,2024,Arsenal,Sub,26,883,4,2,1.7757814601063728,1.1617773352190852,24,16,1,0,4,1.7757814601063728,4.733230505138636,2.751387098804116
11132,Ethan Nwaneri,2023,Arsenal,Sub,1,6,0,0,0.0,0.0245362166315317,0,1,0,0,0,0.0,0.0245362166315317,0.0245362166315317
11132,Ethan Nwaneri,2022,Arsenal,Sub,1,1,0,0,0.0,0.0,0,0,0,0,0,0.0,0.0,0.0
