player_id,player_name,season,team,position,games,time,goals,assists,xG,xA,shots,key_passes,yellow,red,npg,npxG,xGChain,xGBuildup
7726,Ezri Konsa Ngoyo,2025,Aston Villa,DC,7,606,0,0,0.02329982817173,0.049629308283329,1,1,0,1,0,0.02329982817173,1.4378605782985687,1.3882313072681427
7726,Ezri Konsa Ngoyo,2024,Aston Villa,DC,34,2934,2,0,1.103471640497446,0.4107247851788997,11,6,1,0,2,1.103471640497446,9.736158462241292,9.216016562655568
7726,Ezri Konsa Ngoyo,2023,Aston Villa,DC,35,3090,1,0,2.3284507524222136,0.6873185783624649,19,8,5,0,1,2.3284507524222136,14.659921541810036,13.562622778117657
7726,Ezri Konsa Ngoyo,2022,Aston Villa,DC,38,3325,0,0,0.8061013985425234,1.4513042895123365,8,8,6,0,0,0.8061013985425234,10.92092332523316,10.34645892959088
7726,Ezri Konsa Ngoyo,2021,Aston Villa,DC,29,2494,2,0,1.206902057863772,0.270699905231595,14,4,4,2,2,1.206902057863772,4.54279619269073,4.291604299098253
7726,Ezri Konsa Ngoyo,2020,Aston Villa,DC,36,3192,2,0,3.2915586698800325,0.0931767001748085,22,2,3,0,2,3.2915586698800325,3.4295510537922382,3.381944954395294
7726,Ezri Konsa Ngoyo,2019,Aston Villa,Sub,25,2054,1,2,1.669818784110248,0.8850580882281065,11,11,3,0,1,1.669818784110248,2.9527189023792744,2.5491498187184334
