player_id,player_name,season,team,position,games,time,goals,assists,xG,xA,shots,key_passes,yellow,red,npg,npxG,xGChain,xGBuildup
1752,Fabio,2022,Nantes,Sub,6,217,0,0,0.4029714949429035,0.7639936096966267,3,4,1,1,0,0.4029714949429035,2.407537005841732,1.9072380065917969
1752,Fabio,2021,Nantes,DL,27,1695,0,2,0.5888411942869425,0.9830874921754004,11,10,8,1,0,0.5888411942869425,6.091770062223077,5.103922883048654
1752,Fabio,2020,Nantes,DR,22,1511,0,1,0.3083765087649226,0.6353958947584033,8,11,3,1,0,0.3083765087649226,2.6631067683920264,1.8374959714710712
1752,Fabio,2019,Nantes,DR,10,834,0,0,0.047167700715363,0.3684643991291523,3,7,4,0,0,0.047167700715363,2.046215900219977,1.9078965047374368
1752,Fabio,2018,Nantes,DR,20,1294,0,2,0.0429619289934635,0.9140011062845588,3,15,3,1,0,0.0429619289934635,3.592698674649,2.8588691018521786
1752,Fabio,2016,Middlesbrough,DR,24,1856,0,0,0.1470823008567094,0.7305000070482492,5,16,8,0,0,0.1470823008567094,3.58852565754205,3.0109126269817352
