player_id,player_name,season,team,position,games,time,goals,assists,xG,xA,shots,key_passes,yellow,red,npg,npxG,xGChain,xGBuildup
12038,Fabian Rieder,2025,Augsburg,AMC,5,445,2,2,1.6624851673841476,0.7957597561180592,10,9,1,0,1,0.9047085084021091,1.5326420553028584,0.2304465137422084
12038,Fabian Rieder,2025,Rennes,MC,3,144,0,0,0.0142771871760487,0.2747606635093689,1,2,0,0,0,0.0142771871760487,0.4903169274330139,0.2012790739536285
12038,Fabian Rieder,2024,VfB Stuttgart,Sub,21,855,1,3,1.4751421865075829,2.142737478017807,20,12,1,0,1,1.4751421865075829,6.1427635587751865,3.629049882292748
12038,Fabian Rieder,2023,Rennes,Sub,15,342,1,0,0.4622965827584266,0.553330309689045,5,4,0,0,1,0.4622965827584266,1.128715455532074,0.2004500105977058
