player_id,player_name,season,team,position,games,time,goals,assists,xG,xA,shots,key_passes,yellow,red,npg,npxG,xGChain,xGBuildup
5,Fabian Holland,2023,Darmstadt,MC,23,1874,0,2,0.768468352034688,1.1599683593958616,11,17,4,1,0,0.768468352034688,6.395354073494673,4.933516290038824
5,Fabian Holland,2016,Darmstadt,DL,26,2258,0,0,0.2754415115341544,0.8840806037187576,2,12,2,0,0,0.2754415115341544,2.1720656007528305,1.6826917985454202
5,Fabian Holland,2015,Darmstadt,DL,18,1437,0,0,0.0360509995371103,0.4787452006712556,3,5,5,0,0,0.0360509995371103,1.3847530838102102,1.2552305813878777
