player_id,player_name,season,team,position,games,time,goals,assists,xG,xA,shots,key_passes,yellow,red,npg,npxG,xGChain,xGBuildup
3420,Fabinho,2022,Liverpool,MC,36,2691,0,2,0.6533067272976041,2.687867143191397,18,17,11,0,0,0.6533067272976041,15.346531419083476,13.409233009442689
3420,Fabinho,2021,Liverpool,Sub,29,2320,5,1,5.033523061312735,1.262206269428134,21,17,7,0,3,3.511185065843165,10.567334730178118,9.501623323187232
3420,Fabinho,2020,Liverpool,Sub,30,2563,0,0,0.3624892998486757,0.2980616018176079,10,4,6,0,0,0.3624892998486757,11.808018939569592,11.55500485189259
3420,Fabinho,2019,Liverpool,MC,28,2063,2,3,0.308101499453187,1.675139798782766,12,19,6,0,2,0.308101499453187,11.502582296729088,10.285113245248796
3420,Fabinho,2018,Liverpool,Sub,28,2006,1,2,1.1445506745949388,1.3083825185894966,17,16,6,0,1,1.1445506745949388,9.326501950621603,7.96835396438837
3420,Fabinho,2017,Monaco,MC,34,3060,7,3,5.170689343474805,4.252503065392375,25,36,8,0,3,2.130308272317052,16.51916810683906,14.181379232555628
3420,Fabinho,2016,Monaco,MC,37,3067,9,1,7.34357899799943,2.5583842024207115,31,33,8,0,2,2.0229182951152325,18.127021067775782,14.364796848967671
3420,Fabinho,2015,Monaco,DR,34,3060,6,4,5.418282768689096,3.177019910886884,29,25,9,0,0,0.8577117016538978,8.815976854413748,6.300277759321034
3420,Fabinho,2014,Monaco,DR,36,3170,1,0,0.8046537060290575,1.4105224050581455,18,22,4,0,1,0.8046537060290575,13.0494098495692,11.491599874570966
