player_id,player_name,season,team,position,games,time,goals,assists,xG,xA,shots,key_passes,yellow,red,npg,npxG,xGChain,xGBuildup
9924,Fabiano Parisi,2025,Fiorentina,Sub,2,31,0,0,0.0,0.0,0,0,1,0,0,0.0,0.0315394550561904,0.0315394550561904
9924,Fabiano Parisi,2024,Fiorentina,Sub,26,1107,2,0,0.4368079118430614,1.035966550000012,9,4,3,0,2,0.4368079118430614,3.231815998442471,1.777893790975213
9924,Fabiano Parisi,2023,Fiorentina,DL,21,1451,0,1,1.1005738358944654,2.193103577941656,12,16,4,0,0,1.1005738358944654,9.431910619139671,7.188881734386087
9924,Fabiano Parisi,2022,Empoli,DL,33,2842,2,0,1.8837269730865955,1.8162786290049555,21,21,10,1,2,1.8837269730865955,8.0690455166623,5.201673832722008
9924,Fabiano Parisi,2021,Empoli,Sub,25,1467,0,1,0.9512948878109456,0.3589945966377854,16,9,5,0,0,0.9512948878109456,4.264624821953476,3.264774678274989
