player_id,player_name,season,team,position,games,time,goals,assists,xG,xA,shots,key_passes,yellow,red,npg,npxG,xGChain,xGBuildup
10987,Fabrizio Angileri,2023,Getafe,Sub,12,215,0,0,0.0,1.3041672706604004,0,4,2,0,0,0.0,1.1894072806462646,0.668181031011045
10987,Fabrizio Angileri,2022,Getafe,DL,15,578,0,0,0.0761368982493877,0.0,3,0,2,1,0,0.0761368982493877,0.2932116957381367,0.2427912959828972
