player_id,player_name,season,team,position,games,time,goals,assists,xG,xA,shots,key_passes,yellow,red,npg,npxG,xGChain,xGBuildup
8664,Facundo Medina,2025,Marseille,DL,2,154,0,0,0.0,0.0,0,0,0,0,0,0.0,1.46879181265831,1.46879181265831
8664,Facundo Medina,2024,Lens,DC,29,2558,0,1,1.997521806508303,2.1699847169220448,28,23,13,1,0,1.997521806508303,13.792968783527613,10.98086129128933
8664,Facundo Medina,2023,Lens,DC,31,2714,1,3,1.0300949662923813,2.136337280273437,21,26,11,0,1,1.0300949662923813,12.228698570281267,10.28387147001922
8664,Facundo Medina,2022,Lens,DC,32,2791,2,4,2.448665512725711,1.9753020964562893,18,15,7,0,2,2.448665512725711,15.533494353294373,13.940416667610409
8664,Facundo Medina,2021,Lens,DC,31,2605,1,0,1.8611977007240057,0.1189751010388135,9,4,11,0,1,1.8611977007240057,10.258276062086225,9.390287451446056
8664,Facundo Medina,2020,Lens,DC,24,2009,2,0,1.172156497836113,0.6419942956417799,9,8,11,0,2,1.172156497836113,6.584033850580454,6.074867032468319
