player_id,player_name,season,team,position,games,time,goals,assists,xG,xA,shots,key_passes,yellow,red,npg,npxG,xGChain,xGBuildup
1387,Faouzi Ghoulam,2022,Angers,Sub,7,491,0,0,0.0198331996798515,0.5152182001620531,1,10,0,0,0,0.0198331996798515,0.4382200036197901,0.4022546019405126
1387,Faouzi Ghoulam,2021,Napoli,Sub,14,313,0,0,0.1199453994631767,0.2374299988150596,3,7,1,0,0,0.1199453994631767,1.3477056063711643,1.3230045102536678
1387,Faouzi Ghoulam,2020,Napoli,Sub,11,273,0,0,0.1155938021838665,0.7508809007704258,3,7,1,0,0,0.1155938021838665,1.4422584865242245,1.308063292875886
1387,Faouzi Ghoulam,2019,Napoli,Sub,9,361,0,1,0.1857772981747985,1.3080245703458786,4,8,2,0,0,0.1857772981747985,2.1345200538635254,1.4914661943912506
1387,Faouzi Ghoulam,2018,Napoli,DL,16,1162,1,3,1.1407533250749111,3.023981424048543,9,25,2,0,1,1.1407533250749111,8.498935736715794,6.553511619567871
1387,Faouzi Ghoulam,2017,Napoli,DL,11,989,2,3,0.7626201994717121,2.030143428593874,10,28,1,0,2,0.7626201994717121,7.21476212143898,5.736420035362244
1387,Faouzi Ghoulam,2016,Napoli,DL,29,2377,0,6,0.6280845440924168,5.159741879440844,18,60,1,0,0,0.6280845440924168,13.107413157820702,11.02754333615303
1387,Faouzi Ghoulam,2015,Napoli,Sub,34,2920,0,3,0.61505619995296,2.6379287419840693,22,32,3,0,0,0.61505619995296,16.64284983277321,14.43050441145897
1387,Faouzi Ghoulam,2014,Napoli,DL,21,1759,0,2,0.6378507977351546,2.6551416041329503,18,24,6,1,0,0.6378507977351546,11.333743881434202,9.048908327706158
