player_id,player_name,season,team,position,games,time,goals,assists,xG,xA,shots,key_passes,yellow,red,npg,npxG,xGChain,xGBuildup
10792,Farès Chaïbi,2025,Eintracht Frankfurt,DMC,7,515,1,4,0.8428324572741985,1.856179712340236,7,17,1,0,1,0.8428324572741985,3.9509589225053783,1.9160541892051697
10792,Farès Chaïbi,2024,Eintracht Frankfurt,AML,26,993,1,3,3.02254181355238,2.600599684752524,25,24,2,0,1,3.02254181355238,10.668474096804855,6.37330824136734
10792,Farès Chaïbi,2023,Eintracht Frankfurt,Sub,28,1937,2,4,4.5395487267524,7.007488042116165,40,50,2,0,2,4.5395487267524,11.82070443034172,4.844033380970359
10792,Farès Chaïbi,2023,Toulouse,Sub,2,49,0,1,0.0,0.5024143569171429,0,2,1,0,0,0.0,0.0675205066800117,0.0265078227967023
10792,Farès Chaïbi,2022,Toulouse,AMC,36,2349,5,5,5.848386097699404,5.448525793850422,63,31,2,0,5,5.848386097699404,14.054165935143828,6.465429486706853
