player_id,player_name,season,team,position,games,time,goals,assists,xG,xA,shots,key_passes,yellow,red,npg,npxG,xGChain,xGBuildup
10695,Faride Alidou,2024,Verona,Sub,3,63,0,0,0.0125049231573939,0.0136390067636966,1,1,0,0,0,0.0125049231573939,0.4287064578384161,0.4162015356123447
10695,Faride Alidou,2023,FC Cologne,Sub,26,1297,4,0,4.491334058344364,0.6120355743914843,33,14,4,0,4,4.491334058344364,5.366597069427371,1.727730430662632
10695,Faride Alidou,2022,Eintracht Frankfurt,Sub,15,143,0,1,0.0943684019148349,0.4530500024557113,2,3,0,0,0,0.0943684019148349,1.5022531151771543,0.9548341259360312
