player_id,player_name,season,team,position,games,time,goals,assists,xG,xA,shots,key_passes,yellow,red,npg,npxG,xGChain,xGBuildup
1320,Federico Barba,2024,Como,DC,7,434,0,0,0.6274126172065735,0.0,2,0,0,0,0,0.6274126172065735,0.1915287654846906,0.1915287654846906
1320,Federico Barba,2020,Benevento,DL,32,2661,0,2,0.5403175037354231,1.5261480007320642,13,13,8,0,0,0.5403175037354231,4.667751375585794,4.175875443965197
1320,Federico Barba,2019,Real Valladolid,DL,5,450,0,0,0.0446399003267288,0.0404541008174419,1,1,3,0,0,0.0446399003267288,0.1149024032056331,0.0744483023881912
1320,Federico Barba,2018,Chievo,DL,30,2481,0,0,0.9821115862578154,1.4761937614530325,9,11,5,2,0,0.9821115862578154,3.8765500131994486,2.6253175297752023
1320,Federico Barba,2016,Empoli,DC,11,809,0,0,0.2289348989725113,0.0300549007952213,4,1,3,0,0,0.2289348989725113,0.8044934794306755,0.8044934794306755
1320,Federico Barba,2015,Empoli,DC,10,891,0,1,0.1859274012967944,0.040871899574995,3,1,3,0,0,0.1859274012967944,0.8444876940920949,0.8314018938690424
1320,Federico Barba,2015,VfB Stuttgart,DC,2,143,1,0,0.0608226992189884,0.0,1,0,0,0,1,0.0608226992189884,0.0301664005964994,0.0301664005964994
1320,Federico Barba,2014,Empoli,DC,18,1268,2,1,1.154901346191764,0.0842185001820325,5,3,2,0,2,1.154901346191764,1.6761941816657782,1.6092714816331863
