player_id,player_name,season,team,position,games,time,goals,assists,xG,xA,shots,key_passes,yellow,red,npg,npxG,xGChain,xGBuildup
7905,Fede San Emeterio,2023,Cadiz,MC,4,164,1,0,0.1277366429567337,0.0737049728631973,1,1,1,1,1,0.1277366429567337,0.297201007604599,0.2234960347414016
7905,Fede San Emeterio,2022,Cadiz,Sub,33,1881,0,1,0.2614647727459669,0.6822453318163753,6,6,14,0,0,0.2614647727459669,2.506948595866561,2.340578841045499
7905,Fede San Emeterio,2021,Cadiz,MC,12,853,0,0,0.0,0.6051832884550095,0,3,3,0,0,0.0,1.859764540567994,1.6173135433346033
7905,Fede San Emeterio,2020,Real Valladolid,DMC,24,1465,0,0,0.0964387021958828,0.077149000018835,3,4,7,0,0,0.0964387021958828,1.4952425733208656,1.4164205798879266
7905,Fede San Emeterio,2019,Real Valladolid,MC,25,1755,0,0,0.0373705998063087,0.454870093613863,3,6,4,0,0,0.0373705998063087,5.015079552307725,4.561957065016031
