player_id,player_name,season,team,position,games,time,goals,assists,xG,xA,shots,key_passes,yellow,red,npg,npxG,xGChain,xGBuildup
7921,Felipe,2023,Nottingham Forest,Sub,7,369,0,0,0.17141835950315,0.0380167607218027,3,2,3,0,0,0.17141835950315,1.4830044843256474,1.4425167199224234
7921,Felipe,2022,Nottingham Forest,Sub,16,1427,0,1,1.246483264490962,1.502428017556667,13,7,4,0,0,1.246483264490962,2.322425527498126,2.1818392034620047
7921,Felipe,2022,Atletico Madrid,DC,3,190,0,0,0.0786131992936134,0.0399608016014099,1,2,0,0,0,0.0786131992936134,0.0573863983154296,0.0573863983154296
7921,Felipe,2021,Atletico Madrid,DC,26,1488,2,1,1.2815612256526947,0.6495694816112518,11,5,5,1,2,1.2815612256526947,3.871247540228069,3.798184239305556
7921,Felipe,2020,Atletico Madrid,DC,31,2049,0,0,1.2922934163361788,0.4239558656699955,13,3,8,0,0,1.2922934163361788,6.536196740344167,6.514497743919492
7921,Felipe,2019,Atletico Madrid,Sub,25,2094,1,0,1.8041778448969128,0.114869300276041,19,4,7,0,1,1.8041778448969128,2.498427109792829,2.443687604740262
