player_id,player_name,season,team,position,games,time,goals,assists,xG,xA,shots,key_passes,yellow,red,npg,npxG,xGChain,xGBuildup
10077,Felix Afena-Gyan,2022,Cremonese,Sub,23,794,0,0,1.573454374447465,0.1365373022854328,21,3,4,0,0,1.573454374447465,2.2429215647280216,0.9630447197705508
10077,Felix Afena-Gyan,2021,Roma,Sub,17,654,2,0,1.9060104163363576,0.7781295217573643,17,6,3,1,2,1.9060104163363576,3.3265008367598057,1.0174039714038372
