player_id,player_name,season,team,position,games,time,goals,assists,xG,xA,shots,key_passes,yellow,red,npg,npxG,xGChain,xGBuildup
11822,Fermín López,2025,Barcelona,AMC,5,235,2,0,0.5651003867387772,0.9679837971925735,11,4,0,0,2,0.5651003867387772,3.5763207376003265,2.5594291016459465
11822,Fermín López,2024,Barcelona,Sub,28,1224,6,5,4.756551628932357,4.712301393970847,41,29,4,1,6,4.756551628932357,15.650715451687574,7.853520656004548
11822,Fermín López,2023,Barcelona,Sub,31,1447,8,0,8.455701429396868,1.420464774593711,51,17,2,0,8,8.455701429396868,12.826990146189928,3.3985758498311043
