player_id,player_name,season,team,position,games,time,goals,assists,xG,xA,shots,key_passes,yellow,red,npg,npxG,xGChain,xGBuildup
6916,Fernando Calero,2025,Espanyol,DC,6,446,0,0,0.7799359485507011,0.0242636129260063,3,1,2,0,0,0.7799359485507011,0.3543661050498485,0.2171351723372936
6916,Fernando Calero,2024,Espanyol,DC,21,675,1,0,0.5672088414430618,0.0529283210635185,2,3,1,0,1,0.5672088414430618,2.448731379583478,2.4190296418964863
6916,Fernando Calero,2022,Espanyol,MC,27,1642,0,1,0.4740687049925327,0.3594053275883198,7,4,6,0,0,0.4740687049925327,4.9435870135203,4.66071108635515
6916,Fernando Calero,2021,Espanyol,DC,16,1099,0,0,0.090234100818634,0.0987896006554365,1,2,3,0,0,0.090234100818634,3.136921029537916,3.1203950457274914
6916,Fernando Calero,2019,Espanyol,Sub,15,1042,0,0,0.0,0.0,0,0,4,1,0,0.0,1.9193553654477,1.9193553654477
6916,Fernando Calero,2018,Real Valladolid,DC,36,3131,1,0,0.5485896011814475,0.5020151007920504,10,5,7,0,1,0.5485896011814475,6.624418235383928,6.491227245889604
