player_id,player_name,season,team,position,games,time,goals,assists,xG,xA,shots,key_passes,yellow,red,npg,npxG,xGChain,xGBuildup
615,Fernando,2023,Sevilla,DMC,8,450,0,0,0.0171756707131862,0.7489490881562233,1,2,0,0,0,0.0171756707131862,1.6335179647430778,0.9835764011368155
615,Fernando,2022,Sevilla,DMC,22,1590,0,1,0.2176484111696481,0.6410906948149204,6,9,3,1,0,0.2176484111696481,3.3378488272428517,2.660781491547823
615,Fernando,2021,Sevilla,MC,24,1846,1,1,0.8028483837842941,0.2804914023727178,6,6,6,0,1,0.8028483837842941,6.657081926241517,5.888523267582059
615,Fernando,2020,Sevilla,MC,31,2545,3,4,1.3993392419070003,3.3582399133592844,6,19,6,0,3,1.3993392419070003,11.564927769824862,8.876803843304515
615,Fernando,2019,Sevilla,MC,34,2648,2,3,2.8275275472551584,0.4590686112642288,15,10,13,0,2,2.8275275472551584,7.776654340326786,7.067471236921847
615,Fernando,2016,Manchester City,Sub,15,547,0,0,0.1035420000553131,0.1597385071218013,2,3,3,0,0,0.1035420000553131,2.999322634190321,2.799349159002304
615,Fernando,2015,Manchester City,MC,24,1703,2,0,2.896815828979016,0.3292692955583334,15,8,4,0,2,2.896815828979016,4.508109111338854,4.396472107619047
615,Fernando,2014,Manchester City,MC,25,1886,2,2,1.6811583247035742,1.577612780034542,10,13,6,0,2,1.6811583247035742,11.181313641369345,9.97344794496894
