player_id,player_name,season,team,position,games,time,goals,assists,xG,xA,shots,key_passes,yellow,red,npg,npxG,xGChain,xGBuildup
5042,Fernando Pacheco,2022,Espanyol,GK,16,1440,0,0,0,0.1263236682862043,0,3,0,0,0,0,1.3957984391599894,1.269474774599075
5042,Fernando Pacheco,2022,Almeria,GK,1,90,0,0,0,0.0,0,0,0,0,0,0,0.0,0.0
5042,Fernando Pacheco,2021,Alaves,GK,34,3054,0,0,0,0.0424397997558116,0,2,1,0,0,0,1.4128342121839523,1.3703944142907858
5042,Fernando Pacheco,2020,Alaves,GK,38,3348,0,0,0,0.0,0,0,1,0,0,0,1.198777610436082,1.198777610436082
5042,Fernando Pacheco,2019,Alaves,GK,27,2358,0,0,0,0.0725254993885755,0,2,0,1,0,0,0.5988347064703703,0.568490207195282
5042,Fernando Pacheco,2018,Alaves,GK,35,3150,0,0,0,0.0902284001931548,0,3,3,0,0,0,1.4688700302504003,1.3786416300572455
5042,Fernando Pacheco,2017,Alaves,GK,38,3357,0,0,0,0.0,0,0,2,0,0,0,1.0306359138339758,1.0306359138339758
5042,Fernando Pacheco,2016,Alaves,GK,36,3240,0,0,0,0.0339065007865428,0,1,1,0,0,0,1.073321107774973,1.03941460698843
