player_id,player_name,season,team,position,games,time,goals,assists,xG,xA,shots,key_passes,yellow,red,npg,npxG,xGChain,xGBuildup
6797,Filip Uremovic,2022,Hertha Berlin,DC,22,1740,0,0,1.2444611145183444,0.4669527933001518,9,4,6,1,0,1.2444611145183444,2.417475624475628,2.1183761046268046
6797,Filip Uremovic,2021,Rubin Kazan,DC,18,1466,0,0,0.1609111968427896,0.1088835038244724,5,2,6,0,0,0.1609111968427896,3.4057423938065767,3.3389038126915693
6797,Filip Uremovic,2020,Rubin Kazan,DC,24,1995,0,0,1.8080498836934569,0.4308901010081172,16,13,8,0,0,1.8080498836934569,6.6520775482058525,5.222726173698902
6797,Filip Uremovic,2019,Rubin Kazan,DC,25,2250,0,1,1.328920199535787,0.167536299675703,18,7,12,0,0,1.328920199535787,4.484845803119242,3.980326272547245
6797,Filip Uremovic,2018,Rubin Kazan,DC,23,1938,1,0,0.8827680964022875,0.4884363897144794,11,6,7,0,1,0.8827680964022875,2.850016852840781,2.0782504342496395
