player_id,player_name,season,team,position,games,time,goals,assists,xG,xA,shots,key_passes,yellow,red,npg,npxG,xGChain,xGBuildup
9263,Filippo Ranocchia,2023,Empoli,MC,9,474,0,0,0.2098854109644889,0.9020096212625504,6,4,3,0,0,0.2098854109644889,1.0342459380626678,0.2303450182080268
9263,Filippo Ranocchia,2022,Monza,MC,14,512,1,0,1.52137160487473,0.2889857031404972,19,7,1,0,1,1.52137160487473,2.324698530137539,1.0368639016523955
