player_id,player_name,season,team,position,games,time,goals,assists,xG,xA,shots,key_passes,yellow,red,npg,npxG,xGChain,xGBuildup
10113,Fisnik Asllani,2025,Hoffenheim,FW,7,557,4,1,3.4321458227932453,0.9299718588590622,22,9,1,0,4,3.4321458227932453,4.751237124204636,0.5907992031425238
10113,Fisnik Asllani,2022,Hoffenheim,Sub,8,138,0,0,1.5902240723371506,0.1401693001389503,9,3,0,0,0,1.5902240723371506,0.7949380166828632,0.3121355921030044
10113,Fisnik Asllani,2021,Hoffenheim,Sub,2,7,0,0,0.0,0.0,0,0,0,0,0,0.0,0.0332300998270511,0.0332300998270511
