player_id,player_name,season,team,position,games,time,goals,assists,xG,xA,shots,key_passes,yellow,red,npg,npxG,xGChain,xGBuildup
8397,Florian Wirtz,2025,Liverpool,AMC,8,528,0,0,0.990792240947485,0.9103199765086174,9,14,1,0,0,0.990792240947485,4.151872389018536,2.782722279429436
8397,Florian Wirtz,2024,Bayer Leverkusen,AMC,31,2365,10,12,10.05364241823554,8.316964589059353,78,56,3,0,8,7.022535771131516,20.83097556233406,10.964113848283889
8397,Florian Wirtz,2023,Bayer Leverkusen,AMC,32,2393,11,11,9.3572720233351,8.88662638887763,71,72,3,0,10,8.59949536062777,28.521583795547485,15.226114071905611
8397,Florian Wirtz,2022,Bayer Leverkusen,Sub,17,1089,1,6,0.583570022135973,4.696660354733467,7,39,4,0,1,0.583570022135973,9.336530420929192,5.08792663551867
8397,Florian Wirtz,2021,Bayer Leverkusen,Sub,24,1877,7,10,5.793828301131725,8.622126787900925,36,57,2,0,7,5.793828301131725,19.19430000334978,7.774790368974209
8397,Florian Wirtz,2020,Bayer Leverkusen,MC,29,2233,5,6,4.467319151386619,4.641136834397912,31,48,1,0,5,4.467319151386619,14.26437513064593,6.706637638621032
8397,Florian Wirtz,2019,Bayer Leverkusen,AMR,7,359,1,0,0.3105545043945312,0.4850271996110677,4,3,0,0,1,0.3105545043945312,1.349668174982071,1.0060268715023994
