player_id,player_name,season,team,position,games,time,goals,assists,xG,xA,shots,key_passes,yellow,red,npg,npxG,xGChain,xGBuildup
9412,Florian Flick,2022,Schalke 04,Sub,8,501,0,0,0.0471363998949527,0.0161630995571613,2,1,1,0,0,0.0471363998949527,0.3476714976131916,0.2968528978526592
9412,Florian Flick,2020,Schalke 04,MC,4,360,1,0,0.3989560008049011,0.0,1,0,1,0,1,0.3989560008049011,0.7769250050187111,0.3779687061905861
