player_id,player_name,season,team,position,games,time,goals,assists,xG,xA,shots,key_passes,yellow,red,npg,npxG,xGChain,xGBuildup
8969,Florentino Luís,2025,Burnley,Sub,5,384,0,1,0.013716273009777,0.0683709252625703,1,4,1,0,0,0.013716273009777,0.1554767675697803,0.1080755488947033
8969,Florentino Luís,2021,Getafe,Sub,22,969,0,1,0.058508601039648,0.3305617989972234,3,9,2,0,0,0.058508601039648,1.5033290274441242,1.1577147133648396
8969,Florentino Luís,2020,Monaco,Sub,9,232,0,0,0.0173952002078294,0.1406308002769947,1,3,1,0,0,0.0173952002078294,0.8874470815062523,0.7468163762241602
