player_id,player_name,season,team,position,games,time,goals,assists,xG,xA,shots,key_passes,yellow,red,npg,npxG,xGChain,xGBuildup
9621,Florian Tardieu,2024,Saint-Etienne,DMC,24,1245,2,4,0.8061909656971693,1.1583695001900196,16,21,0,0,2,0.8061909656971693,6.92399025708437,5.788582857698202
9621,Florian Tardieu,2022,Troyes,MC,15,1014,3,0,2.7101613134145737,0.6447865827940404,13,17,2,0,0,0.429876297712326,4.542303742840886,4.114405067637563
9621,Florian Tardieu,2021,Troyes,MC,30,2629,4,2,3.6868759728968143,3.896882187575102,24,49,6,0,0,0.6464917063713074,7.528046172112226,6.589561825618148
