player_id,player_name,season,team,position,games,time,goals,assists,xG,xA,shots,key_passes,yellow,red,npg,npxG,xGChain,xGBuildup
7065,Florian Neuhaus,2025,Borussia M.Gladbach,Sub,6,237,0,0,0.3735253089107573,0.2348624840378761,9,3,0,0,0,0.3735253089107573,1.3832843080163002,0.9233823716640472
7065,Florian Neuhaus,2024,Borussia M.Gladbach,Sub,18,335,0,1,0.5376568976789713,0.6716734915971756,9,6,1,0,0,0.5376568976789713,2.2969058882445097,1.6781606432050469
7065,Florian Neuhaus,2023,Borussia M.Gladbach,DMC,25,1253,4,2,5.168816182762384,2.201768177561462,38,19,4,0,3,4.411039505153894,9.522696343250573,4.2675488060340285
7065,Florian Neuhaus,2022,Borussia M.Gladbach,AMC,23,1408,1,0,1.7601174786686895,2.6257726550102234,28,15,2,0,1,1.7601174786686895,8.51011537015438,4.909894483163953
7065,Florian Neuhaus,2021,Borussia M.Gladbach,DMC,29,2139,4,4,4.650173935107887,2.1986050941050053,48,20,2,0,4,4.650173935107887,14.505538944154978,9.765537633560598
7065,Florian Neuhaus,2020,Borussia M.Gladbach,MC,33,2636,6,5,3.0260267797857523,2.886746915057301,48,23,9,0,6,3.0260267797857523,13.019774235785007,9.189495597034693
7065,Florian Neuhaus,2019,Borussia M.Gladbach,MC,30,2356,4,2,6.460361911915243,3.1475254744291306,57,30,6,0,4,6.460361911915243,20.55044497549534,12.684585148468614
7065,Florian Neuhaus,2018,Borussia M.Gladbach,MC,32,2080,3,8,6.014868069440126,3.152697697281837,51,28,5,0,3,6.014868069440126,17.51092297025025,8.793359080329537
