player_id,player_name,season,team,position,games,time,goals,assists,xG,xA,shots,key_passes,yellow,red,npg,npxG,xGChain,xGBuildup
10845,Flynn Downes,2024,Southampton,MC,27,2175,1,0,0.8941574329510331,1.6155836284160614,10,15,12,0,1,0.8941574329510331,8.310527911409736,6.55848484672606
10845,Flynn Downes,2022,West Ham,Sub,21,738,0,0,0.3241226226091385,0.0507442839443683,4,2,2,0,0,0.3241226226091385,1.104828191921115,0.8530487809330225
