player_id,player_name,season,team,position,games,time,goals,assists,xG,xA,shots,key_passes,yellow,red,npg,npxG,xGChain,xGBuildup
8684,Fodé Doucouré,2025,Le Havre,Sub,8,445,2,0,1.0682403221726418,1.4807148929685354,9,8,0,0,2,1.0682403221726418,3.5277051590383053,1.2111227326095104
8684,Fodé Doucouré,2021,Reims,Sub,3,146,0,0,0.0,0.0243656001985073,0,1,0,0,0,0.0,0.8351529836654663,0.8107870221138
8684,Fodé Doucouré,2020,Reims,Sub,7,325,0,0,0.4050364885479212,0.6190383955836296,3,5,0,0,0,0.4050364885479212,1.1219512913376093,0.7544812951236963
