player_id,player_name,season,team,position,games,time,goals,assists,xG,xA,shots,key_passes,yellow,red,npg,npxG,xGChain,xGBuildup
3314,Franck Honorat,2025,Borussia M.Gladbach,AMR,4,297,0,0,0.2162092886865139,0.4319145902991295,3,8,0,0,0,0.2162092886865139,1.1295176446437836,0.6743273679167032
3314,Franck Honorat,2024,Borussia M.Gladbach,AMR,19,1478,4,7,4.034103916957974,6.732902622781694,31,49,0,0,4,4.034103916957974,10.92656401731074,2.558129455894232
3314,Franck Honorat,2023,Borussia M.Gladbach,AMR,32,2405,3,9,1.738555376417935,11.50164495408535,28,88,1,0,3,1.738555376417935,14.150986708700655,8.551571669057012
3314,Franck Honorat,2022,Brest,MR,33,2562,6,5,4.384667851030827,8.52192741446197,47,89,1,0,6,4.384667851030827,13.602738115005195,3.3610742576420307
3314,Franck Honorat,2021,Brest,AMR,34,2929,11,4,4.789808684960008,6.3095434284769,59,60,3,0,11,4.789808684960008,13.453521289862692,4.2844959404319525
3314,Franck Honorat,2020,Brest,AMR,36,2477,8,4,3.725578421726823,7.627052363008261,41,63,3,0,8,3.725578421726823,12.79016587510705,5.243441419675946
3314,Franck Honorat,2019,Saint-Etienne,DMR,12,848,0,3,0.0979924015700817,1.7327724527567625,5,13,1,0,0,0.0979924015700817,3.241889147087932,1.4809547197073698
3314,Franck Honorat,2015,Nice,Sub,6,110,0,0,0.0376167008653283,0.0213529001921415,2,1,1,0,0,0.0376167008653283,0.0505909007042646,0.0
3314,Franck Honorat,2014,Nice,Sub,5,106,0,0,0.0712614990770816,0.0639118999242782,2,1,2,0,0,0.0712614990770816,0.1528258994221687,0.0176525004208087
