player_id,player_name,season,team,position,games,time,goals,assists,xG,xA,shots,key_passes,yellow,red,npg,npxG,xGChain,xGBuildup
10944,Fran Pérez,2025,Rayo Vallecano,Sub,6,271,1,0,0.4210580587387085,0.7870762320235372,4,6,0,0,1,0.4210580587387085,2.036896374076605,1.166851615533233
10944,Fran Pérez,2024,Valencia,Sub,26,497,0,0,0.2854073029011488,1.946919206529856,6,7,1,0,0,0.2854073029011488,2.0981137175112963,0.7753390502184629
10944,Fran Pérez,2023,Valencia,MR,32,2135,1,4,1.1978931091725826,3.3480407260358334,20,19,4,0,1,1.1978931091725826,7.534912073984742,3.509936761111021
10944,Fran Pérez,2022,Valencia,Sub,7,118,0,0,0.0173138994723558,0.0,1,0,2,0,0,0.0173138994723558,0.1652391981333494,0.1479252986609935
