player_id,player_name,season,team,position,games,time,goals,assists,xG,xA,shots,key_passes,yellow,red,npg,npxG,xGChain,xGBuildup
13052,Francisco Conceição,2025,Juventus,AMC,5,398,1,0,0.6273247748613358,0.3310060426592827,9,5,0,0,1,0.6273247748613358,1.3963310718536377,0.7624622285366058
13052,Francisco Conceição,2024,Juventus,Sub,26,1320,3,3,3.1290370896458626,4.405173312872648,40,28,3,1,3,3.1290370896458626,12.86916140280664,7.611164345405996
