player_id,player_name,season,team,position,games,time,goals,assists,xG,xA,shots,key_passes,yellow,red,npg,npxG,xGChain,xGBuildup
7081,Francisco Sierralta,2025,Auxerre,DC,7,612,1,0,0.6921547465026379,0.0,5,0,1,0,1,0.6921547465026379,1.3375122658908367,1.3375122658908367
7081,Francisco Sierralta,2021,Watford,DC,5,430,0,0,0.0323923006653785,0.0,1,0,0,0,0,0.0323923006653785,0.2968114018440246,0.2968114018440246
7081,Francisco Sierralta,2018,Parma Calcio 1913,Sub,6,263,0,0,0.025509781204164,0.5982289910316467,2,2,2,0,0,0.025509781204164,0.1427947022020816,0.1427947022020816
