player_id,player_name,season,team,position,games,time,goals,assists,xG,xA,shots,key_passes,yellow,red,npg,npxG,xGChain,xGBuildup
8648,Fraser Hornby,2023,Darmstadt,FW,7,203,0,0,1.0771338418126106,0.4023185297846794,10,4,1,0,0,1.0771338418126106,1.5243942495435476,0.2800828441977501
8648,Fraser Hornby,2021,Reims,Sub,8,349,0,0,0.3836003951728344,0.1370302997529506,6,4,1,0,0,0.3836003951728344,0.5040506925433874,0.0417555999010801
8648,Fraser Hornby,2020,Reims,Sub,3,27,0,0,0.1993354000151157,0.0,2,0,1,0,0,0.1993354000151157,0.2563560009002685,0.0570206008851528
