player_id,player_name,season,team,position,games,time,goals,assists,xG,xA,shots,key_passes,yellow,red,npg,npxG,xGChain,xGBuildup
13407,Fredrik Oppegård,2025,Auxerre,Sub,5,181,0,0,0.0548418723046779,0.1002384908497333,1,2,1,1,0,0.0548418723046779,0.6944898944348097,0.5697582382708788
13407,Fredrik Oppegård,2024,Auxerre,Sub,9,261,0,0,0.1022833082824945,0.1235107146203517,3,2,0,0,0,0.1022833082824945,1.3455706015229223,1.1197765693068504
