player_id,player_name,season,team,position,games,time,goals,assists,xG,xA,shots,key_passes,yellow,red,npg,npxG,xGChain,xGBuildup
8857,Gabriele Zappa,2025,Cagliari,DR,5,277,0,0,0.0415276736021041,0.0,1,0,2,0,0,0.0415276736021041,0.1955460775643587,0.1955460775643587
8857,Gabriele Zappa,2024,Cagliari,DC,37,3070,2,0,0.7887675790116191,4.328659053891897,11,28,4,0,2,0.7887675790116191,8.3868967005983,5.076139492914081
8857,Gabriele Zappa,2023,Cagliari,DMR,38,2553,1,3,1.48014113958925,3.2002728516235948,19,25,2,0,1,1.48014113958925,7.56587568577379,3.5023112297058105
8857,Gabriele Zappa,2021,Cagliari,Sub,25,1124,0,0,0.2858276991173625,0.6607157168909907,6,7,2,1,0,0.2858276991173625,2.633573261089623,2.1435143491253257
8857,Gabriele Zappa,2020,Cagliari,Sub,34,2401,0,4,0.4213550947606563,3.948353290557861,11,28,3,0,0,0.4213550947606563,10.157191323116422,7.203059216961265
