player_id,player_name,season,team,position,games,time,goals,assists,xG,xA,shots,key_passes,yellow,red,npg,npxG,xGChain,xGBuildup
8713,Gabriel Veiga,2023,Celta Vigo,Sub,1,14,0,0,0.0,0.0,0,0,0,0,0,0.0,0.0945315584540367,0.0945315584540367
8713,Gabriel Veiga,2022,Celta Vigo,Sub,36,2333,11,4,6.079808419570327,3.169464748352766,62,28,5,1,11,6.079808419570327,13.140363078564404,5.013061733916402
8713,Gabriel Veiga,2021,Celta Vigo,Sub,7,94,0,0,0.0282917004078626,0.0203577000647783,2,1,0,0,0,0.0282917004078626,0.5999964773654938,0.5683550238609314
8713,Gabriel Veiga,2020,Celta Vigo,Sub,6,109,0,0,0.0,0.03564940020442,0,1,0,0,0,0.0,0.0918744020164012,0.0562250018119812
