player_id,player_name,season,team,position,games,time,goals,assists,xG,xA,shots,key_passes,yellow,red,npg,npxG,xGChain,xGBuildup
1510,Gary Medel,2022,Bologna,DC,29,1474,0,1,0.0683712977916002,0.6096254736185074,2,7,5,0,0,0.0683712977916002,5.25151233933866,4.573514459654689
1510,Gary Medel,2021,Bologna,DC,33,2837,0,1,0.4289099872112274,0.3864760976284742,2,3,8,1,0,0.4289099872112274,7.45470514614135,7.409620163030922
1510,Gary Medel,2020,Bologna,Sub,11,505,0,1,0.0,0.1360774040222168,0,2,1,0,0,0.0,1.433360692113638,1.2972836904227734
1510,Gary Medel,2019,Bologna,MC,23,1810,0,0,0.1234896034002304,0.4678026046603918,5,10,10,1,0,0.1234896034002304,5.371088206768036,5.217157743871212
1510,Gary Medel,2016,Inter,MC,26,2172,0,0,0.6481094239279628,0.1745414044708013,10,5,5,0,0,0.6481094239279628,7.67021999694407,7.009698795154691
1510,Gary Medel,2015,Inter,MC,30,2420,1,1,0.3889182014390826,1.0817934777587652,12,13,10,0,1,0.3889182014390826,8.363304365426302,7.693326412700117
1510,Gary Medel,2014,Inter,MC,35,3001,0,2,0.6027814960107207,1.1525857029482722,26,27,10,1,0,0.6027814960107207,13.47450056951493,12.18782975897193
