player_id,player_name,season,team,position,games,time,goals,assists,xG,xA,shots,key_passes,yellow,red,npg,npxG,xGChain,xGBuildup
10412,Gastón Álvarez,2023,Getafe,DL,35,2628,2,0,1.4335118364542725,0.7242664946243167,14,7,7,0,2,1.4335118364542725,4.232770146802068,3.5136727215722203
10412,Gastón Álvarez,2022,Getafe,DL,22,1492,2,0,1.0280214361846447,0.1942152800038457,5,4,8,1,2,1.0280214361846447,2.253746877424419,2.04950731433928
