player_id,player_name,season,team,position,games,time,goals,assists,xG,xA,shots,key_passes,yellow,red,npg,npxG,xGChain,xGBuildup
5727,Gauthier Hein,2025,Metz,AMC,7,619,1,2,1.0680981017649174,1.6301243398338556,7,14,0,0,0,0.3080029524862766,1.5103433318436146,0.509800910949707
5727,Gauthier Hein,2022,Auxerre,MR,35,1898,2,0,3.556173481047153,2.26173503883183,37,30,1,0,2,3.556173481047153,7.511192982085049,2.8315206607803702
5727,Gauthier Hein,2017,Metz,AML,3,79,0,0,0.0430543012917041,0.0207429006695747,1,1,0,0,0,0.0430543012917041,0.0892035011202097,0.0254062991589307
5727,Gauthier Hein,2016,Metz,AMR,13,520,0,0,0.2348184008151292,0.8228695942088962,7,7,1,0,0,0.2348184008151292,1.3154112193733454,0.4196164011955261
