player_id,player_name,season,team,position,games,time,goals,assists,xG,xA,shots,key_passes,yellow,red,npg,npxG,xGChain,xGBuildup
9804,Gavi,2025,Barcelona,Sub,2,50,0,1,0.0,0.1401124224066734,0,3,0,0,0,0.0,0.5714934319257736,0.4636357426643371
9804,Gavi,2024,Barcelona,Sub,26,1079,1,1,1.0601166114211082,1.6527631673961878,11,14,4,0,1,1.0601166114211082,7.769327191635966,5.841560788452625
9804,Gavi,2023,Barcelona,Sub,12,939,1,1,1.0798097513616085,1.3673980422317982,10,11,5,0,1,1.0798097513616085,7.008280975744128,5.830359412357211
9804,Gavi,2022,Barcelona,MC,36,2553,2,4,2.956624379381537,3.826028222218156,28,38,10,0,2,2.956624379381537,19.350502401590347,14.044996475800872
9804,Gavi,2021,Barcelona,Sub,34,2345,2,5,4.449615243822336,4.285056263208389,30,20,9,1,2,4.449615243822336,16.296991395764053,9.315062996931374
