player_id,player_name,season,team,position,games,time,goals,assists,xG,xA,shots,key_passes,yellow,red,npg,npxG,xGChain,xGBuildup
7012,Gelson Martins,2022,Monaco,AML,11,333,0,0,0.9274640008807182,0.3994691036641598,12,3,0,0,0,0.9274640008807182,1.3023137943819163,0.437747904099524
7012,Gelson Martins,2021,Monaco,MR,32,1928,4,3,6.704818295314908,2.9125273171812296,30,22,4,0,4,6.704818295314908,12.206447245553136,3.422270770184696
7012,Gelson Martins,2020,Monaco,FWR,23,1585,3,2,3.3017435669898987,2.829538729041815,26,20,3,0,3,3.3017435669898987,8.719594933092594,3.488926436752081
7012,Gelson Martins,2019,Monaco,AMR,21,1692,4,1,4.73540348559618,3.6825816351920366,28,27,3,1,4,4.73540348559618,11.69290834851563,5.248746125027537
7012,Gelson Martins,2018,Monaco,AMR,16,1398,4,2,3.4308578856289387,2.1628750329837203,30,16,1,0,4,3.4308578856289387,6.881208589300513,1.9962918274104595
7012,Gelson Martins,2018,Atletico Madrid,Sub,8,212,0,0,0.365793202072382,0.0539367999881506,5,2,0,0,0,0.365793202072382,0.5062568001449108,0.0865275971591472
