player_id,player_name,season,team,position,games,time,goals,assists,xG,xA,shots,key_passes,yellow,red,npg,npxG,xGChain,xGBuildup
35,Genki Haraguchi,2023,VfB Stuttgart,Sub,2,18,0,0,0.0,0.0,0,0,0,0,0,0.0,0.0609914138913154,0.0609914138913154
35,Genki Haraguchi,2022,VfB Stuttgart,MC,11,757,0,2,0.1895888987928629,0.4153810050338506,5,8,1,0,0,0.1895888987928629,2.610807061195373,2.1962886676192284
35,Genki Haraguchi,2022,Union Berlin,MC,11,509,0,0,0.1873977025970816,0.2595288027077913,6,7,0,0,0,0.1873977025970816,0.9485176969319582,0.6591080147773027
35,Genki Haraguchi,2021,Union Berlin,MC,30,1793,2,6,2.5431207306683064,1.9237008253112435,29,25,2,0,2,2.5431207306683064,6.986822672188282,3.105253767222166
35,Genki Haraguchi,2018,Hannover 96,Sub,28,2128,0,3,2.346636176109314,2.9394325083121657,32,27,1,0,0,2.346636176109314,7.610533704981208,3.151723450049758
35,Genki Haraguchi,2017,Hertha Berlin,Sub,7,200,0,1,0.0,0.7548450753092766,0,2,2,1,0,0.0,0.8588970825076103,0.155765101313591
35,Genki Haraguchi,2016,Hertha Berlin,AML,31,2058,1,2,1.8009359799325466,2.1987002212554216,27,20,4,0,1,1.8009359799325466,5.364413527771831,2.5689584724605083
35,Genki Haraguchi,2015,Hertha Berlin,Sub,32,2521,2,3,2.2347374875098467,3.868380628526211,32,28,4,0,2,2.2347374875098467,8.623646205291152,3.089788878336549
35,Genki Haraguchi,2014,Hertha Berlin,AML,21,1385,1,0,2.52588121779263,1.4701654985547066,24,13,2,0,1,2.52588121779263,4.493948645889759,0.5592150092124939
