player_id,player_name,season,team,position,games,time,goals,assists,xG,xA,shots,key_passes,yellow,red,npg,npxG,xGChain,xGBuildup
12804,George Ilenikhena,2025,Monaco,Sub,7,126,2,0,0.7083175331354141,0.2268627993762493,6,3,0,0,2,0.7083175331354141,1.5595384612679482,0.6471185833215714
12804,George Ilenikhena,2024,Monaco,Sub,23,672,3,2,4.81297224201262,1.3560339473187923,21,8,0,0,3,4.81297224201262,6.015256393700838,0.4557048678398132
