player_id,player_name,season,team,position,games,time,goals,assists,xG,xA,shots,key_passes,yellow,red,npg,npxG,xGChain,xGBuildup
771,Georginio Wijnaldum,2022,Roma,Sub,14,783,2,0,2.100455414503813,0.9348020404577256,20,8,0,0,2,2.100455414503813,5.346709575504065,2.8767043836414814
771,Georginio Wijnaldum,2021,Paris Saint Germain,MR,31,1652,1,3,2.4837898798286915,2.330908015370369,22,12,2,0,1,2.4837898798286915,11.995354720391331,8.056193959899247
771,Georginio Wijnaldum,2020,Liverpool,MC,38,2961,2,0,2.817426955327392,1.6629221122711897,31,21,1,0,2,2.817426955327392,13.922177974134684,10.476275946944952
771,Georginio Wijnaldum,2019,Liverpool,MC,37,2980,4,0,2.651080599054694,0.8085468038916588,36,18,0,0,4,2.651080599054694,13.4786586612463,10.856714563444257
771,Georginio Wijnaldum,2018,Liverpool,MC,35,2749,3,0,3.1802032478153706,1.9434383204206824,30,25,3,0,3,3.1802032478153706,14.712284257635474,10.547700267285109
771,Georginio Wijnaldum,2017,Liverpool,MC,33,2392,1,2,2.9904263420030475,1.640650313347578,38,22,1,0,1,2.9904263420030475,9.857888711616395,6.885664792731404
771,Georginio Wijnaldum,2016,Liverpool,MC,36,2981,6,9,5.565248481929302,5.296915907412767,60,43,2,0,6,5.565248481929302,18.880973957479,10.874715276062489
771,Georginio Wijnaldum,2015,Newcastle United,AMC,38,3178,11,5,7.928211936727166,3.8174392245709896,54,47,1,0,10,7.167042950168252,14.637868957594035,5.733465444296598
