player_id,player_name,season,team,position,games,time,goals,assists,xG,xA,shots,key_passes,yellow,red,npg,npxG,xGChain,xGBuildup
8187,Georges Mikautadze,2025,Villarreal,FW,5,303,2,1,2.222046494483948,1.061649201437831,9,3,0,0,2,2.222046494483948,2.9495869874954224,0.1239203326404094
8187,Georges Mikautadze,2025,Lyon,FW,2,180,1,0,1.2365504503250122,0.0,10,0,0,0,1,1.2365504503250122,1.773119866847992,0.5973338335752487
8187,Georges Mikautadze,2024,Lyon,FW,34,1397,11,6,11.461006090044975,5.320525930263102,56,22,2,0,8,8.420625507831573,16.573118494823575,4.818621167913079
8187,Georges Mikautadze,2023,Metz,FW,20,1767,13,4,9.639897767454386,2.277865383774042,57,21,0,1,10,7.3596123568713665,11.434298023581505,2.7773917419835925
8187,Georges Mikautadze,2021,Metz,Sub,1,1,0,0,0.1656830012798309,0.0,2,0,0,0,0,0.1656830012798309,0.1656830012798309,0.0
8187,Georges Mikautadze,2019,Metz,Sub,1,5,0,0,0.0220810007303953,0.0,1,0,0,0,0,0.0220810007303953,0.0220810007303953,0.0
