player_id,player_name,season,team,position,games,time,goals,assists,xG,xA,shots,key_passes,yellow,red,npg,npxG,xGChain,xGBuildup
12821,Gerard Martín,2025,Barcelona,Sub,7,390,0,0,0.0165059138089418,0.4580932473763823,1,6,1,0,0,0.0165059138089418,3.445766581222415,3.0640779118984938
12821,Gerard Martín,2024,Barcelona,Sub,28,1018,1,3,0.6436223732307553,1.2958451379090548,7,12,2,0,1,0.6436223732307553,7.371043564751744,6.111580042168498
