player_id,player_name,season,team,position,games,time,goals,assists,xG,xA,shots,key_passes,yellow,red,npg,npxG,xGChain,xGBuildup
8230,German Valera,2025,Elche,FWR,8,626,1,1,0.7374786026775837,1.3461952097713947,7,12,1,0,1,0.7374786026775837,2.8635838627815247,1.9868038147687912
8230,German Valera,2024,Valencia,Sub,8,127,0,0,0.1656785365194082,0.0441901162266731,3,1,0,0,0,0.1656785365194082,0.5749106034636497,0.4092320650815964
8230,German Valera,2021,Real Sociedad,Sub,3,41,0,0,0.0214904993772506,0.0,1,0,0,0,0,0.0214904993772506,0.1207079961895942,0.0992174968123436
8230,German Valera,2019,Atletico Madrid,Sub,1,2,0,0,0.0,0.0907168984413147,0,1,0,0,0,0.0,0.0,0.0
