player_id,player_name,season,team,position,games,time,goals,assists,xG,xA,shots,key_passes,yellow,red,npg,npxG,xGChain,xGBuildup
5270,Gerrit Holtmann,2024,Bochum,Sub,22,1075,2,1,1.6647159466519952,2.617210149765014,27,16,2,0,2,1.6647159466519952,5.927908807992935,2.304628198966384
5270,Gerrit Holtmann,2023,Darmstadt,Sub,10,371,0,0,0.7900596875697374,0.1928579024970531,14,5,1,0,0,0.7900596875697374,1.507698806002736,0.6219939105212688
5270,Gerrit Holtmann,2022,Bochum,AML,23,923,1,1,1.9286248944699764,0.980614305473864,30,10,0,0,1,1.9286248944699764,2.917423890903592,0.5224944744259119
5270,Gerrit Holtmann,2021,Bochum,AML,29,1875,5,4,3.947258581407368,5.095145611092448,45,29,0,0,5,3.947258581407368,10.520650490187109,1.6747156009078026
5270,Gerrit Holtmann,2019,Paderborn,Sub,24,1061,1,0,1.0920500066131351,1.549279723316431,24,14,1,1,1,1.0920500066131351,3.245550339110196,0.9315233044326304
5270,Gerrit Holtmann,2018,Mainz 05,AML,4,141,0,0,0.1143058016896247,0.3498093858361244,2,2,2,0,0,0.1143058016896247,0.4999247044324875,0.0358096994459629
5270,Gerrit Holtmann,2017,Mainz 05,Sub,17,894,2,1,0.8730719033628702,1.3158841263502836,20,9,1,0,2,0.8730719033628702,3.702926779165864,1.827771808952093
5270,Gerrit Holtmann,2016,Mainz 05,AML,5,122,0,1,0.1000604033470153,0.3979653902351856,2,2,0,0,0,0.1000604033470153,0.4294955916702747,0.0
