player_id,player_name,season,team,position,games,time,goals,assists,xG,xA,shots,key_passes,yellow,red,npg,npxG,xGChain,xGBuildup
1136,Gianluca Lapadula,2024,Cagliari,Sub,12,281,0,0,1.5435456782579422,0.0630264393985271,15,3,1,0,0,1.5435456782579422,1.7620294522494078,0.4839400500059128
1136,Gianluca Lapadula,2023,Cagliari,Sub,23,1203,3,1,4.980033218860626,1.364402815699577,35,19,3,0,2,4.218734428286552,5.2574767880141735,0.951296066865325
1136,Gianluca Lapadula,2020,Benevento,Sub,37,2596,8,2,10.252227053046228,3.799660637974739,75,33,2,0,8,9.490927085280418,11.750601025298238,2.0247275214642286
1136,Gianluca Lapadula,2019,Lecce,FW,25,1808,11,0,9.833517180755734,1.2387498142197728,60,23,8,1,9,8.310915069654584,9.270818097516894,2.106314828619361
1136,Gianluca Lapadula,2018,Genoa,Sub,8,397,1,0,2.612029016017914,0.1461036000400781,24,4,1,0,1,2.612029016017914,3.0321692563593388,0.4699399974197149
1136,Gianluca Lapadula,2017,Genoa,Sub,28,1473,6,1,9.748634360730648,0.8603679873049259,53,13,3,0,3,6.70347722619772,7.895174751058221,1.0166429951786995
1136,Gianluca Lapadula,2016,AC Milan,Sub,27,1243,8,3,7.860918313264847,2.506358096376061,44,18,3,0,6,6.338320713490248,9.435425955802202,3.041237276047468
