player_id,player_name,season,team,position,games,time,goals,assists,xG,xA,shots,key_passes,yellow,red,npg,npxG,xGChain,xGBuildup
9904,Gianluca Busio,2024,Venezia,ML,33,2537,2,0,2.8546703048050404,1.6145903673022983,36,28,4,0,2,2.8546703048050404,6.50524911377579,2.829230998642742
9904,Gianluca Busio,2021,Venezia,MC,29,1961,1,2,0.7105171512812376,1.5203611855395138,14,15,8,0,1,0.7105171512812376,4.38904176466167,3.1134350541979074
