player_id,player_name,season,team,position,games,time,goals,assists,xG,xA,shots,key_passes,yellow,red,npg,npxG,xGChain,xGBuildup
7507,Gianluca Gaetano,2025,Cagliari,Sub,6,175,0,1,0.4420776963233948,0.4054678417742252,9,3,0,0,0,0.4420776963233948,0.6701826080679893,0.3869478181004524
7507,Gianluca Gaetano,2024,Cagliari,AMC,28,976,2,4,4.630177354440093,2.379545057192445,30,22,0,0,2,4.630177354440093,7.970997171476483,2.2628479339182377
7507,Gianluca Gaetano,2023,Cagliari,MC,11,765,4,1,1.7214055359363556,1.629759756848216,14,16,1,1,3,0.9601067006587982,2.9597254768013954,1.1420530453324318
7507,Gianluca Gaetano,2023,Napoli,Sub,9,145,1,0,0.6854862496256828,0.5969314277172089,8,5,1,0,1,0.6854862496256828,0.9822618514299392,0.2228762321174144
7507,Gianluca Gaetano,2022,Napoli,Sub,8,62,1,1,1.0837101936340332,0.1102420017123222,7,1,0,0,1,1.0837101936340332,1.2415314018726349,0.3830981738865375
7507,Gianluca Gaetano,2021,Napoli,Sub,2,17,0,0,0.0,0.0,0,0,0,0,0,0.0,0.0,0.0
7507,Gianluca Gaetano,2018,Napoli,Sub,2,6,0,0,0.0226109009236097,0.0961904004216194,1,1,0,0,0,0.0226109009236097,0.1188009977340698,0.0
