player_id,player_name,season,team,position,games,time,goals,assists,xG,xA,shots,key_passes,yellow,red,npg,npxG,xGChain,xGBuildup
9107,Giorgio Scalvini,2025,Atalanta,DC,4,290,1,0,0.4556635394692421,0.0531151220202446,2,1,0,0,1,0.4556635394692421,2.175459325313568,2.0182214975357056
9107,Giorgio Scalvini,2024,Atalanta,Sub,6,284,0,0,0.0859476793557405,0.0,4,0,2,0,0,0.0859476793557405,0.0639345087110996,0.0223530810326337
9107,Giorgio Scalvini,2023,Atalanta,DC,33,2579,1,3,1.3213619571179152,1.2767269192263484,19,10,3,0,1,1.3213619571179152,11.570769302546978,10.104473318904638
9107,Giorgio Scalvini,2022,Atalanta,Sub,32,2369,2,2,1.405716024339199,1.0461288644000888,17,10,7,0,2,1.405716024339199,7.998526664450765,6.918269321322441
9107,Giorgio Scalvini,2021,Atalanta,Sub,18,763,1,0,1.8677612878382208,0.8144824262708426,15,5,1,0,1,1.8677612878382208,2.716971142217517,2.027929523959756
