player_id,player_name,season,team,position,games,time,goals,assists,xG,xA,shots,key_passes,yellow,red,npg,npxG,xGChain,xGBuildup
8944,Giulio Maggiore,2023,Salernitana,MC,27,1826,4,2,3.3743705889210105,0.9672145377844572,23,11,7,1,4,3.3743705889210105,5.2626653630286455,3.6049116821959615
8944,Giulio Maggiore,2022,Salernitana,MC,16,888,0,0,0.3336095353588462,0.7266896851360798,6,3,2,0,0,0.3336095353588462,3.280711437575519,3.2585934503003955
8944,Giulio Maggiore,2021,Spezia,MC,35,2869,2,3,4.147889089770615,2.755342687480152,42,31,9,0,2,4.147889089770615,10.856729865074158,5.369235405698419
8944,Giulio Maggiore,2020,Spezia,MC,33,2231,3,1,5.055751647800207,1.8861123118549583,40,13,3,0,3,5.055751647800207,9.435792101547122,4.309062648564577
