player_id,player_name,season,team,position,games,time,goals,assists,xG,xA,shots,key_passes,yellow,red,npg,npxG,xGChain,xGBuildup
13335,Goduine Koyalipou,2025,Levante,Sub,6,68,1,0,0.8441799599677324,0.0,4,0,1,0,1,0.8441799599677324,0.8441799599677324,0.0
13335,Goduine Koyalipou,2024,Lens,FW,15,909,4,0,6.52647197060287,0.941659029573202,42,9,0,0,4,6.52647197060287,7.506039686501026,0.9795812405645848
