player_id,player_name,season,team,position,games,time,goals,assists,xG,xA,shots,key_passes,yellow,red,npg,npxG,xGChain,xGBuildup
8891,Gonzalo Verdú,2022,Elche,DC,16,687,1,0,0.7866618158295751,0.0,9,0,1,2,1,0.7866618158295751,0.2277244813740253,0.2277244813740253
8891,Gonzalo Verdú,2021,Elche,DC,19,1397,0,0,0.1293543018400669,0.0,3,0,10,0,0,0.1293543018400669,2.243387009948492,2.243387009948492
8891,Gonzalo Verdú,2020,Elche,DC,33,2946,0,2,1.1322322934865952,2.208580302074552,11,6,11,0,0,1.1322322934865952,3.027036650106311,2.7301816511899237
