player_id,player_name,season,team,position,games,time,goals,assists,xG,xA,shots,key_passes,yellow,red,npg,npxG,xGChain,xGBuildup
12035,Gonzalo García,2025,Real Madrid,Sub,6,92,0,0,0.0671992376446724,0.1305246204137802,1,2,0,0,0,0.0671992376446724,0.9320331811904908,0.8651738464832306
12035,Gonzalo García,2024,Real Madrid,Sub,3,46,0,1,0.4881730079650879,0.9246947169303894,1,1,0,0,0,0.4881730079650879,1.4128677248954773,0.9246947169303894
12035,Gonzalo García,2023,Real Madrid,Sub,2,10,0,0,0.0542567372322082,0.0,1,0,0,0,0,0.0542567372322082,0.0542567372322082,0.0
