player_id,player_name,season,team,position,games,time,goals,assists,xG,xA,shots,key_passes,yellow,red,npg,npxG,xGChain,xGBuildup
7020,Gorka Guruzeta,2025,Athletic Club,Sub,7,365,0,0,1.345136348158121,0.1155322566628456,12,3,0,0,0,1.345136348158121,1.856790024787188,0.5390910189598799
7020,Gorka Guruzeta,2024,Athletic Club,FW,36,1856,7,2,6.789272961206734,1.4514029724523425,59,15,2,0,7,6.789272961206734,9.18936501443386,2.057082111015916
7020,Gorka Guruzeta,2023,Athletic Club,Sub,32,2321,14,5,13.0646229442209,3.0766469575464725,65,27,2,0,14,12.321345334872603,15.980735013261436,2.6838627718389034
7020,Gorka Guruzeta,2022,Athletic Club,Sub,30,1409,6,1,6.38426064606756,1.239474257454276,51,14,2,0,6,6.38426064606756,9.517838278785348,3.251096060499549
7020,Gorka Guruzeta,2018,Athletic Club,Sub,6,38,0,0,0.0660708993673324,0.0590831981971859,1,2,0,0,0,0.0660708993673324,0.1251540975645184,0.0
