player_id,player_name,season,team,position,games,time,goals,assists,xG,xA,shots,key_passes,yellow,red,npg,npxG,xGChain,xGBuildup
5288,Gregor Kobel,2025,Borussia Dortmund,GK,7,630,0,0,0,0.0,0,0,0,0,0,0,1.814648162573576,1.814648162573576
5288,Gregor Kobel,2024,Borussia Dortmund,GK,32,2880,0,0,0,0.0159477367997169,0,1,1,0,0,0,5.608352277427912,5.592404540628195
5288,Gregor Kobel,2023,Borussia Dortmund,GK,27,2365,0,0,0,0.0,0,0,1,0,0,0,5.4802994802594185,5.4802994802594185
5288,Gregor Kobel,2022,Borussia Dortmund,GK,27,2430,0,0,0,0.0,0,0,0,0,0,0,6.736781107261777,6.736781107261777
5288,Gregor Kobel,2021,Borussia Dortmund,GK,29,2569,0,0,0,0.0,0,0,0,0,0,0,4.121921291574836,4.121921291574836
5288,Gregor Kobel,2020,VfB Stuttgart,GK,33,2970,0,0,0,0.0244360994547605,0,1,0,0,0,0,3.34672658611089,3.3222904866561294
5288,Gregor Kobel,2018,Augsburg,GK,16,1389,0,0,0,0.0,0,0,0,0,0,0,0.5109655000269413,0.5109655000269413
5288,Gregor Kobel,2018,Hoffenheim,GK,1,90,0,0,0,0.0,0,0,0,0,0,0,0.0519923008978366,0.0519923008978366
