player_id,player_name,season,team,position,games,time,goals,assists,xG,xA,shots,key_passes,yellow,red,npg,npxG,xGChain,xGBuildup
4951,Grigoris Kastanos,2025,Verona,Sub,3,14,0,0,0.0280074756592512,0.0396810844540596,1,1,0,0,0,0.0280074756592512,0.0280074756592512,0.0
4951,Grigoris Kastanos,2024,Verona,FWR,27,852,1,1,1.0893141850829124,1.5799968745559454,22,12,4,0,1,1.0893141850829124,2.893082857131958,1.249175714328885
4951,Grigoris Kastanos,2023,Salernitana,AMC,26,1504,3,3,2.410724989138544,2.1585450284183025,30,28,5,0,3,2.410724989138544,5.4913522163406014,2.433546317741275
4951,Grigoris Kastanos,2022,Salernitana,MC,28,1266,2,1,1.428749551065266,0.6296804463490844,30,13,4,0,2,1.428749551065266,3.951666227541864,2.284349365159869
4951,Grigoris Kastanos,2021,Salernitana,Sub,27,1343,1,1,1.4573867125436664,1.5414842888712883,28,28,4,1,1,1.4573867125436664,4.457929014228284,2.923941431567073
4951,Grigoris Kastanos,2018,Juventus,MC,1,62,0,0,0.0,0.0,0,0,0,0,0,0.0,0.1067640036344528,0.1067640036344528
4951,Grigoris Kastanos,2016,Pescara,FWR,8,272,0,0,0.1343688005581498,0.076536601409316,5,2,1,0,0,0.1343688005581498,0.2391963042318821,0.0812140014022588
