player_id,player_name,season,team,position,games,time,goals,assists,xG,xA,shots,key_passes,yellow,red,npg,npxG,xGChain,xGBuildup
10868,Guela Doué,2025,Strasbourg,Sub,4,291,1,2,0.8775376081466675,0.7797234132885933,1,5,0,0,1,0.8775376081466675,2.1157096922397614,1.063233718276024
10868,Guela Doué,2024,Strasbourg,DC,32,2713,1,2,0.9880996765568852,0.9500086214393376,18,11,7,0,1,0.9880996765568852,8.96327892690897,8.567401656880975
10868,Guela Doué,2023,Rennes,Sub,24,1218,0,2,0.4617900559678674,1.2490335423499346,15,17,1,1,0,0.4617900559678674,3.6311829686164856,2.7432536594569683
10868,Guela Doué,2022,Rennes,Sub,2,9,0,0,0.0123905995860695,0.0,1,0,0,0,0,0.0123905995860695,0.097637303173542,0.0852466970682144
