player_id,player_name,season,team,position,games,time,goals,assists,xG,xA,shots,key_passes,yellow,red,npg,npxG,xGChain,xGBuildup
11951,Gustav Isaksen,2025,Lazio,Sub,3,97,0,0,0.0,0.0,0,0,0,0,0,0.0,0.0153674194589257,0.0153674194589257
11951,Gustav Isaksen,2024,Lazio,Sub,37,2254,4,2,5.236178271472454,3.084163647145033,55,36,5,0,4,5.236178271472454,12.200112521648409,5.998448936268687
11951,Gustav Isaksen,2023,Lazio,Sub,28,1061,3,1,1.645481524989009,2.6048705708235502,23,19,3,0,3,1.645481524989009,6.753309216350317,3.515850380063057
