player_id,player_name,season,team,position,games,time,goals,assists,xG,xA,shots,key_passes,yellow,red,npg,npxG,xGChain,xGBuildup
11757,Hákon Haraldsson,2025,Lille,AMC,7,581,3,0,2.720052450895309,0.7874171547591686,14,12,0,0,3,2.720052450895309,5.452268719673157,2.8634182401001453
11757,Hákon Haraldsson,2024,Lille,Sub,25,1791,5,3,4.371255045756698,3.78432365693152,35,35,3,0,5,4.371255045756698,11.861708404496312,5.51986491959542
11757,Hákon Haraldsson,2023,Lille,AML,26,1280,2,0,1.259676828980446,1.6958199627697468,12,15,5,0,2,1.259676828980446,4.924335990101099,2.4288825653493404
