player_id,player_name,season,team,position,games,time,goals,assists,xG,xA,shots,key_passes,yellow,red,npg,npxG,xGChain,xGBuildup
5769,Habib Diallo,2025,Metz,FW,5,439,1,0,1.686840943992138,0.0954447984695434,8,2,0,0,1,0.9267457947134972,1.3291334509849548,0.4371731281280517
5769,Habib Diallo,2022,Strasbourg,FW,37,2891,20,1,20.997123509645466,3.6809320729225874,94,26,2,1,17,17.956738248467445,22.09099828451872,4.089535348117352
5769,Habib Diallo,2021,Strasbourg,FW,31,1519,11,1,10.883001787588,3.378270383924246,54,15,2,0,9,9.36281077377498,12.01518994383514,2.6773185804486275
5769,Habib Diallo,2020,Strasbourg,Sub,32,2346,9,3,8.089194260537624,2.082149520516396,54,19,2,0,8,7.329101286828518,11.636132210493088,4.217752265743911
5769,Habib Diallo,2020,Metz,Sub,4,139,0,0,0.4464706853032112,0.4115000069141388,2,1,0,0,0,0.4464706853032112,0.9343637004494668,0.0763932988047599
5769,Habib Diallo,2019,Metz,FW,26,2214,12,3,9.16805332992226,1.9753512926399708,76,24,2,1,11,6.887771875597537,8.555403786711395,0.7880053073167801
5769,Habib Diallo,2017,Metz,Sub,1,14,0,0,0.0,0.0,0,0,0,0,0,0.0,0.0,0.0
5769,Habib Diallo,2016,Metz,Sub,19,809,1,0,2.084019082598388,0.3418191969394684,21,7,0,0,1,2.084019082598388,2.2264376059174538,0.5516655780375004
