player_id,player_name,season,team,position,games,time,goals,assists,xG,xA,shots,key_passes,yellow,red,npg,npxG,xGChain,xGBuildup
8171,Hannes Wolf,2022,Borussia M.Gladbach,Sub,18,425,1,1,1.4649172388017178,0.3275195760652423,8,6,0,0,1,1.4649172388017178,2.5546592846512794,0.853125381283462
8171,Hannes Wolf,2021,Borussia M.Gladbach,AML,7,302,0,0,0.3440801985561847,0.3199786879122257,6,2,2,0,0,0.3440801985561847,1.3688332801684735,0.8656480154022574
8171,Hannes Wolf,2020,Borussia M.Gladbach,FWR,32,1354,3,2,1.9306361339986324,2.3530817050486803,16,15,2,0,3,1.9306361339986324,8.732583351433277,5.097049962729216
8171,Hannes Wolf,2019,RasenBallsport Leipzig,Sub,5,45,0,0,0.0,0.0180105008184909,0,1,0,0,0,0.0,0.0424029007554054,0.0243923999369144
