player_id,player_name,season,team,position,games,time,goals,assists,xG,xA,shots,key_passes,yellow,red,npg,npxG,xGChain,xGBuildup
13013,Haris Tabakovic,2025,Borussia M.Gladbach,FW,6,332,3,0,2.3515345230698586,0.3600432276725769,13,1,0,0,3,2.3515345230698586,1.1285358592867851,0.126191210001707
13013,Haris Tabakovic,2024,Hoffenheim,Sub,22,789,3,1,4.058871641755104,1.7171009220182896,30,9,0,0,3,4.058871641755104,5.23028976470232,0.5999727938324213
