player_id,player_name,season,team,position,games,time,goals,assists,xG,xA,shots,key_passes,yellow,red,npg,npxG,xGChain,xGBuildup
5596,Harry Wilson,2025,Fulham,AMR,8,533,1,0,0.9934127815067768,0.3570055067539215,13,6,1,0,1,0.9934127815067768,1.3680978938937187,0.3821678590029478
5596,Harry Wilson,2024,Fulham,Sub,25,1150,6,1,3.605708472430706,1.4601951194927096,43,20,2,0,6,3.605708472430706,6.673274612054229,2.516816926188767
5596,Harry Wilson,2023,Fulham,FWR,35,1576,4,6,2.819539733231068,3.1505596097558737,39,22,6,0,4,2.819539733231068,7.545763581991196,3.50857000797987
5596,Harry Wilson,2022,Fulham,Sub,29,1087,2,3,1.8703890815377235,1.3884916454553604,18,12,1,0,2,1.8703890815377235,5.573958999477327,2.747893917374313
5596,Harry Wilson,2019,Bournemouth,MR,31,1672,7,0,4.164999137632549,2.217742595821619,56,14,2,0,7,4.164999137632549,7.9218197055161,4.210729802027345
