player_id,player_name,season,team,position,games,time,goals,assists,xG,xA,shots,key_passes,yellow,red,npg,npxG,xGChain,xGBuildup
6681,Harvey Barnes,2025,Newcastle United,FWL,8,331,0,0,0.6517571080476046,0.9909846484661102,9,5,0,0,0,0.6517571080476046,1.7755936589092016,0.6756064221262932
6681,Harvey Barnes,2024,Newcastle United,Sub,33,1740,9,4,7.695071091875434,4.351620296947658,63,24,0,0,9,7.695071091875434,13.820457808673382,3.1923213340342045
6681,Harvey Barnes,2023,Newcastle United,Sub,21,738,5,3,3.467865003272891,4.21071451343596,27,13,3,0,5,3.467865003272891,9.07958210259676,2.550239199772477
6681,Harvey Barnes,2022,Leicester,ML,34,2738,13,1,9.120478011667728,3.107304636389017,72,19,3,0,13,9.120478011667728,14.723602913320065,3.649019580334425
6681,Harvey Barnes,2021,Leicester,AML,32,2108,6,10,6.215695910155773,4.480990180745721,66,28,2,0,6,6.215695910155773,12.55847548134625,3.729522781446576
6681,Harvey Barnes,2020,Leicester,ML,25,1954,9,4,6.697317669168115,1.7716885916888714,56,26,0,0,9,6.697317669168115,8.893779151141644,1.594841817393899
6681,Harvey Barnes,2019,Leicester,Sub,36,2094,6,8,8.480616264045238,4.085434114560485,61,35,0,0,6,8.480616264045238,17.093786865472794,6.487783920019865
6681,Harvey Barnes,2018,Leicester,Sub,16,1014,1,2,3.623389352113009,1.9330946989357471,40,17,0,0,1,3.623389352113009,7.837979565374553,3.348689891397953
6681,Harvey Barnes,2017,Leicester,Sub,3,5,0,0,0.0542616993188858,0.0,1,0,0,0,0,0.0542616993188858,0.1033470034599304,0.1033470034599304
