player_id,player_name,season,team,position,games,time,goals,assists,xG,xA,shots,key_passes,yellow,red,npg,npxG,xGChain,xGBuildup
9340,Helibelton Palacios,2022,Elche,DMR,24,1939,0,0,0.2758815065026283,1.0914080180227757,4,7,6,0,0,0.2758815065026283,3.584040131419897,2.688274197280407
9340,Helibelton Palacios,2021,Elche,Sub,26,1926,0,0,0.0280217994004488,0.1685448940843343,1,7,6,0,0,0.0280217994004488,3.047272147610784,2.867421548813581
9340,Helibelton Palacios,2020,Elche,DR,11,738,0,0,0.0,0.0850809998810291,0,3,0,0,0,0.0,2.0587653033435345,1.9736842922866344
