player_id,player_name,season,team,position,games,time,goals,assists,xG,xA,shots,key_passes,yellow,red,npg,npxG,xGChain,xGBuildup
9778,Henrique,2024,Real Valladolid,Sub,5,354,0,0,0.0500399805605411,0.0317411096766591,1,2,0,0,0,0.0500399805605411,0.8846581093966961,0.8529170006513596
9778,Henrique,2023,Lyon,Sub,11,607,1,0,0.4164334014058113,0.5064263064414263,8,5,2,0,1,0.4164334014058113,2.359863445162773,1.5678784251213074
9778,Henrique,2022,Lyon,Sub,7,350,0,1,0.0235130991786718,0.0748744830489158,1,1,0,0,0,0.0235130991786718,0.3481169622391462,0.2497293800115585
9778,Henrique,2021,Lyon,Sub,18,1103,0,1,0.8976697847247124,0.5878197997808456,5,7,3,0,0,0.8976697847247124,5.799371130764484,4.461679972708225
