player_id,player_name,season,team,position,games,time,goals,assists,xG,xA,shots,key_passes,yellow,red,npg,npxG,xGChain,xGBuildup
5509,Hernani,2024,Parma Calcio 1913,Sub,25,1330,3,3,2.768267986364662,2.086292065680027,20,24,7,0,0,0.4843715196475386,3.7652265951037407,2.650100890547037
5509,Hernani,2021,Genoa,AMC,18,667,0,0,0.4549279976636171,0.4201340079307556,10,2,0,0,0,0.4549279976636171,0.6017846073955297,0.0644779000431299
5509,Hernani,2020,Parma Calcio 1913,MC,33,2217,7,3,3.11644056905061,2.4527109218761325,34,35,11,0,6,2.355222557671368,6.408898362889886,3.3981324899941683
5509,Hernani,2019,Parma Calcio 1913,MC,32,2424,0,4,1.0072693265974522,2.026322375983,35,27,10,0,0,1.0072693265974522,7.342660203576088,5.832553170621395
5509,Hernani,2018,Zenit St. Petersburg,AMC,14,567,1,1,1.0558405984193089,0.4545535054057836,14,9,2,0,1,1.0558405984193089,3.0843286737799644,1.822652282193303
5509,Hernani,2017,Saint-Etienne,Sub,14,532,3,0,0.9037560895085336,1.466621408239007,16,12,1,2,3,0.9037560895085336,2.074120359495282,0.5995250958949327
5509,Hernani,2017,Zenit St. Petersburg,Sub,1,1,0,0,0.0,0.0,0,0,0,0,0,0.0,0.0,0.0
5509,Hernani,2016,Zenit St. Petersburg,MC,8,391,0,0,0.2649428062140941,0.140203095972538,10,3,2,0,0,0.2649428062140941,1.866426184773445,1.7118152789771557
