player_id,player_name,season,team,position,games,time,goals,assists,xG,xA,shots,key_passes,yellow,red,npg,npxG,xGChain,xGBuildup
10923,Himad Abdelli,2025,Angers,Sub,5,260,1,0,0.8927302695810795,0.2387602105736732,3,2,0,0,0,0.1326351501047611,1.504417948424816,1.4308777004480362
10923,Himad Abdelli,2024,Angers,FW,32,2866,6,1,6.729426014237106,3.905929923057556,38,39,4,0,3,3.689045458100736,10.431471198797226,5.458412878215313
10923,Himad Abdelli,2022,Angers,Sub,30,2156,2,2,1.2572489092126489,2.229996801353991,24,35,3,0,2,1.2572489092126489,7.042577251791954,4.359379703179002
