player_id,player_name,season,team,position,games,time,goals,assists,xG,xA,shots,key_passes,yellow,red,npg,npxG,xGChain,xGBuildup
10078,Hugo Álvarez,2025,Celta Vigo,DML,7,336,1,0,0.0516532696783542,0.1992269344627857,1,6,0,0,1,0.0516532696783542,1.3019337356090546,1.1027067601680756
10078,Hugo Álvarez,2024,Celta Vigo,MR,26,1572,4,3,2.689221888780594,1.5981045421212912,25,18,6,0,4,2.689221888780594,10.966527298092842,7.376502707600594
10078,Hugo Álvarez,2023,Celta Vigo,Sub,12,766,1,1,1.0486868023872375,2.21878731995821,12,19,1,0,1,1.0486868023872375,7.985994607210159,5.228383045643568
10078,Hugo Álvarez,2021,Celta Vigo,Sub,1,9,0,0,0.1347309947013855,0.0,1,0,0,0,0,0.1347309947013855,0.1347309947013855,0.0
