player_id,player_name,season,team,position,games,time,goals,assists,xG,xA,shots,key_passes,yellow,red,npg,npxG,xGChain,xGBuildup
637,Hugo Lloris,2022,Tottenham,GK,25,2208,0,0,0,0.0,0,0,0,0,0,0,4.2372625302523375,4.2372625302523375
637,Hugo Lloris,2021,Tottenham,GK,38,3420,0,0,0,0.2063245046883821,0,2,2,0,0,0,5.441953940317035,5.235629942268133
637,Hugo Lloris,2020,Tottenham,GK,38,3420,0,0,0,0.0,0,0,0,0,0,0,4.801014944911003,4.801014944911003
637,Hugo Lloris,2019,Tottenham,GK,21,1808,0,0,0,0.0,0,0,0,0,0,0,0.612897090613842,0.612897090613842
637,Hugo Lloris,2018,Tottenham,GK,33,2970,0,0,0,0.0,0,0,0,0,0,0,3.588096484541893,3.588096484541893
637,Hugo Lloris,2017,Tottenham,GK,36,3240,0,0,0,0.0,0,0,1,0,0,0,5.444236234761775,5.444236234761775
637,Hugo Lloris,2016,Tottenham,GK,34,3004,0,0,0,0.0446447003632783,0,2,0,0,0,0,4.160326458513737,4.11568146198988
637,Hugo Lloris,2015,Tottenham,GK,37,3330,0,0,0,0.0237199999392032,0,1,0,0,0,0,4.43877761438489,4.415057618170977
637,Hugo Lloris,2014,Tottenham,GK,35,3063,0,0,0,0.0,0,0,0,0,0,0,3.140590347349644,3.140590347349644
