player_id,player_name,season,team,position,games,time,goals,assists,xG,xA,shots,key_passes,yellow,red,npg,npxG,xGChain,xGBuildup
8065,Iago,2023,Augsburg,Sub,23,1625,1,1,1.6442270195111632,2.340431857854128,18,17,4,0,1,1.6442270195111632,6.703731796704233,4.033072794787586
8065,Iago,2022,Augsburg,ML,22,1616,0,2,0.5045134099200368,1.513440130278468,9,10,4,1,0,0.5045134099200368,4.3672290202230215,3.115460731089115
8065,Iago,2021,Augsburg,DL,28,2185,2,5,0.935566789470613,2.741615667939186,12,32,3,0,2,0.935566789470613,6.24906574934721,3.5571512216702104
8065,Iago,2020,Augsburg,DL,18,1570,1,1,0.916491623967886,1.0382906943559649,9,16,2,0,1,0.916491623967886,4.784234173595905,2.92073767259717
8065,Iago,2019,Augsburg,ML,10,665,1,1,0.723487988114357,0.468198699876666,2,5,0,0,1,0.723487988114357,1.1540067996829748,0.0903179701417684
