player_id,player_name,season,team,position,games,time,goals,assists,xG,xA,shots,key_passes,yellow,red,npg,npxG,xGChain,xGBuildup
11807,Ian Maatsen,2025,Aston Villa,Sub,5,139,0,0,0.1195527166128158,0.219144232571125,3,4,1,0,0,0.1195527166128158,0.380618467926979,0.215027667582035
11807,Ian Maatsen,2024,Aston Villa,Sub,29,1073,1,2,0.979834190569818,3.0338974483311176,19,19,2,0,1,0.979834190569818,9.690310459583998,8.366953602991998
11807,Ian Maatsen,2023,Borussia Dortmund,DL,16,1288,2,2,0.849341201595962,1.4945228397846222,11,8,5,0,2,0.849341201595962,8.60348061658442,7.317504981532693
11807,Ian Maatsen,2023,Chelsea,Sub,12,169,0,0,0.6834889836609364,0.0573244532570242,5,2,1,0,0,0.6834889836609364,1.3501509558409452,0.6530423145741224
