player_id,player_name,season,team,position,games,time,goals,assists,xG,xA,shots,key_passes,yellow,red,npg,npxG,xGChain,xGBuildup
3358,Ibrahim Amadou,2022,Angers,Sub,7,421,0,0,0.0564409010112285,0.0432325005531311,2,1,2,0,0,0.0564409010112285,0.3099130019545555,0.2534715980291366
3358,Ibrahim Amadou,2021,Metz,DC,10,822,1,0,0.4581704158335924,0.0590901002287864,3,3,4,0,1,0.4581704158335924,0.5453550107777119,0.5291406102478504
3358,Ibrahim Amadou,2020,Angers,DMC,24,1524,0,0,1.3126971228048203,0.2148182988166809,14,4,6,0,0,1.3126971228048203,5.471795458346605,4.182436501607299
3358,Ibrahim Amadou,2019,Leganes,MC,10,788,0,0,0.7127684885635972,0.0202606990933418,5,1,2,0,0,0.7127684885635972,1.4410812892019749,0.7908943109214306
3358,Ibrahim Amadou,2019,Norwich,Sub,11,757,0,0,0.5927503108978271,0.0502861998975276,6,1,1,0,0,0.5927503108978271,1.2464549839496613,1.1509819775819778
3358,Ibrahim Amadou,2018,Sevilla,Sub,17,760,0,0,0.3480069022625685,0.0651517994701862,9,3,2,0,0,0.3480069022625685,2.001700410619378,1.6048995880410075
3358,Ibrahim Amadou,2017,Lille,DC,30,2417,0,0,0.7406188864260912,0.2991576995700598,16,10,3,0,0,0.7406188864260912,5.6407316531986,5.240410517901182
3358,Ibrahim Amadou,2016,Lille,MC,35,2957,1,1,1.2690231343731284,0.8803029116243124,16,14,4,0,1,1.2690231343731284,5.802462629042566,4.328557329252362
3358,Ibrahim Amadou,2015,Lille,DC,22,1663,1,0,1.048850515857339,0.1636133976280689,12,4,2,0,1,1.048850515857339,3.4872966753318906,3.2572402888908982
