player_id,player_name,season,team,position,games,time,goals,assists,xG,xA,shots,key_passes,yellow,red,npg,npxG,xGChain,xGBuildup
5722,Ibrahim Sangare,2025,Nottingham Forest,DMC,6,452,0,0,0.4478576788678765,0.03345363214612,4,1,1,0,0,0.4478576788678765,1.750298336148262,1.710821345448494
5722,Ibrahim Sangare,2024,Nottingham Forest,DMC,13,584,0,1,0.0163659416139125,0.7156692324206233,1,5,3,0,0,0.0163659416139125,3.003039238974452,2.3539955895394087
5722,Ibrahim Sangare,2023,Nottingham Forest,DMC,17,1053,0,0,0.8340437468141317,0.3507998380810022,8,7,6,0,0,0.8340437468141317,4.501044608652592,3.5168560035526752
5722,Ibrahim Sangare,2019,Toulouse,DMC,25,2177,0,1,1.661677991040051,1.1986877955496311,22,26,8,0,0,1.661677991040051,6.354851653799415,4.542995445430279
5722,Ibrahim Sangare,2018,Toulouse,DMC,28,2462,1,3,1.359897774644196,1.7213547211140394,37,19,7,0,1,1.359897774644196,6.648392878472805,4.991479465737939
5722,Ibrahim Sangare,2017,Toulouse,MC,20,1588,1,2,0.9535941281355916,1.345612229779363,20,19,5,0,1,0.9535941281355916,4.692362083587796,3.2376807145774364
5722,Ibrahim Sangare,2016,Toulouse,Sub,5,262,0,0,0.0398375988006591,0.0330919995903968,2,1,1,0,0,0.0398375988006591,0.9290738124400376,0.8796545136719942
