player_id,player_name,season,team,position,games,time,goals,assists,xG,xA,shots,key_passes,yellow,red,npg,npxG,xGChain,xGBuildup
11484,Ibrahim Maza,2025,Bayer Leverkusen,AMC,5,231,0,0,0.7912426292896271,0.4245567210018635,8,2,0,0,0,0.7912426292896271,2.7028293013572693,1.7487482130527496
11484,Ibrahim Maza,2022,Hertha Berlin,Sub,2,61,1,0,0.5629153847694397,0.0,1,0,0,0,1,0.5629153847694397,1.0719477087259293,0.5090322941541672
