player_id,player_name,season,team,position,games,time,goals,assists,xG,xA,shots,key_passes,yellow,red,npg,npxG,xGChain,xGBuildup
6326,Ibrahima Konaté,2025,Liverpool,DC,8,672,0,0,1.0372856128960848,0.5974482372403145,4,4,2,0,0,1.0372856128960848,3.017327696084976,2.77434316277504
6326,Ibrahima Konaté,2024,Liverpool,Sub,31,2578,1,2,1.85700361803174,1.0275321248918772,19,10,5,0,1,1.85700361803174,17.322711497545242,16.64254543930292
6326,Ibrahima Konaté,2023,Liverpool,DC,22,1555,0,0,0.5480835782364011,0.5098369065672159,11,8,3,1,0,0.5480835782364011,10.23207015544176,10.100398369133472
6326,Ibrahima Konaté,2022,Liverpool,Sub,18,1545,0,0,1.5610232884064317,0.2667285501956939,11,1,5,0,0,1.5610232884064317,4.783836133778095,4.113892234861851
6326,Ibrahima Konaté,2021,Liverpool,DC,11,990,0,0,0.205162601545453,0.0,4,0,2,0,0,0.205162601545453,3.758265731856227,3.758265731856227
6326,Ibrahima Konaté,2020,RasenBallsport Leipzig,Sub,14,695,1,0,0.7968820035457611,0.0,4,0,2,0,1,0.7968820035457611,1.9508081041276453,1.9508081041276453
6326,Ibrahima Konaté,2019,RasenBallsport Leipzig,DC,8,562,0,0,0.0505330003798007,0.04383410140872,1,1,2,0,0,0.0505330003798007,4.367088865488768,4.367088865488768
6326,Ibrahima Konaté,2018,RasenBallsport Leipzig,DC,28,2431,1,1,1.5469714049249887,0.3545756004750728,13,6,7,0,1,1.5469714049249887,7.260428823530674,7.060466635972261
6326,Ibrahima Konaté,2017,RasenBallsport Leipzig,DC,16,1226,0,0,0.1514450944960117,0.3623632863163948,2,3,1,0,0,0.1514450944960117,2.786828396841884,2.786828396841884
