player_id,player_name,season,team,position,games,time,goals,assists,xG,xA,shots,key_passes,yellow,red,npg,npxG,xGChain,xGBuildup
6736,Ibrahima Diallo,2022,Southampton,Sub,18,821,0,0,0.1378516973927617,0.1038510017096996,6,4,4,0,0,0.1378516973927617,1.5289212055504322,1.3642751909792423
6736,Ibrahima Diallo,2021,Southampton,Sub,23,1008,0,2,0.3365836981683969,1.0428851870819926,8,16,1,0,0,0.3365836981683969,3.856821626424789,2.6416625948622823
6736,Ibrahima Diallo,2020,Southampton,Sub,22,999,0,0,0.608452707529068,0.6375490110367537,7,9,3,0,0,0.608452707529068,3.3023097794502974,2.5710399094969034
6736,Ibrahima Diallo,2020,Brest,DMC,5,447,0,0,0.0147880995646119,0.4297985937446356,1,3,1,0,0,0.0147880995646119,2.0871559977531438,1.6653870046138763
6736,Ibrahima Diallo,2019,Brest,MC,19,1563,0,1,0.0781602999195456,0.684978699311614,5,10,2,0,0,0.0781602999195456,2.8881296906620264,2.3440543822944164
