player_id,player_name,season,team,position,games,time,goals,assists,xG,xA,shots,key_passes,yellow,red,npg,npxG,xGChain,xGBuildup
10415,Iké Ugbo,2022,Troyes,Sub,25,876,2,1,1.7328515462577343,0.5488028079271317,15,3,0,0,2,1.7328515462577343,2.8415385521948338,0.8721485044807196
10415,Iké Ugbo,2021,Troyes,FW,14,838,5,0,3.45127197355032,0.2162653021514415,16,5,0,0,4,2.691176988184452,3.16238421946764,1.3880270775407553
