player_id,player_name,season,team,position,games,time,goals,assists,xG,xA,shots,key_passes,yellow,red,npg,npxG,xGChain,xGBuildup
7825,Iker Losada,2025,Levante,Sub,3,23,0,0,0.0,0.0,0,0,0,0,0,0.0,0.0,0.0
7825,Iker Losada,2024,Celta Vigo,Sub,12,346,1,0,0.9493039138615132,0.3648030236363411,3,5,2,0,1,0.9493039138615132,2.066788570955396,0.9840317014604808
7825,Iker Losada,2024,Real Betis,Sub,10,324,0,0,0.7658047936856747,0.5902831815183163,5,6,0,0,0,0.7658047936856747,1.7998412530869246,0.4701178073883056
7825,Iker Losada,2019,Celta Vigo,Sub,2,10,1,0,0.2371689975261688,0.0,1,0,0,0,1,0.2371689975261688,0.2371689975261688,0.0
