player_id,player_name,season,team,position,games,time,goals,assists,xG,xA,shots,key_passes,yellow,red,npg,npxG,xGChain,xGBuildup
1272,Ilija Nestorovski,2022,Udinese,Sub,21,599,2,1,1.449692104011774,0.6359671503305435,14,2,3,0,2,1.449692104011774,2.8219575379043818,0.8675671946257353
1272,Ilija Nestorovski,2021,Udinese,Sub,7,178,1,1,0.879819892346859,0.7708290070295334,5,4,1,0,1,0.879819892346859,2.183413177728653,0.5327630043029785
1272,Ilija Nestorovski,2020,Udinese,Sub,22,666,2,2,5.143586440011859,1.8310516877099872,25,14,1,0,2,5.143586440011859,6.923712877556682,0.8404390029609203
1272,Ilija Nestorovski,2019,Udinese,Sub,28,1246,3,1,4.309609513729811,1.290255189873278,35,17,4,0,3,4.309609513729811,7.813536563888192,2.722375483252108
1272,Ilija Nestorovski,2016,Palermo,Sub,37,3106,11,3,8.045288931578398,2.0566700268536806,76,37,5,0,10,7.283989902585745,9.829104276373982,2.4159801993519068
