player_id,player_name,season,team,position,games,time,goals,assists,xG,xA,shots,key_passes,yellow,red,npg,npxG,xGChain,xGBuildup
11486,Illia Zabarnyi,2025,Paris Saint Germain,DC,7,561,1,0,0.3527454733848572,0.0,1,0,0,0,1,0.3527454733848572,1.7834812998771667,1.7834812998771667
11486,Illia Zabarnyi,2024,Bournemouth,DC,36,3116,0,1,1.3495636964216828,0.9619763027876616,12,12,4,1,0,1.3495636964216828,7.431322017684579,7.211819479241967
11486,Illia Zabarnyi,2023,Bournemouth,DC,37,3330,1,0,1.736923448741436,0.3827739413827657,8,7,5,0,1,1.736923448741436,9.300164757296445,9.114820940420032
11486,Illia Zabarnyi,2022,Bournemouth,Sub,5,290,0,0,0.0,0.0,0,0,0,0,0,0.0,0.631728045642376,0.631728045642376
