player_id,player_name,season,team,position,games,time,goals,assists,xG,xA,shots,key_passes,yellow,red,npg,npxG,xGChain,xGBuildup
1724,Isaac Success,2023,Udinese,Sub,27,837,1,1,2.894139414653182,1.4814461851492524,19,11,4,0,1,2.1328405793756247,5.025094967335463,2.4349495340138674
1724,Isaac Success,2022,Udinese,FW,30,1844,1,6,3.408071112819016,3.680428732186556,35,31,4,0,1,3.408071112819016,9.639216328039764,4.826852985657752
1724,Isaac Success,2021,Udinese,Sub,22,904,2,7,2.4817703664302826,4.072918459773064,25,17,1,1,2,2.4817703664302826,8.361803176812828,2.7333126636222005
1724,Isaac Success,2019,Watford,Sub,5,54,0,0,0.0947981029748916,0.0546776987612247,1,1,1,0,0,0.0947981029748916,0.194450007751584,0.0449739005416631
1724,Isaac Success,2018,Watford,Sub,30,1015,1,1,3.2875502817332745,3.013180084526539,29,21,4,0,1,3.2875502817332745,6.455691117793322,2.012285530567169
1724,Isaac Success,2017,Malaga,Sub,9,498,0,1,0.41342300362885,1.6377607882022858,8,7,0,0,0,0.41342300362885,2.2391183264553547,0.1879316931590438
1724,Isaac Success,2016,Watford,Sub,19,463,1,1,1.246619775891304,0.3569929003715515,14,5,2,0,1,1.246619775891304,1.4445009864866734,0.087627300992608
1724,Isaac Success,2015,Granada,Sub,30,2441,6,2,7.115402931347489,3.4027489833533764,56,27,10,1,6,7.115402931347489,11.151554066687822,1.983486839570105
1724,Isaac Success,2014,Granada,FW,19,918,1,1,2.22268807515502,0.8674561306834221,14,7,1,0,1,2.22268807515502,3.042885761708021,0.3015265055000782
