player_id,player_name,season,team,position,games,time,goals,assists,xG,xA,shots,key_passes,yellow,red,npg,npxG,xGChain,xGBuildup
10390,Ismaël Doukouré,2025,Strasbourg,DC,7,591,0,1,0.3403495848178863,0.5914561729878187,1,2,2,0,0,0.3403495848178863,2.6561948508024216,2.637004241347313
10390,Ismaël Doukouré,2024,Strasbourg,MC,31,2658,1,1,0.661684188991785,1.2588393911719322,4,9,7,0,1,0.661684188991785,12.319075230509045,11.352039460092785
10390,Ismaël Doukouré,2023,Strasbourg,DC,22,1672,0,0,0.2156703928485512,0.2068604454398155,9,9,4,0,0,0.2156703928485512,3.439118914306164,3.0547689525410533
10390,Ismaël Doukouré,2022,Strasbourg,DC,28,2303,1,1,0.2222104799002409,0.3680617064237594,9,4,5,0,1,0.2222104799002409,5.958448220044375,5.462891655042768
10390,Ismaël Doukouré,2021,Strasbourg,Sub,1,16,0,0,0.0,0.0,0,0,0,0,0,0.0,0.0,0.0
