player_id,player_name,season,team,position,games,time,goals,assists,xG,xA,shots,key_passes,yellow,red,npg,npxG,xGChain,xGBuildup
10811,Ismaily,2024,Lille,DL,16,911,0,1,1.3970418814569712,1.519013799726963,10,5,4,0,0,1.3970418814569712,5.690224297344685,3.8401562459766874
10811,Ismaily,2023,Lille,DL,30,2479,1,1,0.5590428728610277,1.4929571133106947,7,10,1,0,1,0.5590428728610277,8.811350658535957,7.800560588017106
10811,Ismaily,2022,Lille,Sub,23,1786,2,1,1.356632126495242,1.931580597534776,13,20,0,0,2,1.356632126495242,8.70349257439375,7.09407301992178
