player_id,player_name,season,team,position,games,time,goals,assists,xG,xA,shots,key_passes,yellow,red,npg,npxG,xGChain,xGBuildup
11792,Issa Soumaré,2025,Le Havre,FW,8,720,3,2,3.994407339952886,2.0759292319417,17,11,1,0,2,3.234312220476568,4.574926856905222,0.9152358677238226
11792,Issa Soumaré,2024,Le Havre,Sub,29,1908,5,4,4.202352497726679,2.711702112108469,43,28,0,0,5,4.202352497726679,6.44101844727993,1.32129811309278
11792,Issa Soumaré,2023,Le Havre,FW,7,243,0,0,0.4572930801659822,0.7231943272054195,5,3,0,0,0,0.4572930801659822,0.5209243465214968,0.0809389054775238
