player_id,player_name,season,team,position,games,time,goals,assists,xG,xA,shots,key_passes,yellow,red,npg,npxG,xGChain,xGBuildup
4169,Iv치n S치nchez,2024,Real Valladolid,Sub,32,1365,2,1,0.6651053056120872,2.8943237783387303,15,23,4,0,2,0.6651053056120872,5.540360562503338,3.337217738851905
4169,Iv치n S치nchez,2022,Real Valladolid,Sub,25,1125,1,1,0.4739026669412851,1.8839735956862569,17,17,0,0,1,0.4739026669412851,4.305321861058474,2.967937429435551
