player_id,player_name,season,team,position,games,time,goals,assists,xG,xA,shots,key_passes,yellow,red,npg,npxG,xGChain,xGBuildup
6226,Iván Alejo,2023,Cadiz,MR,31,1770,0,2,0.5896123591810465,2.020405754446984,12,15,18,0,0,0.5896123591810465,3.699001715518534,1.8776471866294744
6226,Iván Alejo,2022,Cadiz,Sub,31,1278,0,1,1.0184715241193771,2.443297396413982,23,21,11,1,0,1.0184715241193771,4.896738603711128,1.8033415526151657
6226,Iván Alejo,2021,Cadiz,Sub,20,1072,2,2,1.2362871216610074,1.9338519293814895,12,20,7,0,2,1.2362871216610074,4.867055531591177,1.947860177606344
6226,Iván Alejo,2020,Cadiz,Sub,22,809,1,1,1.0643259212374687,0.9284257106482984,12,11,5,0,1,1.0643259212374687,2.621270902454853,1.0314135700464249
6226,Iván Alejo,2018,Getafe,Sub,4,152,0,0,0.0224849004298448,0.5791879892349243,1,1,2,1,0,0.0224849004298448,0.6139962896704674,0.0123234000056982
6226,Iván Alejo,2017,Eibar,Sub,22,1110,1,3,0.4845955036580562,2.028617646545172,13,17,5,0,1,0.4845955036580562,3.2170385103672743,0.8361466936767101
