player_id,player_name,season,team,position,games,time,goals,assists,xG,xA,shots,key_passes,yellow,red,npg,npxG,xGChain,xGBuildup
5672,Iván Balliu,2025,Rayo Vallecano,Sub,2,110,0,0,0.0127302538603544,0.0,1,0,1,0,0,0.0127302538603544,0.5313735604286194,0.518643319606781
5672,Iván Balliu,2024,Rayo Vallecano,Sub,25,1167,0,0,0.0213732570409774,0.3424931820482015,1,6,3,0,0,0.0213732570409774,2.977828769944608,2.866559601388872
5672,Iván Balliu,2023,Rayo Vallecano,DR,33,2878,0,1,0.959212239831686,2.487216589972377,11,24,4,0,0,0.959212239831686,7.487997930496931,5.418355187401176
5672,Iván Balliu,2022,Rayo Vallecano,DR,37,3248,0,0,0.1830110009759664,2.5905279675498605,6,32,6,0,0,0.1830110009759664,7.590222078375518,6.296683262102306
5672,Iván Balliu,2021,Rayo Vallecano,DR,35,3150,1,2,1.1241264138370752,3.6824938748031855,15,43,10,1,1,1.1241264138370752,11.404870027676225,9.019103026017548
5672,Iván Balliu,2017,Metz,DR,25,1950,0,1,0.1547528970986604,0.99536972027272,4,10,6,0,0,0.1547528970986604,5.041942898184061,4.631389499176294
5672,Iván Balliu,2016,Metz,DL,27,2329,0,5,0.129945601336658,2.2071556262671947,4,13,4,0,0,0.129945601336658,3.969984481111169,3.034345611929893
