player_id,player_name,season,team,position,games,time,goals,assists,xG,xA,shots,key_passes,yellow,red,npg,npxG,xGChain,xGBuildup
6982,Ivan Provedel,2025,Lazio,GK,7,630,0,0,0.0,0.0,0,0,0,0,0,0.0,0.8711062483489513,0.8711062483489513
6982,Ivan Provedel,2024,Lazio,GK,29,2610,0,0,0.0,0.2428949847817421,0,3,0,0,0,0.0,4.041067577898502,3.85493978112936
6982,Ivan Provedel,2023,Lazio,GK,30,2700,0,0,0.0,0.0,0,0,0,0,0,0.0,5.310401801019907,5.310401801019907
6982,Ivan Provedel,2022,Lazio,Sub,38,3413,0,0,0.0,0.0308308005332946,0,1,1,0,0,0.0,6.038887968286872,6.008057167753577
6982,Ivan Provedel,2021,Spezia,GK,31,2772,0,0,0.0067149298265576,0.0,1,0,2,0,0,0.0067149298265576,3.684324742294848,3.6776098124682894
6982,Ivan Provedel,2020,Spezia,GK,29,2610,0,0,0.0,0.0,0,0,1,0,0,0.0,1.4688880778849125,1.4688880778849125
6982,Ivan Provedel,2018,Empoli,GK,16,1440,0,0,0.0,0.1115711014717817,0,3,0,0,0,0.0,2.464917093515396,2.3533456940203905
