player_id,player_name,season,team,position,games,time,goals,assists,xG,xA,shots,key_passes,yellow,red,npg,npxG,xGChain,xGBuildup
13443,Ivan Smolcic,2025,Como,Sub,5,349,0,0,0.0138002447783946,0.0793331116437912,1,3,3,0,0,0.0138002447783946,0.440434418618679,0.3862761538475752
13443,Ivan Smolcic,2024,Como,DR,9,627,0,0,0.7790971677750349,0.1207934692502021,7,2,2,0,0,0.7790971677750349,1.1278045997023582,0.9111174307763577
