player_id,player_name,season,team,position,games,time,goals,assists,xG,xA,shots,key_passes,yellow,red,npg,npxG,xGChain,xGBuildup
8828,Ivan Ilic,2025,Torino,MC,3,147,0,0,0.0,0.0454430617392063,0,1,0,0,0,0.0,0.2078021727502346,0.1623591110110283
8828,Ivan Ilic,2024,Torino,MC,19,898,1,0,1.1345241209492087,0.9605423053726554,11,9,4,0,1,1.1345241209492087,4.03326803445816,2.487295724451542
8828,Ivan Ilic,2023,Torino,MC,31,2097,3,2,2.571698747575283,5.4198929220438,27,47,3,0,3,2.571698747575283,7.87908730097115,4.572807356715202
8828,Ivan Ilic,2022,Torino,MC,14,1189,2,2,0.1799569996073842,1.3103796429932115,5,13,3,0,2,0.1799569996073842,6.939763657748699,6.434963576495647
8828,Ivan Ilic,2022,Verona,MC,11,861,0,1,0.432270810008049,1.0388787984848022,9,16,1,0,0,0.432270810008049,1.5002164021134377,0.8178973142057657
8828,Ivan Ilic,2021,Verona,Sub,32,2544,1,4,2.436852065846324,1.610640867613256,22,19,5,1,1,2.436852065846324,10.80234658997506,8.275647551752627
8828,Ivan Ilic,2020,Verona,Sub,29,1826,2,0,1.8746882807463408,0.5437297997996211,12,16,2,0,2,1.8746882807463408,9.12428155168891,7.175515897572041
