player_id,player_name,season,team,position,games,time,goals,assists,xG,xA,shots,key_passes,yellow,red,npg,npxG,xGChain,xGBuildup
11545,Jérémy Jacquet,2025,Rennes,DC,8,720,0,0,0.2065406069159507,0.1553788930177688,2,3,3,0,0,0.2065406069159507,3.660254616290331,3.517580132931471
11545,Jérémy Jacquet,2024,Rennes,DC,11,933,0,1,0.4790785685181618,0.6175114922225475,8,4,0,0,0,0.4790785685181618,4.442345820367336,4.400260426104069
11545,Jérémy Jacquet,2023,Clermont Foot,Sub,6,232,0,1,0.1028948426246643,0.1672557108104229,1,2,0,0,0,0.1028948426246643,0.5136230736970901,0.3835830762982368
11545,Jérémy Jacquet,2023,Rennes,Sub,1,2,0,0,0.0,0.0,0,0,0,0,0,0.0,0.0,0.0
