player_id,player_name,season,team,position,games,time,goals,assists,xG,xA,shots,key_passes,yellow,red,npg,npxG,xGChain,xGBuildup
8720,Jack Harrison,2025,Leeds,Sub,7,184,0,0,0.3694974035024643,0.3380284607410431,4,1,0,0,0,0.3694974035024643,0.857118814252317,0.1685343077406287
8720,Jack Harrison,2024,Everton,AMR,34,2102,1,0,3.3758146427571774,3.650003883987665,29,33,0,0,1,3.3758146427571774,7.757276251912117,2.7420455012470484
8720,Jack Harrison,2023,Everton,Sub,29,2229,3,3,4.149862082675099,4.3471535332500935,34,27,1,0,3,4.149862082675099,8.462419219315052,2.3600274678319693
8720,Jack Harrison,2022,Leeds,AML,36,2793,5,7,5.013850751332939,5.010656230151653,39,53,2,0,5,5.013850751332939,11.75817795842886,4.768079791218042
8720,Jack Harrison,2021,Leeds,ML,35,2660,8,1,5.154695501551032,3.4489700738340616,43,42,3,0,8,5.154695501551032,9.2159404437989,4.422536087222397
8720,Jack Harrison,2020,Leeds,ML,36,2871,8,8,6.254035193473101,7.523063641041517,46,59,2,0,8,6.254035193473101,19.397482879459854,8.035575471818447
