player_id,player_name,season,team,position,games,time,goals,assists,xG,xA,shots,key_passes,yellow,red,npg,npxG,xGChain,xGBuildup
7009,Jaime Mata,2024,Las Palmas,AMR,30,571,0,0,2.454514908604324,0.1070462688803672,17,3,8,0,0,2.454514908604324,3.0006161741912365,0.5710783675312996
7009,Jaime Mata,2023,Getafe,ML,36,1891,5,1,5.709469351917505,1.5407152902334929,34,18,8,1,5,5.709469351917505,7.414690779522061,1.9643178265541792
7009,Jaime Mata,2022,Getafe,Sub,18,427,1,1,2.0950597021728754,1.1174044162034988,14,6,4,0,1,2.0950597021728754,3.460166232660413,0.3125117197632789
7009,Jaime Mata,2021,Getafe,Sub,22,626,1,0,1.110442707315087,0.5862797060981393,10,8,6,0,1,1.110442707315087,1.8560283314436676,0.2452758904546499
7009,Jaime Mata,2020,Getafe,FW,33,2050,5,0,7.800480004400015,1.3467821720987558,40,16,9,1,4,6.314051851630211,7.969260366633534,2.9682467579841614
7009,Jaime Mata,2019,Getafe,FW,34,2792,11,3,11.4047272214666,3.577843138948083,56,29,14,0,8,8.432257548905909,13.8556823534891,4.461362764239311
7009,Jaime Mata,2018,Getafe,Sub,34,2450,14,6,12.554694386199117,2.739033369347453,59,19,10,0,10,9.581582257524133,12.74275522492826,2.851653566583991
