player_id,player_name,season,team,position,games,time,goals,assists,xG,xA,shots,key_passes,yellow,red,npg,npxG,xGChain,xGBuildup
8418,Jamal Musiala,2024,Bayern Munich,AMC,25,1822,12,2,11.052295371890068,5.645927414298058,68,41,3,0,12,11.052295371890068,23.51362369954586,10.554121501743792
8418,Jamal Musiala,2023,Bayern Munich,AMC,24,1795,10,5,8.374677112326026,6.257946293801069,58,41,2,0,10,8.374677112326026,24.165846794843677,11.269792128354313
8418,Jamal Musiala,2022,Bayern Munich,ML,33,2234,12,10,9.34594888612628,7.170549068599939,66,52,1,0,12,9.34594888612628,27.62527047097683,15.357557548210025
8418,Jamal Musiala,2021,Bayern Munich,Sub,30,1447,5,5,5.823698816820979,4.993367468938232,41,28,2,0,5,5.823698816820979,17.305432565510273,7.625213209539652
8418,Jamal Musiala,2020,Bayern Munich,Sub,26,850,6,1,2.8830014541745186,0.6597437039017677,25,9,0,0,6,2.8830014541745186,7.208409074693918,4.659118488430977
8418,Jamal Musiala,2019,Bayern Munich,Sub,1,1,0,0,0.0,0.0,0,0,0,0,0,0.0,0.0,0.0
