player_id,player_name,season,team,position,games,time,goals,assists,xG,xA,shots,key_passes,yellow,red,npg,npxG,xGChain,xGBuildup
766,Jamaal Lascelles,2025,Newcastle United,Sub,2,8,0,0,0.0783025473356247,0.0,1,0,0,0,0,0.0783025473356247,0.0,0.0
766,Jamaal Lascelles,2023,Newcastle United,Sub,16,1072,1,0,1.0759279876947403,0.0364065654575824,6,2,4,0,1,1.0759279876947403,3.616684731096029,3.5107219703495502
766,Jamaal Lascelles,2022,Newcastle United,DC,7,200,0,0,0.120240394026041,0.0,2,0,2,0,0,0.120240394026041,0.3834709972143173,0.3834709972143173
766,Jamaal Lascelles,2021,Newcastle United,DC,26,2052,1,0,1.3373388117179277,0.2316508945077657,17,4,5,0,1,1.3373388117179277,1.4465576093643904,1.4465576093643904
766,Jamaal Lascelles,2020,Newcastle United,DC,19,1633,2,0,0.7653545793145895,0.0668828021734952,16,2,4,0,2,0.7653545793145895,2.6064504999667406,2.3499084059149027
766,Jamaal Lascelles,2019,Newcastle United,DC,24,2084,1,0,0.44119159784168,0.1419748999178409,9,2,5,0,1,0.44119159784168,2.9985410645604134,2.853570658713579
766,Jamaal Lascelles,2018,Newcastle United,DC,32,2751,0,1,0.3995888289064169,1.2035105116665363,11,3,4,0,0,0.3995888289064169,3.302876438945532,3.29386943206191
766,Jamaal Lascelles,2017,Newcastle United,Sub,33,2929,3,0,1.5097707957029345,0.3699572999030351,12,6,5,0,3,1.5097707957029345,3.311390195041895,3.2026658058166504
766,Jamaal Lascelles,2015,Newcastle United,Sub,18,1135,2,0,0.4158274009823799,0.1482736989855766,4,2,1,1,2,0.4158274009823799,1.2703508995473385,1.2219718024134636
