player_id,player_name,season,team,position,games,time,goals,assists,xG,xA,shots,key_passes,yellow,red,npg,npxG,xGChain,xGBuildup
2249,James Rodríguez,2024,Rayo Vallecano,Sub,6,127,0,0,0.227073086425662,0.1026876494288444,4,2,1,0,0,0.227073086425662,0.7378233093768358,0.4842777736485004
2249,James Rodríguez,2020,Everton,FWR,23,1802,6,4,3.363535486161709,5.439712628722191,37,40,4,0,6,3.363535486161709,12.033014222979546,7.104172067716718
2249,James Rodríguez,2019,Real Madrid,MC,8,418,1,1,1.2141354270279408,2.145768143236637,9,14,1,0,1,1.2141354270279408,4.867497373372316,2.4955034237354994
2249,James Rodríguez,2018,Bayern Munich,Sub,20,1149,7,3,5.530224581249058,5.46054333075881,36,50,2,0,7,5.530224581249058,16.030885197222233,8.327242121100426
2249,James Rodríguez,2017,Bayern Munich,Sub,23,1638,7,11,5.205832462757826,7.610789678990841,41,64,2,0,7,5.205832462757826,18.664185371249918,11.458919409662483
2249,James Rodríguez,2016,Real Madrid,Sub,22,1174,8,6,5.613008277490735,6.064444281160832,32,44,1,0,8,5.613008277490735,13.335713628679514,6.606136264279485
2249,James Rodríguez,2015,Real Madrid,Sub,26,1520,7,8,2.521249303594232,7.676972046494484,39,60,1,0,7,2.521249303594232,15.032699637115002,9.757384553551674
2249,James Rodríguez,2014,Real Madrid,MC,29,2299,13,13,5.519279638305306,9.412156958132982,53,77,5,0,13,5.519279638305306,23.724572151899338,14.519155323505402
