player_id,player_name,season,team,position,games,time,goals,assists,xG,xA,shots,key_passes,yellow,red,npg,npxG,xGChain,xGBuildup
10126,James McAtee,2025,Nottingham Forest,Sub,4,120,0,0,0.0131533788517117,0.2934955358505249,1,3,0,0,0,0.0131533788517117,0.333125096745789,0.0396295608952641
10126,James McAtee,2024,Manchester City,Sub,15,341,3,0,2.566829100251198,0.8544101417064667,12,3,1,0,3,2.566829100251198,3.394278069958091,0.7336818743497133
10126,James McAtee,2023,Sheffield United,MC,30,1847,3,3,3.202349577099085,3.065165574662388,26,28,2,0,2,2.4411807619035244,7.374102478846908,2.796986948233098
10126,James McAtee,2023,Manchester City,Sub,1,1,0,0,0.0,0.0,0,0,0,0,0,0.0,0.0,0.0
10126,James McAtee,2021,Manchester City,Sub,2,15,0,0,0.0886486992239952,0.0,1,0,0,0,0,0.0886486992239952,0.0886486992239952,0.0
