player_id,player_name,season,team,position,games,time,goals,assists,xG,xA,shots,key_passes,yellow,red,npg,npxG,xGChain,xGBuildup
11359,James Bree,2024,Southampton,Sub,17,1077,0,1,0.1093538105487823,1.0717255100607872,4,9,0,0,0,0.1093538105487823,3.7004061806946993,3.000851457938552
11359,James Bree,2022,Southampton,DR,5,373,0,0,0.014379559084773,0.1782319955527782,1,4,1,0,0,0.014379559084773,0.3973508812487125,0.230254914611578
