player_id,player_name,season,team,position,games,time,goals,assists,xG,xA,shots,key_passes,yellow,red,npg,npxG,xGChain,xGBuildup
9718,Jamie Leweling,2025,VfB Stuttgart,AML,6,464,0,3,0.6898101679980755,1.7758634388446808,13,11,2,0,0,0.6898101679980755,3.404816895723343,1.3037479743361473
9718,Jamie Leweling,2024,VfB Stuttgart,AMR,27,1710,2,1,2.331845246255398,4.925153277814388,29,24,4,0,2,2.331845246255398,9.747993640601637,4.5908546801656485
9718,Jamie Leweling,2023,VfB Stuttgart,Sub,34,1548,4,4,6.18448478449136,2.671717455610633,43,23,3,0,4,6.18448478449136,12.17147049214691,4.742095705121756
9718,Jamie Leweling,2022,Union Berlin,Sub,16,215,1,1,1.204305499792099,0.5070108249783516,9,2,1,0,1,1.204305499792099,1.7667225282639265,0.4843890089541673
9718,Jamie Leweling,2021,Greuther Fuerth,Sub,33,1962,5,1,3.849232294596732,1.6021407693624496,44,16,3,0,5,3.849232294596732,6.335215521976352,1.5782537907361984
