player_id,player_name,season,team,position,games,time,goals,assists,xG,xA,shots,key_passes,yellow,red,npg,npxG,xGChain,xGBuildup
6042,Jan Bednarek,2024,Southampton,DC,30,2538,2,0,1.0302477153018117,0.3539321832358837,5,5,7,0,2,1.0302477153018117,6.619636853225529,6.190516717731953
6042,Jan Bednarek,2022,Southampton,DC,20,1677,0,0,0.3442239593714475,0.1472967974841594,8,3,5,0,0,0.3442239593714475,0.9362046532332896,0.9234542530030012
6042,Jan Bednarek,2022,Aston Villa,Sub,3,95,0,0,0.0,0.0,0,0,0,0,0,0.0,0.5473310053348541,0.5473310053348541
6042,Jan Bednarek,2021,Southampton,Sub,31,2637,4,0,2.7923311796039343,0.3658814933151006,19,6,10,0,4,2.7923311796039343,6.621771225705743,6.355030441656709
6042,Jan Bednarek,2020,Southampton,DC,36,3111,1,1,0.4683927055448293,1.159947693347931,10,5,5,1,1,0.4683927055448293,8.544506297446787,8.489991501905024
6042,Jan Bednarek,2019,Southampton,DC,34,3059,1,1,1.0607939325273037,1.0941205844283104,7,3,4,0,1,1.0607939325273037,4.889747679233551,4.872770681977272
6042,Jan Bednarek,2018,Southampton,Sub,25,2150,0,1,0.8431640844792128,0.6224703155457973,5,9,7,0,0,0.8431640844792128,4.15870048571378,3.647119085304439
6042,Jan Bednarek,2017,Southampton,DC,5,429,1,0,0.2803530097007751,0.0,1,0,1,0,1,0.2803530097007751,0.1269185002893209,0.1269185002893209
