player_id,player_name,season,team,position,games,time,goals,assists,xG,xA,shots,key_passes,yellow,red,npg,npxG,xGChain,xGBuildup
10187,Jarell Quansah,2025,Bayer Leverkusen,DC,6,540,1,0,0.8124640509486198,0.1195329707115888,3,2,3,0,1,0.8124640509486198,1.607146067544818,1.237672222778201
10187,Jarell Quansah,2024,Liverpool,DC,13,478,0,0,0.0915264189243316,0.1051452979445457,1,2,2,0,0,0.0915264189243316,2.4939724653959274,2.420603469014168
10187,Jarell Quansah,2023,Liverpool,Sub,17,1182,2,0,1.426688393577933,0.0755226109176874,6,3,1,0,2,1.426688393577933,7.204154305160046,7.149779371917248
