player_id,player_name,season,team,position,games,time,goals,assists,xG,xA,shots,key_passes,yellow,red,npg,npxG,xGChain,xGBuildup
8413,Javier López,2025,Real Oviedo,DL,1,77,0,0,0.0,0.028579106554389,0,1,0,0,0,0.0,0.028579106554389,0.0
8413,Javier López,2024,Real Sociedad,DL,29,1934,0,0,0.1420955304056406,0.8678923957049847,5,5,4,0,0,0.1420955304056406,3.7143019922077656,3.465000662952661
8413,Javier López,2023,Alaves,Sub,32,2377,1,3,0.8477662242949009,2.7234498150646687,18,14,3,0,1,0.8477662242949009,9.449958447366951,6.395732913166285
8413,Javier López,2021,Alaves,Sub,9,454,0,0,0.0,0.2122365981340408,0,4,2,0,0,0.0,0.3762516975402832,0.1640151031315326
8413,Javier López,2020,Alaves,Sub,9,236,0,0,0.0902613997459411,0.1190704014152288,1,3,1,0,0,0.0902613997459411,0.1654322016984224,0.0198420006781816
8413,Javier López,2019,Alaves,DL,1,90,0,0,0.0,0.0,0,0,0,0,0,0.0,0.0593638010323047,0.0593638010323047
