player_id,player_name,season,team,position,games,time,goals,assists,xG,xA,shots,key_passes,yellow,red,npg,npxG,xGChain,xGBuildup
6933,Javi Puado,2025,Espanyol,AML,8,679,2,0,4.838970278389752,0.9579164311289788,15,10,2,0,1,3.3524150969460607,3.2629179880023003,1.2333675622940063
6933,Javi Puado,2024,Espanyol,FW,35,3023,12,4,11.94582846853882,2.969266129657626,71,22,8,0,7,8.229440444149077,13.288859393447638,3.4392381412908435
6933,Javi Puado,2022,Espanyol,Sub,37,2373,7,2,7.291619469411671,3.251571474596858,57,25,4,0,7,7.291619469411671,9.177111096680164,2.9672640254721045
6933,Javi Puado,2021,Espanyol,Sub,30,2278,4,1,5.646654920652509,1.1327431853860617,40,21,5,0,4,5.646654920652509,7.572527168318629,3.1566542629152536
6933,Javi Puado,2018,Espanyol,Sub,15,334,0,0,1.0114964097738266,0.4863809924572706,8,4,0,0,0,1.0114964097738266,1.4648698177188637,0.1984118493273854
