player_id,player_name,season,team,position,games,time,goals,assists,xG,xA,shots,key_passes,yellow,red,npg,npxG,xGChain,xGBuildup
6546,Jawad El Yamiq,2022,Real Valladolid,DC,25,1611,1,0,1.5734347440302372,0.2936964705586433,17,5,2,1,1,1.5734347440302372,3.4236715212464333,2.43558200635016
6546,Jawad El Yamiq,2020,Real Valladolid,Sub,19,1371,0,1,0.5668984660878778,0.0396120008081197,8,2,6,0,0,0.5668984660878778,2.6833494640886784,2.311753485351801
6546,Jawad El Yamiq,2019,Genoa,Sub,3,192,0,0,0.0879434011876583,0.0247344905510544,2,2,1,0,0,0.0879434011876583,0.2152045033872127,0.193577604368329
6546,Jawad El Yamiq,2017,Genoa,DC,4,360,0,0,0.010296699590981,0.0,1,0,0,0,0,0.010296699590981,0.1307424008846283,0.1307424008846283
