player_id,player_name,season,team,position,games,time,goals,assists,xG,xA,shots,key_passes,yellow,red,npg,npxG,xGChain,xGBuildup
5969,Jean-Luc Dompe,2025,Hamburger SV,Sub,6,377,1,0,0.5813494371250272,0.6693714261054993,10,9,0,0,1,0.5813494371250272,1.360488772392273,0.5763748101890087
5969,Jean-Luc Dompe,2017,Amiens,Sub,1,24,0,0,0.0458297990262508,0.0841393992304802,1,1,0,0,0,0.0458297990262508,0.0597114004194736,0.0138816004619002
