player_id,player_name,season,team,position,games,time,goals,assists,xG,xA,shots,key_passes,yellow,red,npg,npxG,xGChain,xGBuildup
4811,Jean Eudes Aholou,2024,Angers,MC,26,2024,2,0,2.1293888445943594,0.9289217963814737,27,10,7,0,2,2.1293888445943594,4.615285698324442,3.1129951030015945
4811,Jean Eudes Aholou,2022,Strasbourg,Sub,30,1321,3,1,1.1009769449010491,1.401987187564373,22,9,4,1,3,1.1009769449010491,6.273453950881958,5.081182343885303
4811,Jean Eudes Aholou,2021,Strasbourg,Sub,25,1008,1,1,1.286961993202567,0.7632317095994949,17,6,2,0,1,1.286961993202567,4.204162389039993,2.852704469114542
4811,Jean Eudes Aholou,2020,Strasbourg,MC,27,2178,2,2,1.956555724143982,0.9919905541464686,31,7,9,0,2,1.956555724143982,7.0466185584664345,5.0479134041816
4811,Jean Eudes Aholou,2020,Monaco,Sub,2,30,0,0,0.0988671034574508,0.0,2,0,0,0,0,0.0988671034574508,0.0875283032655716,0.0
4811,Jean Eudes Aholou,2019,Saint-Etienne,DMC,11,636,1,1,0.6901392117142677,0.2238173019140958,10,4,3,1,1,0.6901392117142677,1.7763512134552002,1.2773798927664757
4811,Jean Eudes Aholou,2018,Monaco,DMC,17,1078,0,1,0.6101026888936758,0.8452028837054968,14,8,2,0,0,0.6101026888936758,2.014845780096948,1.4478326803073287
4811,Jean Eudes Aholou,2017,Strasbourg,DMC,35,3015,5,0,2.177441173233092,0.561455300077796,38,13,4,0,5,2.177441173233092,5.210665549151599,3.771597882732749
