player_id,player_name,season,team,position,games,time,goals,assists,xG,xA,shots,key_passes,yellow,red,npg,npxG,xGChain,xGBuildup
7762,Jean-Ricner Bellegarde,2025,Wolverhampton Wanderers,FWL,7,253,0,0,0.20479401294142,0.2184440232813358,6,3,0,0,0,0.20479401294142,0.6217295760288835,0.4679510071873665
7762,Jean-Ricner Bellegarde,2024,Wolverhampton Wanderers,AMC,35,1693,2,7,1.7939026495441794,4.052603563293815,22,26,3,0,2,1.7939026495441794,9.27028871141374,4.406124430708587
7762,Jean-Ricner Bellegarde,2023,Wolverhampton Wanderers,AMC,22,938,2,1,1.361364832147956,0.9551639519631864,15,12,0,1,2,1.361364832147956,3.1770667880773544,1.5232742801308632
7762,Jean-Ricner Bellegarde,2023,Strasbourg,MC,3,270,2,2,0.5845728665590286,1.346037745475769,5,3,2,0,2,0.5845728665590286,2.333690494298935,0.5744543671607971
7762,Jean-Ricner Bellegarde,2022,Strasbourg,MC,30,2443,2,6,2.389408042654395,5.344819847494364,38,57,5,0,2,2.389408042654395,10.187516205012798,6.987747076898813
7762,Jean-Ricner Bellegarde,2021,Strasbourg,MC,36,2326,2,3,2.4021152099594474,3.5584037993103266,30,24,5,0,2,2.4021152099594474,11.442922940477729,7.15819595195353
7762,Jean-Ricner Bellegarde,2020,Strasbourg,Sub,36,2110,1,1,2.5321469083428383,2.535264613106847,24,19,3,0,1,2.5321469083428383,7.249263906851411,4.273360341787338
7762,Jean-Ricner Bellegarde,2019,Strasbourg,Sub,24,1515,0,0,0.769766902551055,0.9997711014002562,18,21,2,0,0,0.769766902551055,4.854574618861079,3.814597266726196
