player_id,player_name,season,team,position,games,time,goals,assists,xG,xA,shots,key_passes,yellow,red,npg,npxG,xGChain,xGBuildup
10830,Jean Négoce,2025,Eintracht Frankfurt,AML,6,378,2,1,1.2141024516895411,1.464458368718624,9,8,0,0,2,1.2141024516895411,3.694606356322765,1.8483708892017603
10830,Jean Négoce,2024,Eintracht Frankfurt,Sub,24,921,2,3,1.783165434375405,2.161955703049898,10,17,3,0,2,1.783165434375405,6.341303326189518,3.456062637269497
10830,Jean Négoce,2023,Eintracht Frankfurt,Sub,8,162,0,0,0.0,0.0785550773143768,0,3,0,0,0,0.0,1.0497192740440369,1.0030443370342257
10830,Jean Négoce,2022,Angers,Sub,10,254,0,0,0.4158622324466705,0.3048523981124162,4,3,0,0,0,0.4158622324466705,1.2978069558739662,0.5957944765686989
