player_id,player_name,season,team,position,games,time,goals,assists,xG,xA,shots,key_passes,yellow,red,npg,npxG,xGChain,xGBuildup
11399,Jeffinho,2023,Lyon,Sub,10,293,1,1,1.2841922054067254,0.9289669077843428,11,6,0,0,1,1.2841922054067254,2.4144056122750044,0.3936380371451378
11399,Jeffinho,2022,Lyon,Sub,9,437,1,0,1.0804701559245586,0.5811426574364305,10,7,1,0,1,1.0804701559245586,3.61318825557828,2.711373718455434
