player_id,player_name,season,team,position,games,time,goals,assists,xG,xA,shots,key_passes,yellow,red,npg,npxG,xGChain,xGBuildup
10734,Jens Stage,2025,Werder Bremen,DMC,5,390,2,0,1.199914388358593,0.5395424626767635,8,2,2,0,2,1.199914388358593,1.9547131434082985,1.028533212840557
10734,Jens Stage,2024,Werder Bremen,MC,28,2215,10,5,7.943040877580643,3.238111473619938,44,23,10,0,10,7.943040877580643,15.3200044631958,7.953148111701012
10734,Jens Stage,2023,Werder Bremen,MC,30,2351,3,1,4.944427359849215,2.2542869094759226,40,26,5,1,3,4.944427359849215,11.307002702727914,6.110577404499054
10734,Jens Stage,2022,Werder Bremen,MC,32,1871,3,3,2.622428504750133,1.7228381093591452,19,16,5,0,3,2.622428504750133,6.587090868502855,3.731825571507216
