player_id,player_name,season,team,position,games,time,goals,assists,xG,xA,shots,key_passes,yellow,red,npg,npxG,xGChain,xGBuildup
7933,Jerdy Schouten,2022,Bologna,MC,33,2537,0,2,0.2933905953541398,1.721301943063736,8,19,3,0,0,0.2933905953541398,7.8111078934744,7.151580695994198
7933,Jerdy Schouten,2021,Bologna,DMC,17,1398,1,1,0.1513126008212566,0.8317093048244715,6,12,2,1,1,0.1513126008212566,6.800445258617401,6.48873795568943
7933,Jerdy Schouten,2020,Bologna,DMC,34,2518,1,1,0.168034803122282,2.569762498140335,9,24,8,1,1,0.168034803122282,10.763233807869256,8.724704436957836
7933,Jerdy Schouten,2019,Bologna,Sub,19,1087,0,0,0.1530365999788046,0.3150189751759171,7,9,6,1,0,0.1530365999788046,3.65800765901804,3.356116782873869
