player_id,player_name,season,team,position,games,time,goals,assists,xG,xA,shots,key_passes,yellow,red,npg,npxG,xGChain,xGBuildup
5626,Jeremie Bela,2023,Clermont Foot,Sub,12,159,0,0,0.1868158308789134,0.1050430834293365,6,3,0,0,0,0.1868158308789134,0.6725188922137022,0.5177998142316937
5626,Jeremie Bela,2022,Clermont Foot,Sub,19,731,1,1,0.6714465161785483,0.5086121875792742,12,3,0,0,1,0.6714465161785483,1.152372194454074,0.8546470766887069
5626,Jeremie Bela,2016,Dijon,Sub,14,361,0,1,0.610190300270915,0.5309006981551647,12,2,0,0,0,0.610190300270915,1.6899555902928114,0.7245595902204514
