player_id,player_name,season,team,position,games,time,goals,assists,xG,xA,shots,key_passes,yellow,red,npg,npxG,xGChain,xGBuildup
13059,Jesús Rodriguez,2025,Como,AML,5,388,0,1,0.8669719733297825,0.8885310739278793,10,9,0,1,0,0.8669719733297825,2.413781017065048,0.7219594120979309
13059,Jesús Rodriguez,2024,Real Betis,AMR,21,1143,2,0,2.506282079964876,0.3554948009550571,23,9,0,0,2,2.506282079964876,4.386039768345654,2.0090522235259414
