player_id,player_name,season,team,position,games,time,goals,assists,xG,xA,shots,key_passes,yellow,red,npg,npxG,xGChain,xGBuildup
2256,Jesé,2022,Sampdoria,Sub,11,187,1,1,0.3715038886293769,0.6771304253488779,3,2,0,0,1,0.3715038886293769,1.0550859132781625,0.0271550007164478
2256,Jesé,2020,Paris Saint Germain,Sub,2,19,0,0,0.0,0.0,0,0,0,0,0,0.0,0.0,0.0
2256,Jesé,2019,Paris Saint Germain,Sub,1,1,0,0,0.0,0.0,0,0,0,0,0,0.0,0.0,0.0
2256,Jesé,2018,Real Betis,FW,14,780,2,0,3.3080799281597137,0.64366290345788,19,7,2,0,2,3.3080799281597137,5.348565824329853,1.868048394098878
2256,Jesé,2017,Stoke,AMC,13,619,1,1,0.9122485872358084,0.5384611915796995,12,9,0,0,1,0.9122485872358084,1.3259967137128117,0.1655811015516519
2256,Jesé,2016,Las Palmas,ML,16,1157,3,1,3.679282169789076,1.4132430087774992,34,15,5,0,2,2.9360041432082653,4.782376240938902,0.9341925885528326
2256,Jesé,2016,Paris Saint Germain,Sub,9,256,1,0,1.333030704408884,0.2551439981907606,8,4,0,0,0,0.5729357041418552,1.926571385934949,1.208524378016591
2256,Jesé,2015,Real Madrid,FW,28,819,5,6,3.3430010564625263,3.7554923444986335,21,23,0,0,5,3.3430010564625263,11.94389483332634,5.953229662030935
2256,Jesé,2014,Real Madrid,Sub,16,524,3,2,1.5849169418215752,1.8653875049203636,9,10,2,0,3,1.5849169418215752,6.543618039228022,3.2208085963502526
