player_id,player_name,season,team,position,games,time,goals,assists,xG,xA,shots,key_passes,yellow,red,npg,npxG,xGChain,xGBuildup
9217,Jesús Vázquez,2025,Valencia,Sub,6,279,0,0,0.1209649089723825,0.1839003041386604,4,2,0,0,0,0.1209649089723825,0.9219600763171912,0.7909171059727669
9217,Jesús Vázquez,2024,Valencia,DL,19,907,0,0,0.2721162671223283,0.5348998308181763,5,3,3,0,0,0.2721162671223283,2.422392644919455,2.043214425444603
9217,Jesús Vázquez,2023,Valencia,Sub,20,671,1,0,1.404348136857152,0.0443531339988112,7,3,1,0,1,1.404348136857152,2.6566368248313665,1.306158907711506
9217,Jesús Vázquez,2022,Valencia,DL,10,300,0,0,0.2446322049945593,0.2186304032802581,6,3,1,0,0,0.2446322049945593,0.693064097315073,0.4742770045995712
9217,Jesús Vázquez,2021,Valencia,Sub,15,806,0,0,0.3571523949503898,0.1727724988013506,4,6,0,0,0,0.3571523949503898,1.3264091722667215,0.8416371867060661
