player_id,player_name,season,team,position,games,time,goals,assists,xG,xA,shots,key_passes,yellow,red,npg,npxG,xGChain,xGBuildup
10323,Jesús Corona,2023,Sevilla,Sub,2,9,0,0,0.0,0.0,0,0,0,0,0,0.0,0.0,0.0
10323,Jesús Corona,2022,Sevilla,AMR,4,105,1,0,0.4191984832286834,0.1423097476363182,1,3,0,0,1,0.4191984832286834,1.1880550719797611,0.6265468634665012
10323,Jesús Corona,2021,Sevilla,Sub,18,1175,2,4,1.973989875987172,3.295649467036128,12,25,2,0,2,1.973989875987172,7.07255944609642,2.768893640488386
