player_id,player_name,season,team,position,games,time,goals,assists,xG,xA,shots,key_passes,yellow,red,npg,npxG,xGChain,xGBuildup
6308,Jessy Deminguet,2025,Metz,MC,7,344,0,0,0.0161022432148456,0.0,1,0,2,0,0,0.0161022432148456,1.0067934580147266,0.990691214799881
6308,Jessy Deminguet,2023,Strasbourg,MC,18,689,0,0,0.1357151567935943,0.1038058996200561,3,2,1,0,0,0.1357151567935943,0.2648430503904819,0.1592235304415226
6308,Jessy Deminguet,2018,Caen,FWL,20,1270,0,0,0.1416015997529029,0.0825297301635146,7,5,2,0,0,0.1416015997529029,1.492114910855889,1.3750386368483305
6308,Jessy Deminguet,2017,Caen,MC,12,522,1,1,0.2128426991403103,1.075235209427774,7,9,2,0,1,0.2128426991403103,1.4326373934745789,0.5954863056540489
