player_id,player_name,season,team,position,games,time,goals,assists,xG,xA,shots,key_passes,yellow,red,npg,npxG,xGChain,xGBuildup
11038,Jhon Lucumí,2025,Bologna,DC,6,404,0,0,0.1146433800458908,0.0654921177774667,1,2,1,0,0,0.1146433800458908,1.4726917520165443,1.4514773860573769
11038,Jhon Lucumí,2024,Bologna,Sub,32,2626,0,1,0.7916854955255985,0.5481209829449654,12,9,8,1,0,0.7916854955255985,8.904810205101967,8.749637074768543
11038,Jhon Lucumí,2023,Bologna,DC,29,2201,0,0,0.7497506756335497,0.4332375451922416,11,4,1,0,0,0.7497506756335497,8.966233726590872,8.594582717865705
11038,Jhon Lucumí,2022,Bologna,DC,33,2906,0,1,0.597507655620575,0.3969262149184942,11,9,8,0,0,0.597507655620575,7.856628499925137,7.647861702367663
