player_id,player_name,season,team,position,games,time,goals,assists,xG,xA,shots,key_passes,yellow,red,npg,npxG,xGChain,xGBuildup
3422,João Moutinho,2022,Wolverhampton Wanderers,MC,31,1778,0,2,0.9379508132115006,2.346919506788254,16,36,3,0,0,0.9379508132115006,4.733368762768805,3.646705650724471
3422,João Moutinho,2021,Wolverhampton Wanderers,MC,35,2987,2,1,1.1245428025722504,2.7696392191573977,20,39,4,0,2,1.1245428025722504,10.46951251849532,8.526896640658379
3422,João Moutinho,2020,Wolverhampton Wanderers,MC,33,2546,1,1,0.5027753990143538,1.6768403090536594,14,46,3,1,1,0.5027753990143538,7.028498159721494,6.2302312003448606
3422,João Moutinho,2019,Wolverhampton Wanderers,MC,38,3100,1,6,0.6877672988921404,6.775041971355677,22,76,7,0,1,0.6877672988921404,11.932693131268024,10.858657669276
3422,João Moutinho,2018,Wolverhampton Wanderers,MC,38,3053,1,8,0.5053662927821279,6.528557356446981,18,84,4,0,1,0.5053662927821279,9.50427212100476,7.778367883525789
3422,João Moutinho,2017,Monaco,MC,33,2801,1,6,0.8857629038393497,5.286676175892353,23,55,6,0,1,0.8857629038393497,10.462751939892769,7.414040118455887
3422,João Moutinho,2016,Monaco,Sub,31,1768,2,4,0.7762219058349729,2.419774489477277,19,27,0,0,2,0.7762219058349729,12.427640032023191,11.201185442507269
3422,João Moutinho,2015,Monaco,AMC,26,2123,1,2,0.955054477788508,3.985107358545065,21,43,3,0,1,0.955054477788508,6.267411413602531,4.2510311007499695
3422,João Moutinho,2014,Monaco,AMC,37,3165,4,6,4.560935027897358,6.483137058094144,47,69,6,0,3,3.800840012729168,16.9881773814559,10.23352347780019
