player_id,player_name,season,team,position,games,time,goals,assists,xG,xA,shots,key_passes,yellow,red,npg,npxG,xGChain,xGBuildup
9773,Joan García,2025,Barcelona,GK,6,540,0,0,0.0,0,0,0,0,0,0,0.0,1.8715436458587649,1.8715436458587649
9773,Joan García,2024,Espanyol,GK,38,3420,0,0,0.0722400173544883,0,1,0,2,0,0,0.0722400173544883,2.229509213939309,2.229509213939309
9773,Joan García,2022,Espanyol,GK,1,90,0,0,0.0,0,0,0,0,0,0,0.0,0.0,0.0
9773,Joan García,2021,Espanyol,GK,2,107,0,0,0.0,0,0,0,0,0,0,0.0,0.0302172992378473,0.0302172992378473
