player_id,player_name,season,team,position,games,time,goals,assists,xG,xA,shots,key_passes,yellow,red,npg,npxG,xGChain,xGBuildup
7233,Joaquín Fernández,2022,Real Valladolid,DC,27,2155,1,0,0.912449674680829,0.073665602132678,10,2,4,0,1,0.912449674680829,3.377032254822552,3.344569251872599
7233,Joaquín Fernández,2020,Real Valladolid,DC,25,2084,1,0,0.9834432173520328,0.2227606065571308,8,2,8,0,1,0.9834432173520328,2.974671509116888,2.795569706708193
7233,Joaquín Fernández,2019,Real Valladolid,Sub,20,1662,2,0,0.6073464946821332,0.091387502849102,10,4,9,0,2,0.6073464946821332,1.8171830270439384,1.7587185893207788
7233,Joaquín Fernández,2018,Real Valladolid,DC,13,835,1,0,0.3302143020555377,0.0117031997069716,7,1,2,0,1,0.3302143020555377,0.3545176982879638,0.3428144976496696
