player_id,player_name,season,team,position,games,time,goals,assists,xG,xA,shots,key_passes,yellow,red,npg,npxG,xGChain,xGBuildup
9339,Joe Gelhardt,2022,Leeds,Sub,15,177,0,2,0.9828338120132684,0.731904000043869,10,2,1,0,0,0.9828338120132684,1.7896137908101082,0.8910369034856558
9339,Joe Gelhardt,2021,Leeds,Sub,20,700,2,2,3.80464480817318,1.8083356712013483,23,9,4,0,2,3.80464480817318,5.506509491242468,0.7224636012688279
