player_id,player_name,season,team,position,games,time,goals,assists,xG,xA,shots,key_passes,yellow,red,npg,npxG,xGChain,xGBuildup
6834,Joe Bryan,2022,Nice,Sub,6,176,0,0,0.04286739975214,0.0612847991287708,1,1,3,0,0,0.04286739975214,0.7046709880232811,0.6618031933903694
6834,Joe Bryan,2020,Fulham,DL,16,658,1,0,0.5813569035381079,0.2726942971348762,8,5,2,0,1,0.5813569035381079,1.899183414876461,1.3006593212485311
6834,Joe Bryan,2018,Fulham,DL,28,2364,0,1,0.5458203721791506,4.403665913268924,21,24,5,0,0,0.5458203721791506,7.157669380307198,4.914036851376295
