player_id,player_name,season,team,position,games,time,goals,assists,xG,xA,shots,key_passes,yellow,red,npg,npxG,xGChain,xGBuildup
6377,Joe Rodon,2025,Leeds,DC,8,720,1,0,0.5494792312383652,0.0189413949847221,7,1,0,0,1,0.5494792312383652,0.7877877317368984,0.7877877317368984
6377,Joe Rodon,2022,Rennes,DC,16,1421,1,0,0.4753764048218727,0.0218764003366231,7,1,2,1,1,0.4753764048218727,4.027264934033155,4.005388956516981
6377,Joe Rodon,2021,Tottenham,Sub,3,86,0,0,0.0,0.0,0,0,0,0,0,0.0,0.0,0.0
6377,Joe Rodon,2020,Tottenham,Sub,12,730,0,0,0.0183294005692005,0.0,1,0,0,0,0,0.0183294005692005,1.4196598939597609,1.4196598939597609
