player_id,player_name,season,team,position,games,time,goals,assists,xG,xA,shots,key_passes,yellow,red,npg,npxG,xGChain,xGBuildup
6084,Johannes Eggestein,2024,St. Pauli,FW,27,1890,3,4,5.848114471882582,2.1683141449466348,36,24,3,0,2,4.332561027258635,8.224175401031971,2.451903762295842
6084,Johannes Eggestein,2020,Werder Bremen,Sub,2,28,0,0,0.0,0.0177504997700452,0,1,0,0,0,0.0,0.0177504997700452,0.0
6084,Johannes Eggestein,2019,Werder Bremen,FWR,14,502,1,0,0.6534037943929434,0.3564661871641874,15,6,1,1,1,0.6534037943929434,1.6296054180711508,0.7814196711406112
6084,Johannes Eggestein,2018,Werder Bremen,Sub,23,1115,4,1,4.529729183763266,1.666188994422555,34,10,0,0,4,4.529729183763266,8.301525730639696,2.806999197229743
6084,Johannes Eggestein,2017,Werder Bremen,Sub,7,88,0,0,0.1899579986929893,0.7369973920285702,2,3,0,0,0,0.1899579986929893,1.0812613777816296,0.1543065011501312
