player_id,player_name,season,team,position,games,time,goals,assists,xG,xA,shots,key_passes,yellow,red,npg,npxG,xGChain,xGBuildup
1663,Johann Berg Gudmundsson,2023,Burnley,Sub,26,1175,1,3,2.048229966312647,3.143440945073962,15,34,2,0,1,2.048229966312647,6.296170109882951,2.9956371504813437
1663,Johann Berg Gudmundsson,2021,Burnley,MR,18,1110,0,1,1.690343969501555,0.6487747821956873,19,6,2,0,0,1.690343969501555,2.904455937445164,1.3834909815341234
1663,Johann Berg Gudmundsson,2020,Burnley,Sub,22,1369,2,0,1.5335707571357489,0.9595046062022448,19,10,2,0,2,1.5335707571357489,3.613884743303061,1.325503310188651
1663,Johann Berg Gudmundsson,2019,Burnley,MR,12,629,1,1,0.7235375083982944,0.9180738814175128,10,14,0,0,1,0.7235375083982944,1.5657927207648754,1.0057295821607113
1663,Johann Berg Gudmundsson,2018,Burnley,ML,29,1732,3,6,2.613457875326276,3.586491769179702,33,37,2,0,3,2.613457875326276,7.218741001561284,3.094681709073484
1663,Johann Berg Gudmundsson,2017,Burnley,MR,35,2845,2,8,2.947692224755883,5.046248677186668,52,68,2,0,2,2.947692224755883,8.002531245350838,3.811488403007388
1663,Johann Berg Gudmundsson,2016,Burnley,Sub,20,988,1,2,0.6135827992111444,1.21002347022295,17,15,1,0,1,0.6135827992111444,1.5712092882022262,0.4636414954438805
