player_id,player_name,season,team,position,games,time,goals,assists,xG,xA,shots,key_passes,yellow,red,npg,npxG,xGChain,xGBuildup
7703,John Egan,2023,Sheffield United,DC,6,491,0,0,0.2383595146238804,0.0,3,0,2,0,0,0.2383595146238804,0.3853593021631241,0.2653413340449333
7703,John Egan,2020,Sheffield United,DC,31,2628,0,1,0.4912482975050807,0.6186051927506924,14,3,7,1,0,0.4912482975050807,4.387039129622281,3.7450276343151927
7703,John Egan,2019,Sheffield United,DC,36,3193,2,0,2.6867086198180914,0.4515930116176605,27,1,3,1,2,2.6867086198180914,3.889268606901169,3.759342309087515
