player_id,player_name,season,team,position,games,time,goals,assists,xG,xA,shots,key_passes,yellow,red,npg,npxG,xGChain,xGBuildup
9170,John Finn,2024,Reims,DMC,13,525,0,0,0.1517265848815441,0.0082203112542629,8,1,0,0,0,0.1517265848815441,0.3870111797004938,0.3323852811008692
9170,John Finn,2024,Getafe,Sub,4,36,0,0,0.1108234133571386,0.0,2,0,1,0,0,0.1108234133571386,0.1272431872785091,0.0164197757840156
9170,John Finn,2020,Getafe,Sub,6,54,0,0,0.1304596979171037,0.0,2,0,0,0,0,0.1304596979171037,0.1236132998019456,0.0951955989003181
