player_id,player_name,season,team,position,games,time,goals,assists,xG,xA,shots,key_passes,yellow,red,npg,npxG,xGChain,xGBuildup
7723,John McGinn,2025,Aston Villa,AMR,8,664,1,0,0.5213677547872066,0.903199214488268,8,7,1,0,1,0.5213677547872066,1.9819063488394024,1.3286869060248137
7723,John McGinn,2024,Aston Villa,AML,34,2247,1,4,3.7942231353372335,3.4790949057787657,31,30,7,0,1,3.7942231353372335,11.842593720182776,7.252999009564519
7723,John McGinn,2023,Aston Villa,AML,35,3053,6,4,4.672283694148064,5.626847393810749,40,45,9,1,6,4.672283694148064,20.780676677823067,13.845141869038343
7723,John McGinn,2022,Aston Villa,MC,34,2692,1,3,1.9473767010495069,3.408585306257009,42,18,7,0,1,1.9473767010495069,10.670297458767893,6.900125402957201
7723,John McGinn,2021,Aston Villa,DMC,35,3099,3,4,1.8280723309144375,5.359244130551815,43,53,8,0,3,1.8280723309144375,12.840360780246556,8.202694385312498
7723,John McGinn,2020,Aston Villa,MC,37,3330,3,5,2.166595708578825,3.501758733764291,45,42,12,0,3,2.166595708578825,14.868273419328034,9.94562083017081
7723,John McGinn,2019,Aston Villa,MC,28,2323,3,3,3.9825734980404377,2.617758873850107,55,37,3,0,3,3.9825734980404377,9.97086264193058,5.289587929844856
