player_id,player_name,season,team,position,games,time,goals,assists,xG,xA,shots,key_passes,yellow,red,npg,npxG,xGChain,xGBuildup
5977,Joia Nuno Da Costa,2022,Auxerre,Sub,33,2024,5,4,4.00003750436008,3.5138216484338045,39,24,3,1,5,4.00003750436008,7.335930278524756,1.026915451511741
5977,Joia Nuno Da Costa,2019,Strasbourg,Sub,14,512,1,0,1.308141065761447,0.1481374995782971,18,5,4,0,1,1.308141065761447,1.7486474588513374,0.37880639731884
5977,Joia Nuno Da Costa,2018,Strasbourg,Sub,34,2061,8,5,5.291800927370787,2.896339491009712,47,20,3,0,7,4.531705316156149,9.591687561944129,3.0422832807525992
5977,Joia Nuno Da Costa,2017,Strasbourg,MR,26,1749,5,2,4.002439796924591,0.5881516924127936,31,13,4,1,5,4.002439796924591,5.035877102985978,0.8873170977458358
