player_id,player_name,season,team,position,games,time,goals,assists,xG,xA,shots,key_passes,yellow,red,npg,npxG,xGChain,xGBuildup
7108,Jonathan Burkardt,2025,Eintracht Frankfurt,FW,6,423,4,0,4.195945359766483,0.1039660722017288,14,4,1,0,3,3.4381686821579933,3.703384086489677,1.2467663120478392
7108,Jonathan Burkardt,2024,Mainz 05,FW,29,2144,18,2,15.531241215765476,3.2260143337771297,72,20,0,0,16,14.015687860548496,17.678049380891025,2.2389991842210293
7108,Jonathan Burkardt,2023,Mainz 05,Sub,21,1554,8,2,6.991286312229931,2.5152483489364386,41,14,2,0,7,6.233509694226086,10.67875086516142,3.765703327953816
7108,Jonathan Burkardt,2022,Mainz 05,FW,11,540,1,2,3.820821888744831,1.2732256054878237,21,7,2,0,1,3.0630448684096336,3.73875604569912,0.9070562198758124
7108,Jonathan Burkardt,2021,Mainz 05,FW,34,2678,11,3,13.56547305174172,2.9118185080587864,81,33,0,0,10,12.807697089388968,17.720215886831284,3.3237849306315184
7108,Jonathan Burkardt,2020,Mainz 05,AMR,29,1389,2,0,3.638251444324851,1.955339211970568,29,13,0,0,2,3.638251444324851,7.114943573251367,2.102234533056617
7108,Jonathan Burkardt,2019,Mainz 05,Sub,8,244,1,0,0.8058760911226273,0.0980890989303588,7,1,0,0,1,0.8058760911226273,0.9294912964105606,0.1520844958722591
7108,Jonathan Burkardt,2018,Mainz 05,ML,4,264,0,0,0.6791000291705132,0.5042364988476038,6,5,0,0,0,0.6791000291705132,1.2631753757596016,0.2441404964774847
