player_id,player_name,season,team,position,games,time,goals,assists,xG,xA,shots,key_passes,yellow,red,npg,npxG,xGChain,xGBuildup
8678,Jonas Omlin,2024,Borussia M.Gladbach,GK,12,982,0,0,0,0.0,0,0,0,1,0,0,2.2486139982938766,2.2486139982938766
8678,Jonas Omlin,2023,Borussia M.Gladbach,GK,7,630,0,1,0,0.3304319977760315,0,1,1,0,0,0,1.4161147885024548,1.0856827907264233
8678,Jonas Omlin,2022,Borussia M.Gladbach,GK,15,1290,0,0,0,0.1009339243173599,0,2,0,0,0,0,2.201643444597721,2.100709518417716
8678,Jonas Omlin,2022,Montpellier,GK,14,1166,0,0,0,0.0,0,0,1,1,0,0,0.8103607948869467,0.8103607948869467
8678,Jonas Omlin,2021,Montpellier,GK,29,2590,0,0,0,0.0,0,0,0,1,0,0,3.176558604463935,3.176558604463935
8678,Jonas Omlin,2020,Montpellier,GK,31,2676,0,0,0,0.0,0,0,0,1,0,0,2.582585548982024,2.582585548982024
