player_id,player_name,season,team,position,games,time,goals,assists,xG,xA,shots,key_passes,yellow,red,npg,npxG,xGChain,xGBuildup
1084,Jonjoe Kenny,2022,Hertha Berlin,DR,29,2242,0,1,0.192676099948585,1.8915132358670237,6,16,3,0,0,0.192676099948585,6.129555940628052,4.212192125618458
1084,Jonjoe Kenny,2021,Everton,Sub,15,1014,0,1,0.162637104280293,0.575873407535255,5,11,1,1,0,0.162637104280293,1.737845478579402,1.12556688580662
1084,Jonjoe Kenny,2020,Everton,DR,4,81,0,0,0.0,0.0,0,0,0,0,0,0.0,0.2406450062990188,0.2406450062990188
1084,Jonjoe Kenny,2019,Schalke 04,DR,31,2732,2,3,1.1650716923177242,1.1544625936076045,12,15,5,0,2,1.1650716923177242,5.362749827094376,4.135393099859357
1084,Jonjoe Kenny,2018,Everton,DR,10,791,0,1,0.0850523021072149,0.8401083759963512,3,6,1,0,0,0.0850523021072149,2.8414307720959187,1.963769007474184
1084,Jonjoe Kenny,2017,Everton,Sub,19,1585,0,1,0.1779693011194467,1.7238540276885033,3,10,2,0,0,0.1779693011194467,3.273370096459985,2.235380003228784
1084,Jonjoe Kenny,2016,Everton,Sub,1,11,0,0,0.0,0.0,0,0,0,0,0,0.0,0.0,0.0
1084,Jonjoe Kenny,2015,Everton,Sub,1,62,0,0,0.0936497002840042,0.0,1,0,0,0,0,0.0936497002840042,0.0936497002840042,0.0
