player_id,player_name,season,team,position,games,time,goals,assists,xG,xA,shots,key_passes,yellow,red,npg,npxG,xGChain,xGBuildup
3682,Jordan Siebatcheu,2024,Union Berlin,FW,18,905,0,1,4.464340187609196,0.9026430007070304,23,14,2,0,0,4.464340187609196,3.3882756140083075,0.6213688850402832
3682,Jordan Siebatcheu,2024,Reims,Sub,7,403,1,0,1.064859874546528,0.2043615654110908,11,3,0,0,1,1.064859874546528,0.8399857599288225,0.1181398872286081
3682,Jordan Siebatcheu,2023,Borussia M.Gladbach,Sub,25,1453,5,3,6.951000560075045,3.366662362590432,36,19,2,0,5,6.951000560075045,10.370643040165303,1.9312963299453256
3682,Jordan Siebatcheu,2023,Union Berlin,Sub,1,22,0,0,0.0,0.1125262528657913,0,2,0,0,0,0.0,0.1125262528657913,0.0796369090676307
3682,Jordan Siebatcheu,2022,Union Berlin,FW,31,1336,4,4,4.373952075839043,1.3029851038008928,34,18,3,0,4,2.8583972733467817,5.220875604078174,1.494976121932268
3682,Jordan Siebatcheu,2019,Rennes,Sub,14,429,0,1,0.5743853934109211,0.3230232037603855,10,5,3,0,0,0.5743853934109211,0.7975414954125881,0.0464497990906238
3682,Jordan Siebatcheu,2018,Rennes,Sub,15,605,3,1,4.383122604340315,0.1809000000357628,20,3,0,0,3,4.383122604340315,4.421792820096016,0.7939082756638527
3682,Jordan Siebatcheu,2015,Reims,Sub,25,810,3,3,2.842563192360103,1.766681469976902,28,9,1,0,3,2.842563192360103,4.448892103508115,0.5933894943445921
3682,Jordan Siebatcheu,2014,Reims,Sub,1,23,0,0,0.1322859972715377,0.0,1,0,0,0,0,0.1322859972715377,0.1322859972715377,0.0
