player_id,player_name,season,team,position,games,time,goals,assists,xG,xA,shots,key_passes,yellow,red,npg,npxG,xGChain,xGBuildup
6895,Jordan Lefort,2025,Angers,DC,8,720,0,1,0.1615825723856687,0.453985683619976,2,4,1,0,0,0.1615825723856687,2.458175990730524,2.089291963726282
6895,Jordan Lefort,2024,Angers,DC,34,3060,0,1,0.5102578178048134,1.3727682437747717,8,10,3,0,0,0.5102578178048134,7.271243300288916,6.82377390190959
6895,Jordan Lefort,2019,Amiens,DC,10,842,0,1,0.114214795641601,0.1614379994571209,3,3,2,0,0,0.114214795641601,0.7394839096814394,0.6815369073301554
6895,Jordan Lefort,2018,Amiens,DL,23,1804,0,1,0.4077241541817784,0.4281827523373067,11,4,4,1,0,0.4077241541817784,3.7597287138924,3.298780802637338
