player_id,player_name,season,team,position,games,time,goals,assists,xG,xA,shots,key_passes,yellow,red,npg,npxG,xGChain,xGBuildup
2105,Jordi Masip,2022,Real Valladolid,GK,28,2512,0,0,0,0.0,0,0,4,0,0,0,1.472627709619701,1.472627709619701
2105,Jordi Masip,2020,Real Valladolid,GK,25,2250,0,0,0,0.0,0,0,3,0,0,0,0.5409656027331948,0.5409656027331948
2105,Jordi Masip,2019,Real Valladolid,GK,35,3150,0,0,0,0.0211327001452446,0,1,2,0,0,0,2.156432974152267,2.1353002740070224
2105,Jordi Masip,2018,Real Valladolid,GK,35,3150,0,0,0,0.0196869000792503,0,1,1,0,0,0,1.9732119888067243,1.9535250887274744
2105,Jordi Masip,2014,Barcelona,GK,1,90,0,0,0,0.0,0,0,0,0,0,0,0.0172936990857124,0.0172936990857124
