player_id,player_name,season,team,position,games,time,goals,assists,xG,xA,shots,key_passes,yellow,red,npg,npxG,xGChain,xGBuildup
7828,Jorge Sáenz,2024,Leganes,DC,23,1694,1,0,1.8186329379677773,0.1442689262330532,8,2,3,1,1,1.8186329379677773,2.513561565428972,2.369292639195919
7828,Jorge Sáenz,2019,Celta Vigo,DC,7,370,0,0,0.0,0.0,0,0,3,1,0,0.0,1.018003098666668,1.018003098666668
