player_id,player_name,season,team,position,games,time,goals,assists,xG,xA,shots,key_passes,yellow,red,npg,npxG,xGChain,xGBuildup
10858,Jorge Herrando,2025,Osasuna,Sub,6,266,0,0,0.017923517152667,0.0,1,0,0,0,0,0.017923517152667,0.0906091649085283,0.0906091649085283
10858,Jorge Herrando,2024,Osasuna,DC,18,1362,1,0,1.7282755002379415,0.0,13,0,3,0,1,1.7282755002379415,1.1332577150315046,0.8354937434196472
10858,Jorge Herrando,2023,Osasuna,DC,19,1643,0,1,0.6078655924648046,0.8061938732862473,4,3,4,0,0,0.6078655924648046,1.8355923192575572,1.5064674457535148
10858,Jorge Herrando,2022,Osasuna,DC,1,26,0,0,0.0,0.0,0,0,0,1,0,0.0,0.0,0.0
