player_id,player_name,season,team,position,games,time,goals,assists,xG,xA,shots,key_passes,yellow,red,npg,npxG,xGChain,xGBuildup
7739,Joris Chotard,2025,Brest,Sub,7,552,1,0,0.147815877571702,0.0215399134904146,7,1,0,0,1,0.147815877571702,2.522667147219181,2.4221533462405205
7739,Joris Chotard,2024,Montpellier,DMC,26,1908,1,0,1.5116395968943834,0.3835196532309055,19,7,5,0,1,1.5116395968943834,6.168501976877451,4.466396525502205
7739,Joris Chotard,2023,Montpellier,DMC,31,2623,0,3,0.7801956203766167,1.7759358156472445,21,15,5,0,0,0.7801956203766167,6.4589342679828405,4.582611739635468
7739,Joris Chotard,2022,Montpellier,DMC,35,2447,0,6,0.3013137923553586,3.331535736098885,12,27,4,0,0,0.3013137923553586,8.314840177074075,5.711736628785729
7739,Joris Chotard,2021,Montpellier,DMC,36,2956,1,1,0.724281607195735,0.3797511113807559,18,11,5,0,1,0.724281607195735,5.978005576878786,5.184383006766439
7739,Joris Chotard,2020,Montpellier,MC,29,1149,0,0,0.7657307833433151,0.4868649952113628,9,10,3,0,0,0.7657307833433151,1.875582804903388,1.4463160187005997
7739,Joris Chotard,2019,Montpellier,MC,20,1244,0,1,0.1612835796549916,0.3660633005201816,9,11,3,1,0,0.1612835796549916,3.737356808967888,3.43147586658597
