player_id,player_name,season,team,position,games,time,goals,assists,xG,xA,shots,key_passes,yellow,red,npg,npxG,xGChain,xGBuildup
11358,José Gragera,2024,Espanyol,MC,10,580,0,0,0.0402989648282527,0.0204612221568822,2,1,0,0,0,0.0402989648282527,1.2626147661358118,1.222232036292553
11358,José Gragera,2022,Espanyol,Sub,9,457,1,0,1.049052618443966,0.0,4,0,2,0,1,1.049052618443966,1.3885866031050682,1.3885866031050682
