player_id,player_name,season,team,position,games,time,goals,assists,xG,xA,shots,key_passes,yellow,red,npg,npxG,xGChain,xGBuildup
4034,José Campaña,2024,Las Palmas,DMC,25,1208,0,3,0.1375535074621439,0.8891085628420115,5,13,4,0,0,0.1375535074621439,2.551904497668147,2.465941285714507
4034,José Campaña,2023,Las Palmas,Sub,8,154,0,0,0.0183247681707143,0.0,1,0,0,0,0,0.0183247681707143,0.6414254382252693,0.6414254382252693
4034,José Campaña,2021,Levante,MC,20,1440,2,2,1.786799643188715,1.4479917967692018,13,23,6,1,2,1.0435256697237492,5.336611118167639,3.8417342081665993
4034,José Campaña,2020,Levante,MR,9,747,1,2,1.4518355038017037,2.176618242636323,13,14,1,0,0,0.7085580248385668,3.23660640232265,1.9869729839265349
4034,José Campaña,2019,Levante,MC,37,3161,2,7,2.3968957187607884,6.070872382260859,44,73,2,1,2,2.3968957187607884,16.49165760912001,12.492745186202228
4034,José Campaña,2018,Levante,MC,36,3216,3,9,1.8639122946187852,6.457006735727191,20,58,12,0,3,1.8639122946187852,11.875038845464587,8.86760594882071
4034,José Campaña,2017,Levante,MC,35,2743,1,4,1.392322963103652,4.560950873419642,22,50,8,1,1,1.392322963103652,9.58144910261035,5.669647563248873
