player_id,player_name,season,team,position,games,time,goals,assists,xG,xA,shots,key_passes,yellow,red,npg,npxG,xGChain,xGBuildup
2391,José Mari,2023,Cadiz,Sub,3,3,0,0,0.0,0.0467416886240243,0,2,0,0,0,0.0,0.1218371111899614,0.0750954207032918
2391,José Mari,2022,Cadiz,MC,18,352,0,0,0.123295871540904,0.3533639805391431,5,5,2,0,0,0.123295871540904,1.473447986878455,1.065043001435697
2391,José Mari,2021,Cadiz,Sub,11,377,0,0,0.2195191010832786,0.0153930997475981,4,1,1,1,0,0.2195191010832786,2.014055497944355,1.9221539050340648
2391,José Mari,2020,Cadiz,DMC,22,1479,1,0,1.1586831966415048,0.5477796923369169,17,8,5,0,0,0.4154059970751405,2.207775187678635,1.4000623123720288
2391,José Mari,2015,Levante,MC,12,805,0,0,0.3211723007261753,0.1057842019945383,12,3,5,0,0,0.3211723007261753,1.7515108212828636,1.538424123078585
2391,José Mari,2014,Levante,MC,14,631,0,0,0.3652928005903959,0.0334209497086703,17,4,3,0,0,0.3652928005903959,1.9065502677112816,1.5215384662151337
