player_id,player_name,season,team,position,games,time,goals,assists,xG,xA,shots,key_passes,yellow,red,npg,npxG,xGChain,xGBuildup
465,Joshua King,2024,Toulouse,Sub,28,1685,6,3,7.754562114365399,1.7325707683339715,50,17,2,0,6,7.754562114365399,9.276868721470237,1.9913337361067531
465,Joshua King,2021,Watford,Sub,32,2247,5,3,8.284285517409444,4.002521988004446,49,35,5,0,4,7.523121478036046,12.03219684958458,2.661472711712122
465,Joshua King,2020,Everton,Sub,11,119,0,0,0.7881255093961954,0.0,3,0,0,0,0,0.7881255093961954,0.8868916016072035,0.7569960057735443
465,Joshua King,2019,Bournemouth,AMC,26,2033,6,4,6.534089034423232,4.133097622543573,26,30,0,0,3,4.250656159594655,8.37335154414177,3.021743267774582
465,Joshua King,2018,Bournemouth,FW,35,2987,12,3,13.546655409038069,4.257975086569786,72,37,3,0,7,8.97964733839035,19.06767139956355,8.407385468482971
465,Joshua King,2017,Bournemouth,AMC,33,2458,8,3,6.555600753054023,4.888206169009209,51,38,3,0,6,5.033263443037868,9.640527916140854,3.6070541189983487
465,Joshua King,2016,Bournemouth,FWL,36,2734,16,2,10.91174860484898,2.409231800585985,67,30,1,0,14,8.62825040332973,12.561983089894056,3.412045930512249
465,Joshua King,2015,Bournemouth,FW,31,1931,6,2,5.712771352380514,3.535969901829958,55,25,1,0,6,5.712771352380514,9.763266887515783,1.4393623927608132
