player_id,player_name,season,team,position,games,time,goals,assists,xG,xA,shots,key_passes,yellow,red,npg,npxG,xGChain,xGBuildup
12410,Joshua King,2025,Fulham,AMC,8,573,0,0,1.0779936388134956,0.1514108711853623,11,3,2,0,0,1.0779936388134956,2.081617504358292,0.9703094735741616
12410,Joshua King,2024,Fulham,Sub,8,115,0,0,0.5880258642137051,0.7531819939613342,3,3,0,0,0,0.5880258642137051,1.37447259016335,0.4954258985817432
