player_id,player_name,season,team,position,games,time,goals,assists,xG,xA,shots,key_passes,yellow,red,npg,npxG,xGChain,xGBuildup
11023,Josh Doig,2025,Sassuolo,DL,7,580,0,0,0.0998358316719532,0.3905791565775871,2,4,3,0,0,0.0998358316719532,1.3505909480154514,1.1248750309459865
11023,Josh Doig,2023,Sassuolo,DL,16,1348,0,2,0.1976806698366999,0.9774596504867076,8,14,5,0,0,0.1976806698366999,2.823174687102437,2.0733019933104515
11023,Josh Doig,2023,Verona,DML,12,857,0,0,0.3931796625256538,0.3158991439267993,5,5,2,0,0,0.3931796625256538,1.956955123692751,1.3857580311596394
11023,Josh Doig,2022,Verona,Sub,22,1358,2,3,1.2285026982426643,1.4402790255844593,18,12,1,0,2,1.2285026982426643,4.475398714654148,2.1143422881141305
