player_id,player_name,season,team,position,games,time,goals,assists,xG,xA,shots,key_passes,yellow,red,npg,npxG,xGChain,xGBuildup
11333,Josip Juranovic,2025,Union Berlin,Sub,1,1,0,0,0.0,0.0979367941617965,0,1,0,0,0,0.0,0.0,0.0
11333,Josip Juranovic,2024,Union Berlin,Sub,17,1160,0,0,0.2710151607170701,2.334141382947564,7,27,4,0,0,0.2710151607170701,3.201693071052432,1.6347584621980786
11333,Josip Juranovic,2023,Union Berlin,DMR,21,1272,0,2,1.3066761055961251,2.853756513446569,12,39,4,0,0,0.5488994279876351,3.448020369745791,2.261666787788272
11333,Josip Juranovic,2022,Union Berlin,DMR,12,921,2,1,1.1514203026890757,1.0844305008649826,7,22,0,0,1,0.3936433270573616,1.7150551229715347,1.1032112762331965
