player_id,player_name,season,team,position,games,time,goals,assists,xG,xA,shots,key_passes,yellow,red,npg,npxG,xGChain,xGBuildup
9458,Josip Stanisic,2025,Bayern Munich,DL,3,270,0,0,0.0705599337816238,0.0,1,0,0,0,0,0.0705599337816238,1.866895526647568,1.7963355481624603
9458,Josip Stanisic,2024,Bayern Munich,Sub,14,864,0,2,0.4346799105405807,1.5586129985749722,2,14,0,0,0,0.4346799105405807,7.743158828467131,6.437034394592047
9458,Josip Stanisic,2023,Bayer Leverkusen,Sub,20,1237,3,1,0.6973425764590502,1.4043006151914597,10,11,3,0,3,0.6973425764590502,10.42192229256034,9.140204049646854
9458,Josip Stanisic,2022,Bayern Munich,Sub,14,560,0,0,0.0,0.511153195053339,0,4,1,0,0,0.0,6.927464487031102,6.416308822110295
9458,Josip Stanisic,2021,Bayern Munich,DR,13,633,1,0,0.5321536995470524,0.1701874006539583,4,3,1,0,1,0.5321536995470524,5.967354625463486,5.442648679018021
9458,Josip Stanisic,2020,Bayern Munich,DL,1,90,0,0,0.0651789978146553,0.0,2,0,0,0,0,0.0651789978146553,0.0517778992652893,0.0517778992652893
