player_id,player_name,season,team,position,games,time,goals,assists,xG,xA,shots,key_passes,yellow,red,npg,npxG,xGChain,xGBuildup
6121,Juanpe,2024,Girona,DC,12,720,0,0,0.0912717506289482,0.17641297634691,2,3,2,0,0,0.0912717506289482,2.1675596088171005,2.160725638270378
6121,Juanpe,2023,Girona,Sub,17,718,0,0,0.1930472329258918,0.0,4,0,4,0,0,0.1930472329258918,2.506332751363516,2.448934894055128
6121,Juanpe,2022,Girona,DC,19,1431,1,0,0.4017756972461939,0.4998184461146593,5,3,3,0,1,0.4017756972461939,4.198296597227454,4.177839269861579
6121,Juanpe,2018,Girona,DC,33,2768,0,0,1.7120932461693883,0.1937602944672107,22,5,8,0,0,1.7120932461693883,5.262543719261885,5.012848008424044
6121,Juanpe,2017,Girona,Sub,35,3064,5,1,2.9670005263760686,0.8995682979002595,23,7,7,0,5,2.9670005263760686,3.1616490269079804,2.9266997212544084
