player_id,player_name,season,team,position,games,time,goals,assists,xG,xA,shots,key_passes,yellow,red,npg,npxG,xGChain,xGBuildup
8409,Juanlu Sanchez,2025,Sevilla,DR,7,488,0,1,0.4305859468877315,0.169950533658266,5,4,0,0,0,0.4305859468877315,1.4785003811120987,0.8920112550258636
8409,Juanlu Sanchez,2024,Sevilla,AMC,32,1740,4,4,2.918187398463488,2.713099295273423,13,25,4,1,4,2.918187398463488,9.498570716939868,5.508796711452305
8409,Juanlu Sanchez,2023,Sevilla,Sub,26,1155,0,2,0.8320242613554001,0.7619312610477209,11,17,2,0,0,0.8320242613554001,3.88984501734376,2.833031091839075
8409,Juanlu Sanchez,2021,Sevilla,Sub,1,3,0,0,0.0,0.0,0,0,1,0,0,0.0,0.0,0.0
