player_id,player_name,season,team,position,games,time,goals,assists,xG,xA,shots,key_passes,yellow,red,npg,npxG,xGChain,xGBuildup
10399,Juan Latasa,2024,Real Valladolid,Sub,28,1376,3,0,4.549709668383002,0.5770094022154808,40,12,6,1,3,4.549709668383002,6.718333991244435,2.7973670260980725
10399,Juan Latasa,2023,Getafe,FW,33,1557,3,0,5.340842031873763,1.2214664816856384,45,19,5,1,3,5.340842031873763,6.516679762862623,1.124325681477785
10399,Juan Latasa,2022,Getafe,Sub,18,405,1,0,0.7898312462493777,0.7575531490147114,15,6,2,0,1,0.7898312462493777,1.6796202901750803,0.6364228650927544
10399,Juan Latasa,2021,Real Madrid,Sub,1,6,0,0,0.1094139963388443,0.0,1,0,0,0,0,0.1094139963388443,0.0440067015588283,0.0440067015588283
