player_id,player_name,season,team,position,games,time,goals,assists,xG,xA,shots,key_passes,yellow,red,npg,npxG,xGChain,xGBuildup
11054,Juan Cabal,2025,Juventus,Sub,2,26,1,0,0.5084472047165036,0.0,2,0,0,0,1,0.5084472047165036,0.0407198974862694,0.0301100872457027
11054,Juan Cabal,2024,Juventus,DL,7,464,0,0,0.1306802649050951,0.1720451265573501,5,1,0,0,0,0.1306802649050951,3.065493978559971,3.04121283441782
11054,Juan Cabal,2023,Verona,Sub,22,1498,0,0,0.4380451953038573,0.444687420502305,12,12,6,0,0,0.4380451953038573,4.162682744674385,3.879935966804624
11054,Juan Cabal,2022,Verona,Sub,11,437,0,0,0.0144301503896713,0.1298690978437662,1,2,3,0,0,0.0144301503896713,0.7122534289956093,0.6704411786049604
