player_id,player_name,season,team,position,games,time,goals,assists,xG,xA,shots,key_passes,yellow,red,npg,npxG,xGChain,xGBuildup
8744,Juan Cruz,2025,Osasuna,DC,7,492,0,0,0.5461479425430298,0.0736327618360519,1,2,0,0,0,0.5461479425430298,0.4145644623786211,0.3409316819161176
8744,Juan Cruz,2024,Osasuna,Sub,25,1509,0,0,0.1194847133010625,0.0261295326054096,4,1,4,0,0,0.1194847133010625,3.8228932609781614,3.741608656011522
8744,Juan Cruz,2023,Osasuna,DL,26,1655,0,1,0.0542969927191734,0.5691426796838641,3,5,3,0,0,0.0542969927191734,2.553079799748957,2.369369168765843
8744,Juan Cruz,2022,Osasuna,DL,27,2051,0,0,0.4671366401016712,1.0867908336222172,2,15,7,0,0,0.4671366401016712,5.113312674686313,4.343532644212246
8744,Juan Cruz,2021,Osasuna,DC,23,1939,0,0,0.1629590019583702,0.0281878993846476,3,3,4,0,0,0.1629590019583702,0.9838471971452236,0.8817285001277924
8744,Juan Cruz,2020,Osasuna,DL,26,1972,0,0,0.0412340983748436,0.3321196502074599,1,11,4,0,0,0.0412340983748436,2.519699851050973,2.211903888732195
