player_id,player_name,season,team,position,games,time,goals,assists,xG,xA,shots,key_passes,yellow,red,npg,npxG,xGChain,xGBuildup
372,Julian Weigl,2024,Borussia M.Gladbach,DMC,33,2908,0,2,0.6710613574832678,1.152547612786293,19,12,8,0,0,0.6710613574832678,11.702455198392272,10.190631384029984
372,Julian Weigl,2023,Borussia M.Gladbach,DMC,31,2774,2,3,2.3818776588886976,2.265138564631343,19,24,10,0,0,0.866324270144105,11.471323980018497,9.569174846634269
372,Julian Weigl,2022,Borussia M.Gladbach,Sub,23,1892,1,0,0.9302280703559518,0.5656399503350258,8,6,6,0,0,0.1725317994132638,7.779653295874596,7.725211024284363
372,Julian Weigl,2019,Borussia Dortmund,DMC,13,1027,1,0,0.2332166042178869,0.3514007087796926,9,4,4,0,1,0.2332166042178869,2.7789939045906067,2.5712329298257828
372,Julian Weigl,2018,Borussia Dortmund,Sub,18,1456,1,0,0.1827375963330268,0.1065925993025302,3,2,3,0,1,0.1827375963330268,6.748357482254505,6.561161361634731
372,Julian Weigl,2017,Borussia Dortmund,Sub,25,1944,1,0,0.1150161791592836,0.1793669620528817,5,7,4,0,1,0.1150161791592836,11.319914804771544,11.116094334051011
372,Julian Weigl,2016,Borussia Dortmund,Sub,30,2419,0,0,0.2416686424985528,0.7143930960446596,7,7,2,0,0,0.2416686424985528,17.38668937049806,16.638900389894843
372,Julian Weigl,2015,Borussia Dortmund,DMC,30,2244,0,0,0.2261080984026193,1.2695747017860413,9,16,5,0,0,0.2261080984026193,19.77128575928509,19.319197786971927
