player_id,player_name,season,team,position,games,time,goals,assists,xG,xA,shots,key_passes,yellow,red,npg,npxG,xGChain,xGBuildup
11745,Julián Araujo,2024,Bournemouth,Sub,12,496,0,0,0.0,0.0628243163228035,0,1,2,0,0,0.0,1.8003496639430523,1.8003496639430523
11745,Julián Araujo,2023,Las Palmas,Sub,25,1448,1,0,0.925544673576951,1.1897415593266487,7,16,5,0,1,0.925544673576951,3.5234330277889967,1.6969562005251646
