player_id,player_name,season,team,position,games,time,goals,assists,xG,xA,shots,key_passes,yellow,red,npg,npxG,xGChain,xGBuildup
11015,Julien Ponceau,2023,Lorient,Sub,32,2272,3,2,3.197014134377241,2.7552311634644866,33,35,5,0,3,3.197014134377241,10.707108356058598,6.225061770528555
11015,Julien Ponceau,2022,Lorient,Sub,31,1677,1,4,1.997822909615934,2.954850767739117,14,27,1,0,1,1.997822909615934,8.850388104096055,4.994659159332514
