player_id,player_name,season,team,position,games,time,goals,assists,xG,xA,shots,key_passes,yellow,red,npg,npxG,xGChain,xGBuildup
7937,Julian Chabot,2025,VfB Stuttgart,DC,6,538,0,0,0.301877130754292,0.028191776946187,7,1,0,0,0,0.301877130754292,2.531215738505125,2.4229926131665707
7937,Julian Chabot,2024,VfB Stuttgart,DC,31,2285,3,1,2.8814538531005383,0.8693449972197413,19,6,9,1,3,2.8814538531005383,13.541587248444555,13.30634319782257
7937,Julian Chabot,2023,FC Cologne,DC,32,2721,0,0,1.098495252430439,0.420714683830738,19,9,7,1,0,1.098495252430439,5.183199753053486,4.940922331996262
7937,Julian Chabot,2022,FC Cologne,DC,21,1815,0,2,1.1622466929256916,2.173225771635771,14,4,3,0,0,1.1622466929256916,3.8065885305404654,3.8065885305404654
7937,Julian Chabot,2021,Sampdoria,Sub,11,477,0,0,0.0460567008703947,0.0,3,0,5,0,0,0.0460567008703947,0.2868619970977306,0.2868619970977306
7937,Julian Chabot,2021,FC Cologne,DC,4,207,0,0,0.0,0.0,0,0,1,0,0,0.0,0.6083539873361588,0.6083539873361588
7937,Julian Chabot,2020,Spezia,Sub,25,1651,1,1,0.8326523061841726,0.6921412069350481,9,5,9,1,1,0.8326523061841726,3.354884685948491,3.239516889676452
7937,Julian Chabot,2019,Sampdoria,Sub,8,566,1,0,0.0511926002800464,0.0,1,0,1,1,1,0.0511926002800464,1.2549019902944565,1.2549019902944565
