player_id,player_name,season,team,position,games,time,goals,assists,xG,xA,shots,key_passes,yellow,red,npg,npxG,xGChain,xGBuildup
10846,Julián Álvarez,2025,Atletico Madrid,FW,9,731,6,1,4.66885282844305,3.004766158759594,21,16,1,0,5,3.1822976246476173,7.085571110248566,3.0547057799994946
10846,Julián Álvarez,2024,Atletico Madrid,Sub,37,2543,17,4,14.1592972795479,6.458727004006505,72,41,5,0,13,11.186186812352387,25.16218076646328,9.433768885210156
10846,Julián Álvarez,2023,Manchester City,AMC,36,2682,11,8,14.373571239411833,5.823111834935844,98,66,2,0,9,12.851233504712582,27.162230297923088,13.089299127459526
10846,Julián Álvarez,2022,Manchester City,Sub,31,1416,9,0,7.753276175819337,2.0468210969120264,47,18,0,0,8,6.992107159458101,13.768698140978811,5.820535558275878
