player_id,player_name,season,team,position,games,time,goals,assists,xG,xA,shots,key_passes,yellow,red,npg,npxG,xGChain,xGBuildup
13100,Juma Bah,2025,Nice,DC,6,470,0,0,0.0205461233854293,0.4554295837879181,1,1,2,0,0,0.0205461233854293,2.133555669337511,2.133555669337511
13100,Juma Bah,2024,Real Valladolid,DC,12,862,0,0,0.1810958832502365,0.0179912857711315,3,1,1,0,0,0.1810958832502365,1.3852787390351295,1.3852787390351295
13100,Juma Bah,2024,Lens,Sub,10,684,0,0,0.1038192119449377,0.1231439411640167,2,2,2,0,0,0.1038192119449377,2.665540926158428,2.5423969887197018
