player_id,player_name,season,team,position,games,time,goals,assists,xG,xA,shots,key_passes,yellow,red,npg,npxG,xGChain,xGBuildup
12069,Junior Adamu,2025,Freiburg,Sub,5,305,1,1,1.4107851833105087,0.8915068954229355,5,3,0,0,1,1.4107851833105087,1.3145626187324524,0.1345979571342468
12069,Junior Adamu,2024,Freiburg,FW,25,1579,2,2,6.322013634257019,2.053700706921518,37,17,5,1,2,6.322013634257019,8.28467621654272,0.9772418979555368
12069,Junior Adamu,2023,Freiburg,Sub,15,63,0,0,0.0992888286709785,0.3055990636348724,2,1,0,0,0,0.0992888286709785,0.5205853953957558,0.1156974919140338
