player_id,player_name,season,team,position,games,time,goals,assists,xG,xA,shots,key_passes,yellow,red,npg,npxG,xGChain,xGBuildup
6239,Junior Sambia,2024,Empoli,Sub,17,350,0,0,0.539000703021884,0.2328954925760626,10,5,0,0,0,0.539000703021884,1.4956626882776618,1.2405201010406015
6239,Junior Sambia,2023,Salernitana,Sub,18,1015,1,2,0.5277102794498205,0.9866680279374124,12,12,4,0,1,0.5277102794498205,1.8203992368653417,1.374386872164905
6239,Junior Sambia,2022,Salernitana,Sub,22,687,0,1,0.6149396263062954,1.5165317878127098,13,7,3,0,0,0.6149396263062954,2.4719428047537804,1.538977125659585
6239,Junior Sambia,2021,Montpellier,DR,30,1522,1,0,1.500932727009058,0.589823991060257,21,12,3,1,1,1.500932727009058,3.1833506552502517,1.358676489442587
6239,Junior Sambia,2020,Montpellier,Sub,36,2436,1,6,0.8205239428207278,2.8941928911954165,18,25,2,0,1,0.8205239428207278,7.301620771177113,4.943417587317526
6239,Junior Sambia,2019,Montpellier,Sub,17,563,1,1,0.4830016996711492,0.187288399785757,13,4,3,1,1,0.4830016996711492,1.6067595183849337,1.1624783966690302
6239,Junior Sambia,2018,Montpellier,Sub,30,878,0,1,2.074471155181527,1.2948110904544592,23,23,3,0,0,2.074471155181527,3.6622219439595938,1.8322557862848043
6239,Junior Sambia,2017,Montpellier,Sub,28,1540,1,4,1.5024718856438994,3.1500215977430344,38,34,3,0,1,1.5024718856438994,3.823030868545175,2.0996944699436426
