player_id,player_name,season,team,position,games,time,goals,assists,xG,xA,shots,key_passes,yellow,red,npg,npxG,xGChain,xGBuildup
11707,Jurriën Timber,2025,Arsenal,Sub,8,620,2,1,1.1508328169584274,0.8864607270807028,9,12,2,0,2,1.1508328169584274,3.4726045057177544,2.711209896951914
11707,Jurriën Timber,2024,Arsenal,Sub,30,2443,1,3,1.3132512997835877,1.1326866932213306,14,17,7,0,1,1.3132512997835877,10.589375596493484,9.367386754602194
11707,Jurriën Timber,2023,Arsenal,DL,2,70,0,0,0.0,0.0,0,0,2,0,0,0.0,0.2789519429206848,0.2789519429206848
