player_id,player_name,season,team,position,games,time,goals,assists,xG,xA,shots,key_passes,yellow,red,npg,npxG,xGChain,xGBuildup
11494,Justin-Noel Kalumba,2025,Angers,Sub,4,224,0,0,0.0164420362561941,0.2669835407286882,1,4,0,0,0,0.0164420362561941,0.3195158392190933,0.1083559468388557
11494,Justin-Noel Kalumba,2024,Angers,Sub,2,21,0,0,0.0107367057353258,0.0,1,0,0,0,0,0.0107367057353258,0.0107367057353258,0.0
11494,Justin-Noel Kalumba,2022,Angers,DL,7,559,0,0,0.0458726994693279,0.142802856862545,2,2,0,0,0,0.0458726994693279,1.3085253313183784,1.1327392756938934
