player_id,player_name,season,team,position,games,time,goals,assists,xG,xA,shots,key_passes,yellow,red,npg,npxG,xGChain,xGBuildup
6963,Justin Kluivert,2025,Bournemouth,Sub,7,220,1,0,0.3492882717400789,0.3479384314268827,6,5,0,0,1,0.3492882717400789,0.9545887485146524,0.538133405148983
6963,Justin Kluivert,2024,Bournemouth,Sub,34,2390,12,6,10.441609976813195,5.512896118685603,63,44,8,0,6,5.87459684535861,15.81588026881218,6.402966948226094
6963,Justin Kluivert,2023,Bournemouth,Sub,32,2029,7,1,7.296913180500269,1.6692864689975977,56,21,5,0,7,7.296913180500269,11.757105719298124,4.571535241790116
6963,Justin Kluivert,2022,Valencia,Sub,26,1453,6,0,6.611951711587608,2.7358507309108973,44,23,4,0,5,5.868930700235069,10.047239660285411,2.255819134414196
6963,Justin Kluivert,2021,Nice,ML,27,1907,4,5,2.8428059881553054,5.134205814450979,30,35,6,1,4,2.8428059881553054,8.415009055286646,2.6743105947971344
6963,Justin Kluivert,2020,RasenBallsport Leipzig,Sub,19,815,3,0,3.1955405389890075,0.8727305177599192,18,12,2,0,3,3.1955405389890075,4.584492281079292,0.5739196017384529
6963,Justin Kluivert,2020,Roma,Sub,2,15,0,0,0.0135014001280069,0.0,1,0,0,0,0,0.0135014001280069,0.0,0.0
6963,Justin Kluivert,2019,Roma,AML,22,1539,4,1,2.770406091585756,1.0244837878271935,34,21,4,1,4,2.770406091585756,7.511801402084529,4.072239125147462
6963,Justin Kluivert,2018,Roma,Sub,29,1330,1,6,1.4721349123865366,2.7935261856764555,21,36,2,0,1,1.4721349123865366,5.598799526691437,2.475431806407869
