player_id,player_name,season,team,position,games,time,goals,assists,xG,xA,shots,key_passes,yellow,red,npg,npxG,xGChain,xGBuildup
10585,Justin Njinmah,2025,Werder Bremen,AMR,7,400,2,0,0.9273858796805144,0.0,10,0,1,0,2,0.9273858796805144,1.251455344259739,0.3420093115419149
10585,Justin Njinmah,2024,Werder Bremen,Sub,26,927,3,2,4.510545656085014,1.7561358297243714,31,12,1,0,3,4.510545656085014,8.618928104639053,2.53895618673414
10585,Justin Njinmah,2023,Werder Bremen,Sub,24,1011,6,2,4.3166096322238445,2.432547379285097,33,13,1,0,6,4.3166096322238445,8.9449203312397,2.3999127810820937
10585,Justin Njinmah,2022,Borussia Dortmund,Sub,1,19,0,0,0.0,0.0,0,0,0,0,0,0.0,0.0,0.0
