player_id,player_name,season,team,position,games,time,goals,assists,xG,xA,shots,key_passes,yellow,red,npg,npxG,xGChain,xGBuildup
13038,Justin Devenny,2025,Crystal Palace,Sub,7,132,0,0,0.2894168198108673,0.1136084124445915,5,2,0,0,0,0.2894168198108673,0.6487324982881546,0.2991451546549797
13038,Justin Devenny,2024,Crystal Palace,MC,23,472,1,1,1.1472182907164097,0.6334958653897047,10,7,1,0,1,1.1472182907164097,2.1069728769361973,0.9024819005280732
