player_id,player_name,season,team,position,games,time,goals,assists,xG,xA,shots,key_passes,yellow,red,npg,npxG,xGChain,xGBuildup
10797,Kévin Biakolo,2023,Toulouse,DR,8,541,0,0,0.0097579639405012,0.1344953821972012,1,3,1,0,0,0.0097579639405012,1.3601678619161248,1.268348008394241
10797,Kévin Biakolo,2022,Toulouse,Sub,11,347,0,0,0.0410500988364219,0.1738380044698715,1,2,1,0,0,0.0410500988364219,0.5447952561080456,0.3709572441875934
