player_id,player_name,season,team,position,games,time,goals,assists,xG,xA,shots,key_passes,yellow,red,npg,npxG,xGChain,xGBuildup
10818,Kévin Danois,2025,Auxerre,MC,8,689,0,0,0.945098215714097,0.5943319592624903,6,12,1,0,0,0.945098215714097,3.0909051932394505,1.8035169746726751
10818,Kévin Danois,2024,Auxerre,Sub,22,1466,0,0,0.9946297388523816,2.3297908948734403,16,25,1,0,0,0.9946297388523816,6.475489607080817,3.929859349504113
10818,Kévin Danois,2022,Auxerre,Sub,1,1,0,0,0.0,0.0,0,0,0,0,0,0.0,0.0,0.0
