player_id,player_name,season,team,position,games,time,goals,assists,xG,xA,shots,key_passes,yellow,red,npg,npxG,xGChain,xGBuildup
9503,Kacper Urbanski,2024,Monza,MC,8,505,0,0,0.1486361790448427,0.1133038094267249,5,4,1,0,0,0.1486361790448427,0.4713596440851688,0.3202402889728546
9503,Kacper Urbanski,2024,Bologna,Sub,7,232,1,0,0.5447059720754623,0.7341170692816377,4,9,2,0,1,0.5447059720754623,1.6923494888469577,0.5428849328309298
9503,Kacper Urbanski,2023,Bologna,Sub,22,911,0,1,1.4756384547799826,0.9181818217039108,17,16,3,0,0,1.4756384547799826,5.409994894638658,3.953838130459189
9503,Kacper Urbanski,2021,Bologna,Sub,1,43,0,0,0.0,0.0,0,0,0,0,0,0.0,0.0,0.0
9503,Kacper Urbanski,2020,Bologna,Sub,1,1,0,0,0.0,0.0,0,0,0,0,0,0.0,0.0,0.0
