player_id,player_name,season,team,position,games,time,goals,assists,xG,xA,shots,key_passes,yellow,red,npg,npxG,xGChain,xGBuildup
9872,Kaio Jorge,2023,Frosinone,Sub,20,791,3,0,7.668177828192711,0.2469829516485333,27,8,2,0,2,6.145580217242241,4.4298127219080925,0.4458208698779344
9872,Kaio Jorge,2021,Juventus,Sub,9,111,0,0,0.531188003718853,0.5476000010967255,5,2,0,0,0,0.531188003718853,1.01472570002079,0.0952275022864341
