player_id,player_name,season,team,position,games,time,goals,assists,xG,xA,shots,key_passes,yellow,red,npg,npxG,xGChain,xGBuildup
12918,Kaishu Sano,2025,Mainz 05,MC,7,630,1,1,0.320516487583518,0.7585393562912941,8,5,0,0,1,0.320516487583518,2.034669041633606,1.154762402176857
12918,Kaishu Sano,2024,Mainz 05,MC,34,3051,0,0,0.9100602194666862,1.3164740214124322,20,19,3,0,0,0.9100602194666862,9.061351463198662,7.512129879556596
