player_id,player_name,season,team,position,games,time,goals,assists,xG,xA,shots,key_passes,yellow,red,npg,npxG,xGChain,xGBuildup
8312,Kaj Sierhuis,2022,Reims,Sub,14,187,0,0,0.2968824207782745,0.0,5,0,0,0,0,0.2968824207782745,0.6108307130634785,0.3139482848346233
8312,Kaj Sierhuis,2021,Reims,FW,2,80,0,0,0.0789685007184743,0.1099179983139038,2,2,0,0,0,0.0789685007184743,0.285849004983902,0.1666935011744499
8312,Kaj Sierhuis,2020,Reims,Sub,24,619,0,1,1.135043921880424,0.4119925945997238,14,8,2,0,0,1.135043921880424,1.2595778172835708,0.3205902017652988
8312,Kaj Sierhuis,2019,Reims,FW,1,12,0,0,0.0,0.0,0,0,0,0,0,0.0,0.0394224002957344,0.0394224002957344
