player_id,player_name,season,team,position,games,time,goals,assists,xG,xA,shots,key_passes,yellow,red,npg,npxG,xGChain,xGBuildup
5657,Karl Toko Ekambi,2022,Lyon,FWL,19,1363,4,2,5.533166381530464,3.769215536303818,41,26,1,0,4,5.533166381530464,11.742458906024694,4.28208420984447
5657,Karl Toko Ekambi,2022,Rennes,FWL,17,976,3,2,4.256939152255654,1.3090892676264048,22,12,0,0,3,4.256939152255654,6.72313741222024,1.9655923750251527
5657,Karl Toko Ekambi,2021,Lyon,FWR,30,2312,12,5,11.929097674787045,5.79322543181479,76,39,3,0,10,10.408907614648342,21.26668992638588,7.530513679608703
5657,Karl Toko Ekambi,2020,Lyon,FW,35,2849,14,6,17.97721490636468,6.999957676976919,90,49,3,0,14,17.97721490636468,28.031242348253727,8.084192844107747
5657,Karl Toko Ekambi,2019,Villarreal,Sub,18,990,6,2,7.854187639430165,1.561700712889433,39,9,0,0,6,7.854187639430165,11.422691617161036,2.7356366589665413
5657,Karl Toko Ekambi,2019,Lyon,Sub,8,547,2,1,2.115860678255558,1.19273342192173,13,10,2,0,2,2.115860678255558,4.359858989715576,1.6609324216842651
5657,Karl Toko Ekambi,2018,Villarreal,FW,34,2147,10,1,10.614568710327148,2.18721542134881,59,26,5,0,10,9.8712897002697,11.6697844453156,1.927938973531127
5657,Karl Toko Ekambi,2017,Angers,Sub,37,3033,17,5,16.099505146034062,5.880455506034195,103,47,4,0,14,13.81922717858106,19.96727255359292,3.886897609569132
5657,Karl Toko Ekambi,2016,Angers,FWL,31,2447,7,4,6.494453410618007,3.242549386806786,82,38,0,0,7,6.494453410618007,13.02151078917086,5.95426888205111
