player_id,player_name,season,team,position,games,time,goals,assists,xG,xA,shots,key_passes,yellow,red,npg,npxG,xGChain,xGBuildup
745,Kasper Schmeichel,2022,Nice,GK,36,3240,0,0,0.0,0.1826014034450054,0,2,0,0,0,0.0,5.083113611675799,4.900513016618788
745,Kasper Schmeichel,2021,Leicester,GK,37,3330,0,0,0.0,0.0158692002296447,0,1,1,0,0,0.0,5.707257926464081,5.691388323903084
745,Kasper Schmeichel,2020,Leicester,GK,38,3420,0,0,0.0,0.0,0,0,0,0,0,0.0,3.8688182500191033,3.8688182500191033
745,Kasper Schmeichel,2019,Leicester,GK,38,3420,0,0,0.0185576993972063,0.3644336988218128,1,3,2,0,0,0.0185576993972063,3.875910766422749,3.518941454589367
745,Kasper Schmeichel,2018,Leicester,GK,38,3420,0,0,0.0807150974869728,0.2929759919643402,1,1,3,0,0,0.0807150974869728,3.7830665819346905,3.4900906197726727
745,Kasper Schmeichel,2017,Leicester,GK,33,2968,0,0,0.0,0.056529700756073,0,1,2,0,0,0.0,3.881414839997888,3.824884811416268
745,Kasper Schmeichel,2016,Leicester,GK,30,2668,0,0,0.0,0.0,0,0,1,0,0,0.0,0.9501884961500764,0.9501884961500764
745,Kasper Schmeichel,2015,Leicester,GK,38,3420,0,0,0.0,0.3699235003441572,0,5,2,0,0,0.0,3.289773276075721,2.919850179925561
745,Kasper Schmeichel,2014,Leicester,GK,24,2160,0,0,0.0,0.0750274006277322,0,2,0,0,0,0.0,0.9568508761003612,0.942747880704701
