player_id,player_name,season,team,position,games,time,goals,assists,xG,xA,shots,key_passes,yellow,red,npg,npxG,xGChain,xGBuildup
10318,Kelvin Yeboah,2023,Montpellier,Sub,13,233,0,0,0.5418527387082577,0.2364756762981414,7,5,0,0,0,0.5418527387082577,0.9585213605314492,0.2277505677193403
10318,Kelvin Yeboah,2022,Augsburg,Sub,13,326,1,1,1.3547090254724026,0.3252255991101265,12,5,0,0,1,1.3547090254724026,1.9232772588729856,0.5414285883307457
10318,Kelvin Yeboah,2021,Genoa,FW,17,844,0,1,1.880277900956571,1.339781670831144,16,13,2,0,0,1.880277900956571,4.522822818718851,2.1026789071038365
