player_id,player_name,season,team,position,games,time,goals,assists,xG,xA,shots,key_passes,yellow,red,npg,npxG,xGChain,xGBuildup
11942,Kenan Yildiz,2025,Juventus,AMC,7,610,1,3,0.6207198332995176,2.438312605023384,14,18,0,0,1,0.6207198332995176,2.1264823526144028,0.7320053400471807
11942,Kenan Yildiz,2024,Juventus,AMC,35,2414,7,4,4.914883994497359,5.661711638793349,61,56,2,1,7,4.914883994497359,13.799040334299209,5.859337801113725
11942,Kenan Yildiz,2023,Juventus,Sub,27,923,2,0,1.904007162898779,1.6226798808202147,19,18,3,0,2,1.904007162898779,4.988986518234015,2.5734628178179264
