player_id,player_name,season,team,position,games,time,goals,assists,xG,xA,shots,key_passes,yellow,red,npg,npxG,xGChain,xGBuildup
98,Kenan Karaman,2022,Schalke 04,Sub,21,961,1,2,2.313896202482283,1.2160936631262302,21,8,2,0,1,2.313896202482283,3.42272087559104,0.6500499919056892
98,Kenan Karaman,2019,Fortuna Duesseldorf,AMC,20,1367,6,1,4.224242087453604,1.8742581829428675,32,21,4,0,6,4.224242087453604,5.586068637669087,0.5021210042759776
98,Kenan Karaman,2018,Fortuna Duesseldorf,Sub,21,909,3,1,4.065125674009323,1.905424851924181,21,13,0,0,3,4.065125674009323,7.140825178474188,2.803119771182537
98,Kenan Karaman,2017,Hannover 96,ML,22,844,1,0,1.4918039916083217,0.4664825014770031,17,7,2,0,1,1.4918039916083217,3.3338302047923207,1.840078018605709
98,Kenan Karaman,2015,Hannover 96,AMR,23,1744,3,2,3.7117691384628415,2.4850201876834035,44,20,1,0,3,3.7117691384628415,7.313278893940151,2.9704061578959227
98,Kenan Karaman,2014,Hannover 96,Sub,11,255,0,0,0.2155929990112781,0.1524725947529077,6,2,0,0,0,0.2155929990112781,0.9290001671761274,0.5609337221831083
