player_id,player_name,season,team,position,games,time,goals,assists,xG,xA,shots,key_passes,yellow,red,npg,npxG,xGChain,xGBuildup
5973,Kenny Tete,2025,Fulham,DR,5,450,0,0,0.0885780528187751,0.0852464530616998,1,2,0,0,0,0.0885780528187751,0.552203606814146,0.4669571444392204
5973,Kenny Tete,2024,Fulham,DR,22,1790,0,2,1.595350006595254,0.6750296298414469,25,9,5,0,0,1.595350006595254,7.372500399127603,6.540642708539963
5973,Kenny Tete,2023,Fulham,DR,14,880,1,0,1.1781789623200891,0.1614780435338616,4,3,2,0,1,1.1781789623200891,1.8050313368439677,1.7335399203002453
5973,Kenny Tete,2022,Fulham,DR,31,2589,1,5,0.7199479946866632,2.3401720114052296,13,23,8,0,1,0.7199479946866632,6.948736446909607,4.787528486922383
5973,Kenny Tete,2020,Fulham,DR,22,1483,0,1,0.2111262995749712,0.9065475072711706,7,19,3,0,0,0.2111262995749712,3.743922509253025,2.7555710561573505
5973,Kenny Tete,2020,Lyon,Sub,1,18,0,0,0.0,0.0,0,0,0,0,0,0.0,0.0790164023637771,0.0790164023637771
5973,Kenny Tete,2019,Lyon,Sub,18,1055,0,1,0.6010745046660304,1.472311271354556,7,12,1,0,0,0.6010745046660304,4.352365309372544,3.683154610916972
5973,Kenny Tete,2018,Lyon,MR,13,1055,0,3,0.7557022906839848,1.818778732791543,8,19,1,0,0,0.7557022906839848,5.27754383161664,3.634616266936064
5973,Kenny Tete,2017,Lyon,Sub,22,1597,1,4,0.8887970298528671,2.6426528058946133,7,14,3,0,1,0.8887970298528671,5.888882007449865,5.072427477687597
