player_id,player_name,season,team,position,games,time,goals,assists,xG,xA,shots,key_passes,yellow,red,npg,npxG,xGChain,xGBuildup
10498,Kenneth Schmidt,2023,Freiburg,Sub,5,51,0,0,0.0122932633385062,0.1067321375012397,1,2,0,0,0,0.0122932633385062,0.1568934945389628,0.1264183558523655
10498,Kenneth Schmidt,2022,Freiburg,Sub,5,251,0,0,0.0,0.0,0,0,1,0,0,0.0,0.303751427680254,0.303751427680254
