player_id,player_name,season,team,position,games,time,goals,assists,xG,xA,shots,key_passes,yellow,red,npg,npxG,xGChain,xGBuildup
5273,Kerem Demirbay,2022,Bayer Leverkusen,AMC,25,1549,4,3,2.4878762275911868,2.874298401176929,31,32,5,0,4,2.4878762275911868,9.032792079262435,5.607281791046262
5273,Kerem Demirbay,2021,Bayer Leverkusen,AMC,29,2063,1,4,3.2530171014368534,3.89834200963378,37,46,10,0,0,1.737463105469942,10.268724205903707,8.193022813647985
5273,Kerem Demirbay,2020,Bayer Leverkusen,MC,29,1745,4,3,3.542001763358712,3.290906507521868,44,35,2,0,4,3.542001763358712,8.611821599304676,4.132405743002892
5273,Kerem Demirbay,2019,Bayer Leverkusen,FWL,25,1580,1,5,3.1821085903793573,4.525013342499733,30,41,2,1,1,3.1821085903793573,11.65563353523612,8.764033805578947
5273,Kerem Demirbay,2018,Hoffenheim,Sub,26,2029,4,9,3.756515891291201,9.051430858671663,59,80,6,0,4,3.756515891291201,16.878046300262213,12.13541680946946
5273,Kerem Demirbay,2017,Hoffenheim,MC,19,1205,2,2,2.049549352377653,2.291622783988714,23,31,3,0,1,1.291773149278015,5.467798791825771,3.5917985336855054
5273,Kerem Demirbay,2016,Hoffenheim,MC,28,2188,6,8,4.123179346323013,7.029915550723672,51,60,4,0,6,4.123179346323013,13.096707304939628,7.276779232546687
