player_id,player_name,season,team,position,games,time,goals,assists,xG,xA,shots,key_passes,yellow,red,npg,npxG,xGChain,xGBuildup
1903,Kevin Lasagna,2022,Verona,FW,26,1573,1,2,5.461292044725269,1.4358546994626522,52,17,2,0,1,5.461292044725269,7.121251796837896,1.3984330389648676
1903,Kevin Lasagna,2021,Verona,Sub,28,1151,2,4,4.082619896158576,2.256361113861203,39,15,1,0,2,4.082619896158576,6.622586751356721,1.104822295717895
1903,Kevin Lasagna,2020,Verona,Sub,19,1268,2,0,3.4666369762271643,2.292720679193735,30,14,0,0,2,3.4666369762271643,6.279576938599348,1.2340166997164488
1903,Kevin Lasagna,2020,Udinese,FW,17,1104,2,1,7.9082899279892445,0.974972192198038,42,11,1,0,2,7.9082899279892445,9.04673348646611,0.432857995852828
1903,Kevin Lasagna,2019,Udinese,FW,36,2578,10,1,10.628192365169523,2.2747020637616515,78,23,1,0,10,10.628192365169523,13.44550290890038,1.985532810911536
1903,Kevin Lasagna,2018,Udinese,FW,36,2447,6,2,8.61249412316829,2.1985628362745047,64,19,2,0,6,7.851196107454598,11.122790868394077,2.548658659681678
1903,Kevin Lasagna,2017,Udinese,FW,29,2159,12,1,13.01709595695138,0.6069352040067315,72,11,1,0,12,13.01709595695138,15.85169188492,2.6421421710401773
1903,Kevin Lasagna,2015,Carpi,FW,36,1441,5,2,4.217365125194192,2.032831989228725,44,23,1,0,5,4.217365125194192,6.484209157526493,0.6971576903015375
