player_id,player_name,season,team,position,games,time,goals,assists,xG,xA,shots,key_passes,yellow,red,npg,npxG,xGChain,xGBuildup
7058,Kevin Stöger,2025,Borussia M.Gladbach,AMC,6,318,0,0,0.6432477757334709,0.8884977279230952,5,11,0,0,0,0.6432477757334709,1.7124638352543116,0.8841777145862579
7058,Kevin Stöger,2024,Borussia M.Gladbach,AMC,31,1531,3,3,4.505672687664628,5.05398212838918,26,52,3,0,1,2.990119319409132,11.945396466180682,6.950540175661445
7058,Kevin Stöger,2023,Bochum,MC,32,2714,7,9,6.653226168826222,10.590811729431152,75,126,8,0,3,3.62211948633194,13.064226008951664,7.3393242647871375
7058,Kevin Stöger,2022,Bochum,DMC,32,2628,5,3,4.000088684260845,5.305860780179501,47,66,3,0,2,1.7267590463161469,10.61543259397149,6.861154751852155
7058,Kevin Stöger,2021,Mainz 05,Sub,23,357,1,1,1.2540068179368973,1.3713400913402438,16,14,3,0,1,1.2540068179368973,2.893176283687353,1.673353590071201
7058,Kevin Stöger,2020,Mainz 05,Sub,19,514,3,0,1.6995514379814267,1.0339438943192365,9,11,3,0,3,1.6995514379814267,3.896443411707878,1.5237307008355856
7058,Kevin Stöger,2019,Fortuna Duesseldorf,Sub,17,1269,0,4,0.6478034937754273,2.215027431026101,21,26,3,0,0,0.6478034937754273,5.222522310912609,3.613301166333258
7058,Kevin Stöger,2018,Fortuna Duesseldorf,AMC,25,2124,1,7,2.379443004727364,6.725920122116804,33,54,8,0,1,2.379443004727364,11.191890450194478,7.171975884586573
