player_id,player_name,season,team,position,games,time,goals,assists,xG,xA,shots,key_passes,yellow,red,npg,npxG,xGChain,xGBuildup
10819,Khalil Fayad,2024,Montpellier,Sub,20,1019,0,0,1.0423028054647148,0.2745409663766622,17,7,5,0,0,1.0423028054647148,2.9539879066869617,1.845834611915052
10819,Khalil Fayad,2023,Montpellier,Sub,23,1022,3,0,2.1196256168186665,0.9183327397331597,17,8,2,0,3,2.1196256168186665,2.4130981201305985,0.8853267254307866
10819,Khalil Fayad,2022,Montpellier,Sub,24,670,0,2,0.5512336976826191,1.1628549601882696,8,12,1,1,0,0.5512336976826191,2.234425200149417,1.4818214680999515
