player_id,player_name,season,team,position,games,time,goals,assists,xG,xA,shots,key_passes,yellow,red,npg,npxG,xGChain,xGBuildup
8089,Kieran Tierney,2024,Arsenal,Sub,13,227,1,0,0.9213433265686036,1.199159286916256,2,8,0,0,1,0.9213433265686036,1.968412023037672,0.9727844670414924
8089,Kieran Tierney,2023,Real Sociedad,DL,20,1255,0,2,0.1390082202851772,0.7988459318876266,2,8,1,0,0,0.1390082202851772,2.849950300529599,2.6930690556764603
8089,Kieran Tierney,2022,Arsenal,Sub,27,733,0,1,0.3038469729945063,0.2897520996630192,7,4,0,0,0,0.3038469729945063,3.40417211316526,2.8529709093272686
8089,Kieran Tierney,2021,Arsenal,DL,22,1926,1,3,0.6144815096631646,1.246632007881999,15,20,0,0,1,0.6144815096631646,6.7281964011490345,5.27379622682929
8089,Kieran Tierney,2020,Arsenal,DC,27,2305,1,3,0.3866765992715955,3.8238940481096506,15,31,4,0,1,0.3866765992715955,8.635928499512374,5.60839013569057
8089,Kieran Tierney,2019,Arsenal,DL,15,996,1,1,0.2283623944967985,0.7536174207925797,6,6,2,0,1,0.2283623944967985,2.8807710334658623,2.309806341305375
