player_id,player_name,season,team,position,games,time,goals,assists,xG,xA,shots,key_passes,yellow,red,npg,npxG,xGChain,xGBuildup
8687,Kiki Kouyate,2024,Montpellier,DC,11,754,0,0,0.4427997916936874,0.7085217833518982,8,1,4,1,0,0.4427997916936874,0.5840597907081246,0.5301698008552194
8687,Kiki Kouyate,2023,Montpellier,DC,23,1936,0,2,0.8520762994885445,1.5966659225523472,13,5,5,1,0,0.8520762994885445,2.321308160200715,2.102388048544526
8687,Kiki Kouyate,2022,Montpellier,DC,15,1264,0,0,0.7221267018467188,0.0552436988800764,11,2,5,0,0,0.7221267018467188,2.4380116052925587,2.411394005641341
8687,Kiki Kouyate,2021,Metz,DC,30,2668,1,0,1.8708831258118157,0.055647499859333,22,2,8,1,1,1.8708831258118157,3.164831534959376,2.6635400988161564
8687,Kiki Kouyate,2020,Metz,Sub,25,1958,1,0,1.225078335031867,0.1981092011556029,13,3,10,0,1,1.225078335031867,2.0856497222557664,1.863748618401587
