player_id,player_name,season,team,position,games,time,goals,assists,xG,xA,shots,key_passes,yellow,red,npg,npxG,xGChain,xGBuildup
9270,Kiliann Sildillia,2024,Freiburg,Sub,21,780,2,0,0.7514637820422649,1.0808508545160294,7,6,2,0,2,0.7514637820422649,3.192236214876175,2.1987045630812645
9270,Kiliann Sildillia,2023,Freiburg,Sub,27,1790,0,1,0.535849335603416,0.59051757119596,7,11,2,1,0,0.535849335603416,5.847707314416766,5.125430742278695
9270,Kiliann Sildillia,2022,Freiburg,DR,27,1978,0,2,0.7158408928662539,1.3326725186780095,10,10,2,1,0,0.7158408928662539,5.065217800438404,3.6133141480386257
9270,Kiliann Sildillia,2021,Freiburg,DMR,7,157,0,0,0.0,0.1814812049269676,0,2,1,0,0,0.0,0.6666654944419861,0.6666654944419861
