player_id,player_name,season,team,position,games,time,goals,assists,xG,xA,shots,key_passes,yellow,red,npg,npxG,xGChain,xGBuildup
10986,Kim Min-Jae,2025,Bayern Munich,Sub,3,93,0,1,0.0,0.3288537859916687,0,1,0,0,0,0.0,0.5841552168130875,0.2553014382719993
10986,Kim Min-Jae,2024,Bayern Munich,DC,27,2307,2,0,2.057914473116398,0.2642551548779011,7,6,2,0,2,2.057914473116398,18.283761721104383,18.164988350123167
10986,Kim Min-Jae,2023,Bayern Munich,DC,25,1969,1,1,1.0650094617158177,0.6361748464405537,10,8,3,0,1,1.0650094617158177,16.283293291926384,15.945324867963793
10986,Kim Min-Jae,2022,Napoli,DC,35,3070,2,2,1.666691727936268,1.8716905051842327,8,10,5,0,2,1.666691727936268,10.52649396751076,10.340098449960353
