player_id,player_name,season,team,position,games,time,goals,assists,xG,xA,shots,key_passes,yellow,red,npg,npxG,xGChain,xGBuildup
7796,Klaus Gjasula,2023,Darmstadt,DC,22,1361,0,0,0.7296396363526583,0.222535727545619,9,6,7,1,0,0.7296396363526583,4.124188588000834,3.7602720828726888
7796,Klaus Gjasula,2019,Paderborn,MC,29,2311,2,1,1.8893223674967885,1.2945232978090644,14,28,17,0,2,1.131707397289574,5.115803117863834,3.641682531684637
