player_id,player_name,season,team,position,games,time,goals,assists,xG,xA,shots,key_passes,yellow,red,npg,npxG,xGChain,xGBuildup
11798,Koffi Kouao,2025,Metz,DR,8,716,0,0,0.1862727105617523,0.3926204219460487,3,6,2,0,0,0.1862727105617523,0.975180545821786,0.5007719416171312
11798,Koffi Kouao,2023,Metz,DL,13,868,0,2,0.2393402745947241,1.3542440719902515,5,6,2,0,0,0.2393402745947241,2.6819926276803017,1.6917280554771423
