player_id,player_name,season,team,position,games,time,goals,assists,xG,xA,shots,key_passes,yellow,red,npg,npxG,xGChain,xGBuildup
9964,Koni de Winter,2025,AC Milan,Sub,4,74,0,0,0.012764005921781,0.0,1,0,0,0,0,0.012764005921781,0.5438873767852783,0.5438873767852783
9964,Koni de Winter,2024,Genoa,DC,25,2132,3,0,2.767489257268608,0.2700792625546455,13,3,6,0,3,2.767489257268608,6.329930320382118,6.263988450169563
9964,Koni de Winter,2023,Genoa,DR,29,2383,0,1,0.5454128971323371,0.903245024383068,11,5,6,1,0,0.5454128971323371,3.991287388838828,3.682261490263045
9964,Koni de Winter,2022,Empoli,Sub,14,1019,0,0,0.0,0.0832784008234739,0,2,3,0,0,0.0,0.4806388989090919,0.4806388989090919
