player_id,player_name,season,team,position,games,time,goals,assists,xG,xA,shots,key_passes,yellow,red,npg,npxG,xGChain,xGBuildup
13063,Konstantinos Koulierakis,2025,Wolfsburg,DC,7,630,0,0,1.3877479135990145,0.105880388058722,10,2,1,0,0,1.3877479135990145,1.7385139130055904,1.661554491147399
13063,Konstantinos Koulierakis,2024,Wolfsburg,Sub,30,2478,0,2,1.091104881837964,1.2700119502842426,22,10,4,0,0,1.091104881837964,6.415782926604152,6.07377159036696
