player_id,player_name,season,team,position,games,time,goals,assists,xG,xA,shots,key_passes,yellow,red,npg,npxG,xGChain,xGBuildup
8852,Konstantinos Tsimikas,2025,Roma,Sub,3,105,0,0,0.0,0.0,0,0,1,0,0,0.0,0.7761662602424622,0.7761662602424622
8852,Konstantinos Tsimikas,2024,Liverpool,Sub,18,819,0,1,0.5641818605363369,2.597917679697275,4,16,2,0,0,0.5641818605363369,7.063847681507468,5.982297686859965
8852,Konstantinos Tsimikas,2023,Liverpool,Sub,13,667,0,3,0.0927343983203172,1.1678164629265666,3,16,0,0,0,0.0927343983203172,2.015436552464962,1.7746542319655418
8852,Konstantinos Tsimikas,2022,Liverpool,Sub,20,754,0,4,0.6083908993750811,1.3976509422063828,7,18,3,0,0,0.6083908993750811,3.379533653147518,2.681559449993074
8852,Konstantinos Tsimikas,2021,Liverpool,DL,13,866,0,2,0.6705739852041006,2.1310061253607278,8,25,3,0,0,0.6705739852041006,6.504660248756409,5.575182115659118
8852,Konstantinos Tsimikas,2020,Liverpool,Sub,2,4,0,0,0.0,0.0,0,0,0,0,0,0.0,0.0,0.0
