player_id,player_name,season,team,position,games,time,goals,assists,xG,xA,shots,key_passes,yellow,red,npg,npxG,xGChain,xGBuildup
7092,Koray Günter,2022,Verona,DC,13,1003,1,1,0.7856802986934781,0.7773812161758542,9,8,3,0,1,0.7856802986934781,1.5124042965471745,1.3551014997065067
7092,Koray Günter,2022,Sampdoria,Sub,10,776,0,0,0.0354575589299202,0.0660130577161908,1,2,2,0,0,0.0354575589299202,0.8429803662002087,0.7889673672616482
7092,Koray Günter,2021,Verona,DC,30,2422,0,0,0.2319202991202473,0.7994436770677567,6,7,11,0,0,0.2319202991202473,5.924870283342898,5.7795066917315125
7092,Koray Günter,2020,Verona,DC,27,1780,0,2,0.213345406576991,0.7406258173286915,6,6,4,0,0,0.213345406576991,4.777397189289331,4.640501705929637
7092,Koray Günter,2019,Verona,Sub,32,2740,0,0,0.1509816981852054,0.0450516985729336,6,2,7,0,0,0.1509816981852054,6.281711389310658,6.222310495562851
7092,Koray Günter,2018,Genoa,Sub,14,824,0,0,0.1373534984886646,0.5377517119050026,3,6,1,0,0,0.1373534984886646,1.3788264989852903,0.967419806867838
