player_id,player_name,season,team,position,games,time,goals,assists,xG,xA,shots,key_passes,yellow,red,npg,npxG,xGChain,xGBuildup
9677,Kristoffer Ajer,2025,Brentford,Sub,5,198,0,1,0.2774538770318031,0.6487218737602234,4,1,0,0,0,0.2774538770318031,0.9996836986392736,0.1604161169379949
9677,Kristoffer Ajer,2024,Brentford,DL,24,1450,0,0,1.142456667497754,1.4724152060225606,9,9,5,0,0,1.142456667497754,4.822844059206545,2.9706503534689546
9677,Kristoffer Ajer,2023,Brentford,DC,28,1845,2,1,1.4675675723701715,2.600812576711178,12,12,5,0,2,1.4675675723701715,5.710211778059602,3.668103391304612
9677,Kristoffer Ajer,2022,Brentford,DC,9,781,0,0,0.023081500083208,0.0165113992989063,1,1,0,0,0,0.023081500083208,1.5337861999869349,1.5337861999869349
9677,Kristoffer Ajer,2021,Brentford,DC,24,2012,1,3,1.0655757747590542,2.2111876308918,7,8,5,0,1,1.0655757747590542,5.553348563611507,3.8359059505164623
