player_id,player_name,season,team,position,games,time,goals,assists,xG,xA,shots,key_passes,yellow,red,npg,npxG,xGChain,xGBuildup
8309,Kristoffer Askildsen,2022,Lecce,Sub,21,710,0,0,0.4141448391601443,0.5065091382712126,10,7,3,0,0,0.4141448391601443,1.502536976709962,1.1428260076791048
8309,Kristoffer Askildsen,2021,Sampdoria,Sub,19,746,0,0,0.3338443078100681,0.127532497048378,8,2,5,0,0,0.3338443078100681,1.82129380106926,1.560652006417513
8309,Kristoffer Askildsen,2020,Sampdoria,Sub,6,83,0,0,0.0114770997315645,0.0,1,0,2,0,0,0.0114770997315645,0.165435092523694,0.1539579927921295
8309,Kristoffer Askildsen,2019,Sampdoria,Sub,4,62,1,0,0.0105907004326581,0.1491280049085617,1,2,0,1,1,0.0105907004326581,0.2956551946699619,0.1359364967793226
