player_id,player_name,season,team,position,games,time,goals,assists,xG,xA,shots,key_passes,yellow,red,npg,npxG,xGChain,xGBuildup
9670,Léo Leroy,2023,Montpellier,Sub,21,439,0,1,0.8237765040248632,0.3570748129859566,7,4,3,0,0,0.8237765040248632,2.770360761322081,1.9842935791239145
9670,Léo Leroy,2022,Montpellier,Sub,27,1206,0,0,0.9947666022926568,1.0877678226679564,18,11,7,0,0,0.9947666022926568,5.512498332187533,4.055705571547151
9670,Léo Leroy,2021,Montpellier,Sub,24,604,0,0,0.175660103559494,0.132705801166594,8,4,3,0,0,0.175660103559494,0.5284484997391701,0.250509899109602
