player_id,player_name,season,team,position,games,time,goals,assists,xG,xA,shots,key_passes,yellow,red,npg,npxG,xGChain,xGBuildup
12721,Ladislav Krejcí,2025,Wolverhampton Wanderers,MC,5,450,1,0,0.5135210212320089,0.1748565677553415,5,4,1,0,1,0.5135210212320089,1.201287865638733,0.6026908103376627
12721,Ladislav Krejcí,2025,Girona,DC,2,180,0,0,0.1215347275137901,0.0,1,0,1,0,0,0.1215347275137901,0.1134412828832864,0.1134412828832864
12721,Ladislav Krejcí,2024,Girona,Sub,28,2436,2,0,1.6796669187024236,0.3311499524861574,18,8,9,0,2,1.6796669187024236,5.476491022855043,5.12742255628109
