player_id,player_name,season,team,position,games,time,goals,assists,xG,xA,shots,key_passes,yellow,red,npg,npxG,xGChain,xGBuildup
7913,Lamine Fomba,2024,Saint-Etienne,Sub,7,214,0,0,0.0187296755611896,0.2911641299724579,1,1,2,0,0,0.0187296755611896,0.56601133197546,0.2561175152659416
7913,Lamine Fomba,2020,Nimes,Sub,32,2176,1,1,2.7785299737006426,1.011669086292386,24,18,8,0,1,2.7785299737006426,6.236221509054303,3.836894202977419
7913,Lamine Fomba,2019,Nimes,MC,20,1363,0,0,1.4358474873006344,0.4967184951528907,14,10,5,0,0,1.4358474873006344,2.810177991166711,1.201357988640666
