player_id,player_name,season,team,position,games,time,goals,assists,xG,xA,shots,key_passes,yellow,red,npg,npxG,xGChain,xGBuildup
11799,Lamine Camara,2025,Monaco,DMC,5,339,0,3,0.1726693883538246,2.0300441533327103,4,9,1,0,0,0.1726693883538246,2.0708685368299484,0.8482017070055008
11799,Lamine Camara,2024,Monaco,MC,29,2104,2,7,2.2444400172680616,4.86440384760499,25,45,8,1,2,2.2444400172680616,12.08375416137278,8.655269239097834
11799,Lamine Camara,2023,Metz,AMC,31,2277,1,4,1.8555652080103755,3.5246365256607533,30,40,3,0,1,1.0954700885340571,4.857310733757913,3.607345405034721
