player_id,player_name,season,team,position,games,time,goals,assists,xG,xA,shots,key_passes,yellow,red,npg,npxG,xGChain,xGBuildup
13612,Lanroy Machine,2025,Angers,Sub,7,95,0,0,0.4896419867873192,0,7,0,0,0,0,0.4896419867873192,0.7869907096028328,0.2973487228155136
13612,Lanroy Machine,2024,Angers,Sub,2,6,0,0,0.0537509582936763,0,1,0,0,0,0,0.0537509582936763,0.0537509582936763,0.0
