player_id,player_name,season,team,position,games,time,goals,assists,xG,xA,shots,key_passes,yellow,red,npg,npxG,xGChain,xGBuildup
12826,Lasso Coulibaly,2025,Auxerre,Sub,6,92,0,0,0.0,0.0,0,0,0,0,0,0.0,0.0269059855490922,0.0269059855490922
12826,Lasso Coulibaly,2024,Auxerre,Sub,3,38,1,0,0.2818722389638424,0.0666709840297699,3,1,0,0,1,0.2818722389638424,0.3658285848796367,0.0839563384652137
