player_id,player_name,season,team,position,games,time,goals,assists,xG,xA,shots,key_passes,yellow,red,npg,npxG,xGChain,xGBuildup
10815,Lassine Sinayoko,2025,Auxerre,FW,8,680,3,1,2.623966068029404,1.3351726345717907,18,9,1,0,2,1.863870978355408,3.752495482563973,1.3550198022276163
10815,Lassine Sinayoko,2024,Auxerre,ML,34,2305,5,8,7.12538929656148,5.429220663383603,61,37,5,0,4,6.365294177085161,14.517525039613249,5.770257687196136
10815,Lassine Sinayoko,2022,Auxerre,Sub,33,1570,1,2,3.733657949604094,1.8229291327297688,42,23,0,1,1,3.733657949604094,6.388650042936206,2.218183352611959
