player_id,player_name,season,team,position,games,time,goals,assists,xG,xA,shots,key_passes,yellow,red,npg,npxG,xGChain,xGBuildup
4882,Laurent Abergel,2025,Lorient,MC,8,720,0,0,0.4045700328424573,0.2805012427270412,7,5,3,0,0,0.4045700328424573,2.502213690429926,2.316908933222294
4882,Laurent Abergel,2023,Lorient,MC,33,2863,2,1,0.9182511237449944,2.0591473784297705,26,31,4,0,2,0.9182511237449944,10.164760626852512,8.12498695217073
4882,Laurent Abergel,2022,Lorient,MC,29,2355,0,1,0.4392832014709711,1.2662980891764164,13,14,5,1,0,0.4392832014709711,7.60255316644907,6.430599004030228
4882,Laurent Abergel,2021,Lorient,MC,34,2971,0,2,1.6437224075198174,2.4843256939202547,30,34,9,0,0,1.6437224075198174,8.543829242698848,5.753406216390431
4882,Laurent Abergel,2020,Lorient,Sub,38,2977,3,1,1.3084570290520787,1.7729411898180842,29,20,5,0,3,1.3084570290520787,8.369093925692141,6.1509562293067575
