player_id,player_name,season,team,position,games,time,goals,assists,xG,xA,shots,key_passes,yellow,red,npg,npxG,xGChain,xGBuildup
12341,Lautaro Giannetti,2024,Udinese,DC,15,892,1,0,0.0769269755110144,0.0951495468616485,2,2,4,0,1,0.0769269755110144,0.6581898517906666,0.5630403058603406
12341,Lautaro Giannetti,2023,Udinese,DC,7,630,1,0,1.0422063767910004,0.0907661467790603,3,1,4,0,1,1.0422063767910004,2.331788755953312,2.331788755953312
