player_id,player_name,season,team,position,games,time,goals,assists,xG,xA,shots,key_passes,yellow,red,npg,npxG,xGChain,xGBuildup
8967,Lautaro Valenti,2025,Parma Calcio 1913,DC,3,228,0,0,0.0306705217808485,0.0552832819521427,2,1,1,0,0,0.0306705217808485,0.7571352440863848,0.6711814403533936
8967,Lautaro Valenti,2024,Parma Calcio 1913,Sub,20,1559,1,0,0.1997213764116168,0.1470062136650085,7,4,4,1,1,0.1997213764116168,3.46219614520669,3.351312763988972
8967,Lautaro Valenti,2020,Parma Calcio 1913,Sub,11,495,0,0,0.1007395992055535,0.0176577996462583,4,1,0,0,0,0.1007395992055535,1.7206192910671234,1.6574486903846264
