player_id,player_name,season,team,position,games,time,goals,assists,xG,xA,shots,key_passes,yellow,red,npg,npxG,xGChain,xGBuildup
7236,Leander Dendoncker,2025,Real Oviedo,MC,8,714,1,0,0.3195981830358505,0.4225592985749244,5,6,2,0,1,0.3195981830358505,1.2291599866002798,0.6281318347901106
7236,Leander Dendoncker,2023,Aston Villa,Sub,8,117,1,0,0.8101427890360355,0.0,2,0,0,0,1,0.8101427890360355,0.636492345482111,0.5911310315132141
7236,Leander Dendoncker,2023,Napoli,Sub,3,16,0,0,0.0242284890264272,0.0,1,0,0,0,0,0.0242284890264272,0.1002070531249046,0.1002070531249046
7236,Leander Dendoncker,2022,Aston Villa,Sub,20,677,0,0,0.0625204015523195,0.636324692517519,2,5,0,0,0,0.0625204015523195,2.295296370983124,2.178214680403471
7236,Leander Dendoncker,2022,Wolverhampton Wanderers,DMC,4,211,0,0,0.5236700177192688,0.0287635996937751,3,2,0,0,0,0.5236700177192688,1.0831683799624443,0.6189030017703772
7236,Leander Dendoncker,2021,Wolverhampton Wanderers,Sub,30,1941,2,2,2.4547893097624183,0.9651257283985616,23,11,4,0,2,2.4547893097624183,5.346121789887548,3.243610193952918
7236,Leander Dendoncker,2020,Wolverhampton Wanderers,MC,33,2500,1,0,3.3815979287028317,0.5813325960189104,31,17,4,0,1,3.3815979287028317,8.177474899217486,5.363242764025927
7236,Leander Dendoncker,2019,Wolverhampton Wanderers,MC,38,2793,4,0,2.638044427614659,0.7169406125321984,20,9,5,0,4,2.638044427614659,9.559086433146147,8.402886467054486
7236,Leander Dendoncker,2018,Wolverhampton Wanderers,Sub,19,1474,2,0,4.165364554151893,1.2851574923843143,17,7,1,0,2,4.165364554151893,6.670169539749622,3.1572436466813087
