player_id,player_name,season,team,position,games,time,goals,assists,xG,xA,shots,key_passes,yellow,red,npg,npxG,xGChain,xGBuildup
7109,Leandro Barreiro Martins,2023,Mainz 05,MC,31,2600,4,1,5.028050007298589,1.380755132995546,38,20,8,0,4,5.028050007298589,10.784912591800094,5.83985104970634
7109,Leandro Barreiro Martins,2022,Mainz 05,Sub,31,2161,4,3,4.256420814432204,2.5344324819743638,31,16,5,0,4,4.256420814432204,8.905741119757295,4.254139814525843
7109,Leandro Barreiro Martins,2021,Mainz 05,MC,31,1796,1,2,2.4234909806400537,1.2663136795163157,32,13,3,0,1,2.4234909806400537,7.395055461674929,3.9946337193250656
7109,Leandro Barreiro Martins,2020,Mainz 05,DMC,29,2325,2,2,4.806379362940788,2.341297250241041,33,19,5,0,2,4.806379362940788,11.087319895625114,4.184132680296898
7109,Leandro Barreiro Martins,2019,Mainz 05,Sub,18,941,0,2,0.4209354035556316,0.2481081001460552,8,6,4,0,0,0.4209354035556316,2.324734006077051,1.7909852247685194
7109,Leandro Barreiro Martins,2018,Mainz 05,MC,1,90,0,0,0.0138798998668789,0.1398559957742691,1,1,1,0,0,0.0138798998668789,0.2950719892978668,0.1552149951457977
