player_id,player_name,season,team,position,games,time,goals,assists,xG,xA,shots,key_passes,yellow,red,npg,npxG,xGChain,xGBuildup
5800,Lebo Mothiba,2023,Strasbourg,FW,15,597,3,0,5.460810614749789,0.1876826770603656,16,5,0,0,3,5.460810614749789,5.827408976852894,0.3450762145221233
5800,Lebo Mothiba,2022,Strasbourg,Sub,19,391,3,0,1.6231113821268082,0.084179401397705,9,1,0,0,3,1.6231113821268082,1.6544379889965055,0.06043216958642
5800,Lebo Mothiba,2021,Troyes,Sub,13,524,2,0,2.002195909619332,0.3564190957695246,6,6,1,0,1,1.2421009093523026,1.78867750428617,0.5731258727610111
5800,Lebo Mothiba,2021,Strasbourg,Sub,1,1,0,0,0.0,0.0,0,0,0,0,0,0.0,0.0,0.0
5800,Lebo Mothiba,2019,Strasbourg,Sub,21,1045,4,3,5.592850269749761,1.6470049023628237,28,10,0,0,4,5.592850269749761,8.072334760800004,1.4172462113201618
5800,Lebo Mothiba,2018,Strasbourg,Sub,32,1763,9,2,7.262923005968332,1.4704474015161395,35,15,3,0,8,6.502828005701304,8.354237316176295,1.5617920020595193
5800,Lebo Mothiba,2018,Lille,FW,3,256,1,0,0.0778530985116958,0.0945771001279354,1,2,0,0,1,0.0778530985116958,0.2936505004763603,0.1212207023054361
5800,Lebo Mothiba,2017,Lille,FW,14,1195,5,0,4.123101733624935,0.8429052159190178,22,13,1,0,5,4.123101733624935,5.265218302607536,1.2337585175409913
