player_id,player_name,season,team,position,games,time,goals,assists,xG,xA,shots,key_passes,yellow,red,npg,npxG,xGChain,xGBuildup
7486,Leonardo Balerdi,2025,Marseille,DC,7,563,0,0,1.010404393076897,0.0518288388848304,7,1,2,0,0,1.010404393076897,3.835961763747037,3.775493507273495
7486,Leonardo Balerdi,2024,Marseille,DC,27,2278,0,0,1.4392217164859176,0.4985409192740917,15,8,7,1,0,1.4392217164859176,16.083826947957277,15.257941201329231
7486,Leonardo Balerdi,2023,Marseille,DC,27,2286,2,0,1.5898108915425837,0.1449104994535446,14,5,4,1,2,1.5898108915425837,8.152847118675709,7.985097009688616
7486,Leonardo Balerdi,2022,Marseille,DC,35,2639,0,1,0.9140943493694068,0.1501996302977204,11,5,9,1,0,0.9140943493694068,10.030448328703642,9.844416320323944
7486,Leonardo Balerdi,2021,Marseille,DC,17,946,0,0,0.1014383025467395,0.0362286008894443,2,1,4,1,0,0.1014383025467395,3.35867545939982,3.322446459904313
7486,Leonardo Balerdi,2020,Marseille,DC,21,1638,2,0,3.0975060928612947,0.0260846000164747,13,1,6,1,2,3.0975060928612947,3.87935097143054,3.7848509959876537
7486,Leonardo Balerdi,2019,Borussia Dortmund,Sub,7,125,0,0,0.0,0.0,0,0,1,0,0,0.0,0.1419423967599868,0.1419423967599868
