player_id,player_name,season,team,position,games,time,goals,assists,xG,xA,shots,key_passes,yellow,red,npg,npxG,xGChain,xGBuildup
10805,Levi Colwill,2024,Chelsea,DC,35,3150,2,1,2.4856121446937323,1.066227382980287,17,12,9,0,2,2.4856121446937323,15.162668526172638,13.843638241291046
10805,Levi Colwill,2023,Chelsea,DC,23,1813,1,1,0.7760256305336952,1.2379922457039356,11,7,2,0,1,0.7760256305336952,8.106331346556544,7.155624521896243
10805,Levi Colwill,2022,Brighton,Sub,17,1213,0,2,1.5830463785678148,0.6098756808787584,8,7,1,0,0,1.5830463785678148,5.231132447719574,4.788313198834658
