player_id,player_name,season,team,position,games,time,goals,assists,xG,xA,shots,key_passes,yellow,red,npg,npxG,xGChain,xGBuildup
11039,Lewis Ferguson,2025,Bologna,MC,4,283,0,0,0.2489513233304023,0.3820550143718719,4,1,1,0,0,0.2489513233304023,0.7058685533702374,0.5011949744075537
11039,Lewis Ferguson,2024,Bologna,Sub,16,974,1,1,0.948494052514434,1.5487658977508545,6,14,0,0,0,0.1871952172368765,5.328851531259716,3.822157620452344
11039,Lewis Ferguson,2023,Bologna,MC,31,2725,6,3,6.609099584631622,3.129140879958868,60,33,8,0,6,6.609099584631622,14.55499241221696,7.731563315726817
11039,Lewis Ferguson,2022,Bologna,Sub,32,2340,7,0,4.275031054392457,0.8662050403654575,43,17,4,0,7,4.275031054392457,7.4421565849334,4.644125227816403
