player_id,player_name,season,team,position,games,time,goals,assists,xG,xA,shots,key_passes,yellow,red,npg,npxG,xGChain,xGBuildup
11386,Lewis Miley,2025,Newcastle United,Sub,6,196,0,1,0.0353293567895889,0.2582042589783668,1,4,0,0,0,0.0353293567895889,0.585319384932518,0.5089981779456139
11386,Lewis Miley,2024,Newcastle United,Sub,14,274,1,0,0.2039504423737526,0.0893867462873458,3,1,0,0,1,0.2039504423737526,1.0136461164802313,0.8299028035253286
11386,Lewis Miley,2023,Newcastle United,MC,17,1223,1,3,1.1169020980596542,1.546121459454298,13,12,1,0,1,1.1169020980596542,6.223425015807152,4.03523076325655
11386,Lewis Miley,2022,Newcastle United,Sub,1,10,0,0,0.0640049427747726,0.0,1,0,0,0,0,0.0640049427747726,0.0640049427747726,0.0
