player_id,player_name,season,team,position,games,time,goals,assists,xG,xA,shots,key_passes,yellow,red,npg,npxG,xGChain,xGBuildup
10216,Lewis Hall,2025,Newcastle United,Sub,3,123,0,0,0.0220845080912113,0.0,1,0,0,0,0,0.0220845080912113,0.0220845080912113,0.0
10216,Lewis Hall,2024,Newcastle United,DL,27,2200,0,4,0.5363848507404327,3.951083693653345,11,33,3,0,0,0.5363848507404327,12.689174748957155,10.644899234175682
10216,Lewis Hall,2023,Newcastle United,Sub,18,748,1,0,0.4160314388573169,0.301099419593811,11,3,2,0,1,0.4160314388573169,6.00943548977375,5.44678489677608
10216,Lewis Hall,2022,Chelsea,DML,9,669,0,0,0.9621372651308776,2.483380403369665,11,15,1,0,0,0.9621372651308776,4.236596934497356,2.1478421427309518
