player_id,player_name,season,team,position,games,time,goals,assists,xG,xA,shots,key_passes,yellow,red,npg,npxG,xGChain,xGBuildup
169,Lewis Holtby,2024,Holstein Kiel,MC,24,1155,0,1,0.8447289383038878,2.0110023748129606,7,20,1,1,0,0.8447289383038878,6.485551903955638,5.228207517415285
169,Lewis Holtby,2017,Hamburger SV,Sub,16,1199,6,0,3.401725602336228,0.8449741080403328,22,14,1,0,6,3.401725602336228,5.634720783680677,2.0616860948503017
169,Lewis Holtby,2016,Hamburger SV,DMC,29,2421,1,6,1.8933923784643407,4.152202534489334,28,33,4,1,1,1.8933923784643407,10.372501622885466,5.324926326051354
169,Lewis Holtby,2015,Hamburger SV,MC,34,2916,3,2,2.8854949083179235,4.145373215898871,32,44,4,0,3,2.8854949083179235,9.24617626145482,5.606674512848258
169,Lewis Holtby,2014,Hamburger SV,DMC,22,1585,0,2,0.9473642958328128,2.323578323237598,21,24,5,0,0,0.9473642958328128,5.614886864088476,3.66224358137697
169,Lewis Holtby,2014,Tottenham,Sub,1,28,0,0,0.0457900986075401,0.0,1,0,0,0,0,0.0457900986075401,0.7009310126304626,0.6551409959793091
