player_id,player_name,season,team,position,games,time,goals,assists,xG,xA,shots,key_passes,yellow,red,npg,npxG,xGChain,xGBuildup
6048,Lewis Dunk,2025,Brighton,DC,8,720,0,0,0.2709345575422048,0.0301774106919765,7,1,3,0,0,0.2709345575422048,2.501373514533043,2.501373514533043
6048,Lewis Dunk,2024,Brighton,DC,25,2083,0,0,1.1070273127406836,0.5168026331812143,12,5,5,0,0,1.1070273127406836,10.19734975323081,10.102785553783178
6048,Lewis Dunk,2023,Brighton,DC,33,2895,3,1,2.9649088978767395,1.1697372319176793,34,13,7,1,3,2.9649088978767395,13.593212680891156,13.529502967372537
6048,Lewis Dunk,2022,Brighton,DC,36,3240,1,0,2.040725097060204,0.8655232125893235,22,9,4,0,1,2.040725097060204,14.347089774906635,14.096927545964718
6048,Lewis Dunk,2021,Brighton,DC,29,2574,1,0,1.4920963048934937,0.4055808009579777,19,3,3,1,1,1.4920963048934937,6.847901510074735,6.832657502964139
6048,Lewis Dunk,2020,Brighton,DC,33,2934,5,0,2.709075659513473,0.8306384868919849,32,10,5,2,5,2.709075659513473,8.376231810078025,7.971444236114621
6048,Lewis Dunk,2019,Brighton,DC,36,3233,3,3,3.7192770410329103,1.263423195108771,31,14,9,0,3,3.7192770410329103,8.553323849104345,8.34768467117101
6048,Lewis Dunk,2018,Brighton,DC,36,3154,2,1,1.7627595756202936,0.7536890767514706,20,11,5,1,2,1.7627595756202936,3.739642783068121,3.523732009343803
6048,Lewis Dunk,2017,Brighton,DC,38,3420,1,1,3.159659122116864,1.3649564906954763,27,11,7,0,1,3.159659122116864,3.4880324164405465,3.0344476150348783
