player_id,player_name,season,team,position,games,time,goals,assists,xG,xA,shots,key_passes,yellow,red,npg,npxG,xGChain,xGBuildup
11294,Lilian Raolisoa,2025,Angers,DMR,7,494,0,1,0.0884936563670635,1.0361186116933825,2,8,0,0,0,0.0884936563670635,2.207788400352001,1.2181206196546557
11294,Lilian Raolisoa,2024,Angers,Sub,29,1303,0,3,0.7193387225270271,2.220577195286751,14,15,1,2,0,0.7193387225270271,4.16938048787415,2.54784245043993
11294,Lilian Raolisoa,2022,Angers,Sub,7,156,1,0,0.1061016581952571,0.6340882442891598,3,3,0,0,1,0.1061016581952571,0.8726764470338821,0.4322080537676811
