player_id,player_name,season,team,position,games,time,goals,assists,xG,xA,shots,key_passes,yellow,red,npg,npxG,xGChain,xGBuildup
8029,Lisandro Magallán,2022,Elche,Sub,14,911,0,0,0.6866988390684128,0.1502538360655307,6,2,0,1,0,0.6866988390684128,1.7859338382259011,1.6845378438010812
8029,Lisandro Magallán,2020,Crotone,DC,28,2192,1,2,0.8408093214966357,0.3478552978485822,8,9,10,0,1,0.8408093214966357,4.786471351981163,4.12426027841866
8029,Lisandro Magallán,2019,Alaves,DC,16,1196,1,1,1.017776851542294,0.3868637979030609,6,4,4,0,1,1.017776851542294,0.8636525934562087,0.7839126996695995
