player_id,player_name,season,team,position,games,time,goals,assists,xG,xA,shots,key_passes,yellow,red,npg,npxG,xGChain,xGBuildup
11787,Loïc Négo,2025,Le Havre,DR,7,620,0,0,0.1099253725260496,0.519074740819633,7,4,0,0,0,0.1099253725260496,1.5280410945415497,1.192132830619812
11787,Loïc Négo,2024,Le Havre,DR,31,2473,0,0,0.49317517131567,0.6734980046749115,12,12,4,0,0,0.49317517131567,8.307339046150446,7.502250701189041
11787,Loïc Négo,2023,Le Havre,DR,28,1583,0,3,1.3509439853951335,1.166723372414708,18,13,2,0,0,1.3509439853951335,4.848459834232926,2.488972395658493
