player_id,player_name,season,team,position,games,time,goals,assists,xG,xA,shots,key_passes,yellow,red,npg,npxG,xGChain,xGBuildup
10832,Loïs Openda,2025,Juventus,Sub,4,134,0,0,0.1401975741609931,0.0140382684767246,4,1,0,0,0,0.1401975741609931,0.1569742485880851,0.0491704391315579
10832,Loïs Openda,2025,RasenBallsport Leipzig,FW,2,54,0,0,0.1550452373921871,0.0519096367061138,3,1,0,0,0,0.1550452373921871,0.5808013305068016,0.5808013305068016
10832,Loïs Openda,2024,RasenBallsport Leipzig,FW,33,2489,9,5,10.03450933098793,3.765269065275788,78,28,3,1,9,9.27673265337944,15.741462273523211,4.010902209207416
10832,Loïs Openda,2023,RasenBallsport Leipzig,FW,34,2772,24,7,24.74329467304051,6.524221880361438,120,36,4,0,22,22.469964699819684,29.7026682253927,4.370127652771771
10832,Loïs Openda,2022,Lens,FW,38,2564,21,4,18.988100608810782,5.77396771684289,103,24,2,0,20,18.228005489334464,24.04535267688334,3.765678361058235
