player_id,player_name,season,team,position,games,time,goals,assists,xG,xA,shots,key_passes,yellow,red,npg,npxG,xGChain,xGBuildup
5623,Lois Diony,2024,Angers,Sub,1,17,0,0,0.0,0.0,0,0,0,0,0,0.0,0.0,0.0
5623,Lois Diony,2022,Angers,FW,11,496,2,0,2.4332307409495115,0.2048311978578567,12,5,1,0,2,2.4332307409495115,3.2867541015148163,1.1905785202980042
5623,Lois Diony,2020,Angers,Sub,36,1759,5,1,4.399786707945168,1.9108683932572603,29,17,2,0,4,3.639692013151944,7.040852685458958,1.7831389904022217
5623,Lois Diony,2019,Saint-Etienne,Sub,12,669,2,0,1.4178588297218084,0.2557058967649936,15,6,1,0,2,1.4178588297218084,1.2954104039818048,0.3981294091790914
5623,Lois Diony,2018,Saint-Etienne,FW,30,1599,5,1,7.935566373169422,1.793509516865015,39,19,3,0,5,7.935566373169422,9.51010081730783,1.8741922173649077
5623,Lois Diony,2017,Saint-Etienne,Sub,16,939,0,0,0.8597848974168301,0.2748974971473217,16,5,0,0,0,0.8597848974168301,1.701434267684817,0.8065835069864988
5623,Lois Diony,2016,Dijon,Sub,35,2821,11,8,5.769297245889902,6.39599845930934,58,51,2,1,11,5.009202461689711,11.892987607046962,2.7220396110787988
