player_id,player_name,season,team,position,games,time,goals,assists,xG,xA,shots,key_passes,yellow,red,npg,npxG,xGChain,xGBuildup
8973,Lorenz Assignon,2025,VfB Stuttgart,Sub,5,281,0,0,0.3860158501192927,0.3542279899120331,6,2,0,0,0,0.3860158501192927,1.845472276210785,1.3195189535617828
8973,Lorenz Assignon,2024,Rennes,DR,32,2378,3,4,2.9051220044493675,3.9293824322521687,22,29,9,0,3,2.9051220044493675,11.943673314526675,7.465679798275232
8973,Lorenz Assignon,2023,Burnley,DR,15,1249,1,2,0.4085904136300087,2.075187735259533,9,13,3,1,1,0.4085904136300087,3.949996647424996,3.191625501960516
8973,Lorenz Assignon,2023,Rennes,DR,14,1010,1,1,0.4635073374956846,1.762451134622097,11,20,4,0,1,0.4635073374956846,5.592971339821816,4.568631023168564
8973,Lorenz Assignon,2022,Rennes,DR,12,240,0,1,0.627483993768692,0.6877081021666527,2,2,3,0,0,0.627483993768692,1.845249880105257,1.2177663892507553
8973,Lorenz Assignon,2021,Rennes,Sub,20,581,0,2,0.8529922813177109,1.367770112119615,6,7,0,0,0,0.8529922813177109,5.189007832668722,3.2208477845415477
