player_id,player_name,season,team,position,games,time,goals,assists,xG,xA,shots,key_passes,yellow,red,npg,npxG,xGChain,xGBuildup
6191,Lorenzo Venuti,2023,Lecce,DR,14,353,0,0,0.0804341249167919,0.2839142382144928,3,5,1,0,0,0.0804341249167919,1.9130821488797665,1.5487337820231917
6191,Lorenzo Venuti,2022,Fiorentina,DR,17,931,0,1,0.5875107198953629,0.4400019682943821,7,8,2,0,0,0.5875107198953629,2.3133576307445765,1.4372521732002497
6191,Lorenzo Venuti,2021,Fiorentina,DR,23,1589,0,0,0.2136179003864526,0.3296801056712866,7,8,4,0,0,0.2136179003864526,4.044431060552597,3.682244658470154
6191,Lorenzo Venuti,2020,Fiorentina,Sub,28,1764,0,1,0.2181452959775924,2.109283024445176,4,15,3,0,0,0.2181452959775924,4.699141461402178,2.73873389326036
6191,Lorenzo Venuti,2019,Fiorentina,DL,16,858,0,1,0.2237191963940858,0.6107245162129402,4,8,4,0,0,0.2237191963940858,2.6941479351371527,2.3704961659386754
6191,Lorenzo Venuti,2017,Benevento,DR,31,2382,0,1,0.5487736016511917,2.3613923750817776,5,20,4,0,0,0.5487736016511917,5.349895400926471,3.20109299197793
