player_id,player_name,season,team,position,games,time,goals,assists,xG,xA,shots,key_passes,yellow,red,npg,npxG,xGChain,xGBuildup
13349,Lorenzo Venturino,2025,Genoa,Sub,2,37,0,0,0.0095640392974019,0.4205791056156158,1,1,0,0,0,0.0095640392974019,0.5841538906097412,0.1635747998952865
13349,Lorenzo Venturino,2024,Genoa,Sub,6,149,2,0,1.1552968937903645,0.1815433800220489,4,3,0,0,2,1.1552968937903645,1.3504673931747675,0.0495559647679328
