player_id,player_name,season,team,position,games,time,goals,assists,xG,xA,shots,key_passes,yellow,red,npg,npxG,xGChain,xGBuildup
12846,Louis Leroux,2025,Nantes,MC,8,568,1,0,0.4546897113323211,0.0997916739434003,3,4,1,0,1,0.4546897113323211,0.909751158207655,0.7902320995926857
12846,Louis Leroux,2024,Nantes,Sub,16,802,2,1,1.907527547329664,1.3230022946372628,9,11,1,0,2,1.907527547329664,5.996318428777158,3.4117516949772835
