player_id,player_name,season,team,position,games,time,goals,assists,xG,xA,shots,key_passes,yellow,red,npg,npxG,xGChain,xGBuildup
10295,Louis Mouton,2025,Angers,AMC,7,386,0,0,0.6331297568976879,1.2352004051208496,6,5,0,1,0,0.6331297568976879,2.0302487574517727,0.3276371099054813
10295,Louis Mouton,2024,Saint-Etienne,Sub,24,1047,0,1,1.502646909095347,1.4524020813405514,19,16,2,0,0,1.502646909095347,5.196958344429731,3.317083846777677
