player_id,player_name,season,team,position,games,time,goals,assists,xG,xA,shots,key_passes,yellow,red,npg,npxG,xGChain,xGBuildup
9977,Loum Tchaouna,2025,Burnley,Sub,8,341,1,0,0.3342082109302282,0.1469922214746475,6,1,1,0,1,0.3342082109302282,1.0698163490742445,0.635299775749445
9977,Loum Tchaouna,2024,Lazio,Sub,24,624,1,0,2.584312392398715,0.6861412897706032,23,10,2,1,1,2.584312392398715,4.432393677532673,1.6853936556726694
9977,Loum Tchaouna,2023,Salernitana,Sub,33,2096,4,3,2.7410695469006896,2.286348751746118,44,22,4,0,4,2.7410695469006896,6.495509563945234,2.617133552208543
9977,Loum Tchaouna,2021,Rennes,Sub,10,71,0,0,0.5800759047269821,0.1854873076081276,2,2,0,0,0,0.5800759047269821,0.8016724139451981,0.0706135034561157
