player_id,player_name,season,team,position,games,time,goals,assists,xG,xA,shots,key_passes,yellow,red,npg,npxG,xGChain,xGBuildup
9931,Lovro Majer,2025,Wolfsburg,AMC,7,323,1,1,0.826442745514214,0.5358019825071096,6,9,1,0,1,0.826442745514214,1.3888215199112892,0.1966415122151374
9931,Lovro Majer,2024,Wolfsburg,AMC,9,296,2,1,1.4159954469650984,1.4358294662088156,7,8,1,0,1,0.6582187097519636,2.7713141962885857,1.588914230465889
9931,Lovro Majer,2023,Wolfsburg,MC,32,2177,5,5,6.302813100628555,4.539229284971952,37,39,5,0,3,4.787259700708091,13.405724236741662,7.745161081664264
9931,Lovro Majer,2023,Rennes,Sub,1,12,0,0,0.0428200773894786,0.2584652304649353,1,2,0,0,0,0.0428200773894786,0.3718713819980621,0.0705860778689384
9931,Lovro Majer,2022,Rennes,MC,32,1659,2,5,2.866222945973277,4.564499044790864,34,38,3,0,1,2.106127930805087,9.825070720165968,5.406812550500035
9931,Lovro Majer,2021,Rennes,Sub,29,1845,6,8,5.200227887369692,5.712716748006642,45,45,1,0,6,5.200227887369692,18.638294329866767,10.244852570816876
