player_id,player_name,season,team,position,games,time,goals,assists,xG,xA,shots,key_passes,yellow,red,npg,npxG,xGChain,xGBuildup
12258,Luc Zogbe,2025,Brest,Sub,2,2,0,0,0.0,0.0,0,0,0,0,0,0.0,0.0,0.0
12258,Luc Zogbe,2024,Brest,Sub,13,616,0,0,0.2781616365537047,0.0962673956528306,8,4,2,0,0,0.2781616365537047,1.4661995507776735,1.2259825393557549
12258,Luc Zogbe,2023,Brest,Sub,1,7,0,0,0.0,0.0,0,0,0,0,0,0.0,0.0114791840314865,0.0114791840314865
