player_id,player_name,season,team,position,games,time,goals,assists,xG,xA,shots,key_passes,yellow,red,npg,npxG,xGChain,xGBuildup
8401,Luca Netz,2025,Borussia M.Gladbach,Sub,5,152,0,1,0.0,0.6804557889699936,0,5,0,0,0,0.0,0.5286306440830231,0.4082296714186668
8401,Luca Netz,2024,Borussia M.Gladbach,DL,24,928,0,2,0.1908367443829774,1.3906789356842637,3,16,2,0,0,0.1908367443829774,4.518790255300701,3.879877556115389
8401,Luca Netz,2023,Borussia M.Gladbach,DL,30,2254,0,4,1.15903243701905,3.0963007863610983,17,36,2,0,0,1.15903243701905,9.005601301789284,6.364106032066047
8401,Luca Netz,2022,Borussia M.Gladbach,DL,20,691,1,3,0.9112387504428624,1.2129683569073677,4,5,0,0,1,0.9112387504428624,3.226912911981344,1.7279492877423763
8401,Luca Netz,2021,Borussia M.Gladbach,Sub,24,1412,0,4,1.6344571094959974,1.5507191084325314,14,18,1,0,0,1.6344571094959974,6.249289566650987,4.28535976447165
8401,Luca Netz,2020,Hertha Berlin,Sub,11,288,1,0,0.3940614946186542,0.0988928973674774,2,2,0,0,1,0.3940614946186542,1.049364384263754,0.6202029064297676
