player_id,player_name,season,team,position,games,time,goals,assists,xG,xA,shots,key_passes,yellow,red,npg,npxG,xGChain,xGBuildup
12912,Lucas Bergvall,2025,Tottenham,MC,7,376,1,1,0.5685617588460445,0.2122343331575393,5,2,1,0,1,0.5685617588460445,1.3762874752283096,0.725772600620985
12912,Lucas Bergvall,2024,Tottenham,Sub,27,1187,0,1,0.6092278761789203,0.7203583419322968,11,11,3,0,0,0.6092278761789203,5.082979638129473,4.340266279876232
