player_id,player_name,season,team,position,games,time,goals,assists,xG,xA,shots,key_passes,yellow,red,npg,npxG,xGChain,xGBuildup
13425,Luca Jaquez,2025,VfB Stuttgart,DC,4,327,0,0,0.0136179262772202,0.1352253332734108,1,3,1,0,0,0.0136179262772202,1.4827969074249268,1.3339536301791668
13425,Luca Jaquez,2024,VfB Stuttgart,Sub,5,250,0,0,0.1187925040721893,0.0,1,0,0,0,0,0.1187925040721893,3.378763794898987,3.378763794898987
