player_id,player_name,season,team,position,games,time,goals,assists,xG,xA,shots,key_passes,yellow,red,npg,npxG,xGChain,xGBuildup
11900,Lucas Beltrán,2025,Valencia,Sub,6,178,0,0,0.0,0.5275179669260979,0,3,0,0,0,0.0,1.6223511658608911,1.0948331616818905
11900,Lucas Beltrán,2024,Fiorentina,Sub,33,1965,5,4,6.0504823960363865,2.9424900263547897,29,29,6,0,3,3.76658596470952,12.85442740097642,7.148263560608029
11900,Lucas Beltrán,2023,Fiorentina,Sub,32,1712,6,2,3.811171130277216,2.241196360439062,31,25,6,0,5,3.049872324801981,6.6004968136549,2.8438814617693424
