player_id,player_name,season,team,position,games,time,goals,assists,xG,xA,shots,key_passes,yellow,red,npg,npxG,xGChain,xGBuildup
7614,Lucas Perrin,2023,Strasbourg,DC,31,2719,0,1,0.5144310761243105,1.240734301507473,12,7,3,0,0,0.5144310761243105,8.626514609903097,7.500357849523425
7614,Lucas Perrin,2022,Strasbourg,DC,26,1746,0,1,0.8301517376676202,0.8441031081601977,8,8,4,0,0,0.8301517376676202,3.864677901379764,3.6756010903045535
7614,Lucas Perrin,2021,Strasbourg,DC,31,2516,1,1,0.5463247904554009,0.6471871798858047,9,9,5,0,1,0.5463247904554009,8.90191372204572,8.414135999977589
7614,Lucas Perrin,2020,Marseille,Sub,7,300,1,0,0.5621695034205914,0.0573953986167907,3,1,1,0,1,0.5621695034205914,0.8274453151971102,0.7700499165803194
7614,Lucas Perrin,2019,Marseille,DC,4,360,0,0,0.5234934091567993,0.0,3,0,2,0,0,0.5234934091567993,1.0290070176124573,0.5701158046722412
