player_id,player_name,season,team,position,games,time,goals,assists,xG,xA,shots,key_passes,yellow,red,npg,npxG,xGChain,xGBuildup
6338,Lucas Alario,2022,Eintracht Frankfurt,FW,20,290,1,0,1.3475146889686584,0.0589382015168666,11,1,0,0,1,1.3475146889686584,2.426865501329303,1.0743135064840317
6338,Lucas Alario,2021,Bayer Leverkusen,Sub,27,615,6,0,5.697463668882847,1.0608075093477964,23,7,2,0,6,4.939686685800552,8.78617275878787,2.990045879036188
6338,Lucas Alario,2020,Bayer Leverkusen,FW,25,1238,11,2,7.285350728780031,0.9252291992306708,41,15,2,0,9,5.769796717911959,8.092161528766155,1.9067177083343267
6338,Lucas Alario,2019,Bayer Leverkusen,Sub,24,1156,7,1,7.5658582504838705,1.5347132924944162,49,13,6,0,6,6.808081274852157,8.94996728375554,1.975770412012935
6338,Lucas Alario,2018,Bayer Leverkusen,FW,27,1240,9,3,6.610632918775082,1.648653388954699,42,15,1,0,9,6.610632918775082,9.995475442148743,2.3495345022529364
6338,Lucas Alario,2017,Bayer Leverkusen,FW,23,1542,9,4,9.95240025781095,2.0166067238897085,58,14,5,1,8,8.436846291646361,13.568525802344084,4.420323118567467
