player_id,player_name,season,team,position,games,time,goals,assists,xG,xA,shots,key_passes,yellow,red,npg,npxG,xGChain,xGBuildup
11929,Luca Lipani,2025,Sassuolo,MC,2,95,0,0,0.0,0.0071920319460332,0,1,0,0,0,0.0,0.0279402881860733,0.0279402881860733
11929,Luca Lipani,2023,Sassuolo,Sub,8,392,0,0,0.1795076578855514,0.2084036134183406,3,3,0,0,0,0.1795076578855514,0.447154302150011,0.2594301365315914
