player_id,player_name,season,team,position,games,time,goals,assists,xG,xA,shots,key_passes,yellow,red,npg,npxG,xGChain,xGBuildup
3,Luca Caldirola,2024,Monza,DC,14,865,0,0,0.3377504227682948,0.0862647034227848,4,2,5,0,0,0.3377504227682948,0.9976316206157207,0.9445620588958265
3,Luca Caldirola,2023,Monza,DC,29,2140,1,1,0.723320740275085,0.4904024042189121,9,5,5,1,1,0.723320740275085,6.14009296707809,5.715118063613772
3,Luca Caldirola,2022,Monza,DC,31,2376,3,0,1.3623706893995404,0.642099117860198,10,5,6,0,3,1.3623706893995404,6.609772840514779,5.94411027058959
3,Luca Caldirola,2020,Benevento,DC,25,1560,2,0,0.5324266981333494,0.1576356999576091,7,6,3,1,2,0.5324266981333494,2.150189228355885,2.0367876263335347
3,Luca Caldirola,2017,Werder Bremen,DC,1,90,0,0,0.0,0.0,0,0,0,0,0,0.0,0.0,0.0
3,Luca Caldirola,2016,Werder Bremen,DL,5,413,0,0,0.0519769005477428,0.0,2,0,1,0,0,0.0519769005477428,0.803560808300972,0.7859232127666473
3,Luca Caldirola,2015,Darmstadt,DC,34,3060,0,1,2.527458786033094,1.3206581007689238,15,8,4,0,0,2.527458786033094,1.9972496796399355,1.3167488742619753
3,Luca Caldirola,2014,Werder Bremen,DC,7,470,1,0,0.4327000081539154,0.0606867000460624,1,1,2,1,1,0.4327000081539154,0.5550536103546619,0.1223536022007465
