player_id,player_name,season,team,position,games,time,goals,assists,xG,xA,shots,key_passes,yellow,red,npg,npxG,xGChain,xGBuildup
1680,Luis Hernández,2023,Cadiz,DC,9,721,1,0,0.9484918117523192,0.3413344025611877,1,6,4,0,1,0.9484918117523192,1.1536532118916512,0.8123188018798828
1680,Luis Hernández,2022,Cadiz,DC,35,3150,0,0,0.3374710585922003,0.7389688845723867,7,12,6,1,0,0.3374710585922003,5.176617711782456,4.508750796318054
1680,Luis Hernández,2021,Cadiz,Sub,16,1363,0,0,0.3812938909977674,0.2167574986815452,6,5,5,0,0,0.3812938909977674,4.488683542236686,4.320520235225558
1680,Luis Hernández,2017,Malaga,DC,36,3240,0,1,0.1728647984564304,0.4443457080051303,5,6,8,0,0,0.1728647984564304,2.8420068118721247,2.72424532007426
1680,Luis Hernández,2016,Malaga,DC,19,1679,1,1,0.6131358947604895,0.3432397991418838,4,9,3,0,1,0.6131358947604895,3.758984342217445,3.518582180142402
1680,Luis Hernández,2016,Leicester,DC,4,327,0,0,0.0,0.2169884070754051,0,4,1,0,0,0.0,1.186044721864164,1.021327338181436
1680,Luis Hernández,2015,Sporting Gijon,DC,36,3224,0,0,0.9310410767793657,0.7637579208239913,9,16,4,1,0,0.9310410767793657,4.33480254560709,3.850295951589942
