player_id,player_name,season,team,position,games,time,goals,assists,xG,xA,shots,key_passes,yellow,red,npg,npxG,xGChain,xGBuildup
10866,Luis Sinisterra,2024,Bournemouth,AML,12,221,1,1,1.7229826282709837,1.762933598831296,13,8,0,0,1,1.7229826282709837,2.894174002110958,0.5542034497484565
10866,Luis Sinisterra,2023,Bournemouth,Sub,20,670,2,2,2.296443399041891,2.3218660429120064,27,19,0,0,2,2.296443399041891,4.859211741015315,2.420190142467618
10866,Luis Sinisterra,2022,Leeds,Sub,19,891,5,0,3.361706962808966,0.3890431001782417,28,9,1,1,5,3.361706962808966,5.349757798016071,2.453906362876296
