player_id,player_name,season,team,position,games,time,goals,assists,xG,xA,shots,key_passes,yellow,red,npg,npxG,xGChain,xGBuildup
8762,Luis Pérez,2024,Real Valladolid,DR,30,2548,0,0,0.1539512053132057,2.6107717398554087,5,28,2,0,0,0.1539512053132057,6.574388632550836,4.48120036534965
8762,Luis Pérez,2022,Real Valladolid,DR,18,1215,0,1,0.1030951980501413,1.0376136125996709,4,13,2,0,0,0.1030951980501413,3.365831907838583,2.340322279371321
8762,Luis Pérez,2020,Real Valladolid,Sub,22,1296,0,0,0.0763459987938404,0.4339604005217552,2,8,1,0,0,0.0763459987938404,2.10511539503932,1.7743844091892242
