player_id,player_name,season,team,position,games,time,goals,assists,xG,xA,shots,key_passes,yellow,red,npg,npxG,xGChain,xGBuildup
8980,Luis Henrique,2025,Inter,Sub,4,138,0,0,0.1433083415031433,0.0707044675946235,3,2,0,0,0,0.1433083415031433,1.3144220113754272,1.1495773866772652
8980,Luis Henrique,2024,Marseille,AML,33,2646,7,7,5.411938928067684,5.415997413918376,30,53,0,0,7,5.411938928067684,20.102429423481222,11.444075493142009
8980,Luis Henrique,2023,Marseille,FWR,15,773,1,0,1.092231074348092,0.7575593367218971,12,10,0,0,1,1.092231074348092,3.036521696485579,1.3965907404199245
8980,Luis Henrique,2021,Marseille,Sub,20,691,0,1,1.294538713991642,0.3239831011742353,6,8,0,0,0,1.294538713991642,1.9067177791148424,0.3640363980084657
8980,Luis Henrique,2020,Marseille,Sub,19,655,0,5,0.1954307025298476,2.347341082990169,6,15,0,0,0,0.1954307025298476,4.035760991275311,2.4419866241514683
