player_id,player_name,season,team,position,games,time,goals,assists,xG,xA,shots,key_passes,yellow,red,npg,npxG,xGChain,xGBuildup
11991,Lukas Ullrich,2025,Borussia M.Gladbach,DL,7,437,0,0,0.0742934495210647,0.2115381434559822,1,6,1,0,0,0.0742934495210647,1.872410923242569,1.7221016734838486
11991,Lukas Ullrich,2024,Borussia M.Gladbach,DL,26,1949,1,2,1.2157446863129735,1.7085003964602947,8,8,4,0,1,1.2157446863129735,5.3729419857263565,4.036795541644096
11991,Lukas Ullrich,2023,Borussia M.Gladbach,Sub,4,39,0,0,0.0,0.0,0,0,0,0,0,0.0,0.0911717340350151,0.0911717340350151
