player_id,player_name,season,team,position,games,time,goals,assists,xG,xA,shots,key_passes,yellow,red,npg,npxG,xGChain,xGBuildup
13064,Lutsharel Geertruida,2025,Sunderland,Sub,5,52,0,0,0.480659008026123,0.0,1,0,0,0,0,0.480659008026123,0.5630049109458923,0.0823459178209304
13064,Lutsharel Geertruida,2024,RasenBallsport Leipzig,DC,24,1554,1,0,1.2319737458601594,0.5369388461112976,8,8,2,0,1,1.2319737458601594,5.479023423045874,4.789323031902313
