player_id,player_name,season,team,position,games,time,goals,assists,xG,xA,shots,key_passes,yellow,red,npg,npxG,xGChain,xGBuildup
8378,Malick Thiaw,2025,Newcastle United,Sub,5,362,0,0,0.5458648540079594,0.6320949792861938,5,1,1,0,0,0.5458648540079594,0.9307515472173692,0.491257905960083
8378,Malick Thiaw,2024,AC Milan,DC,22,1800,0,0,0.4467847943305969,0.169118070974946,7,4,2,0,0,0.4467847943305969,9.644850574433804,9.563174664974213
8378,Malick Thiaw,2023,AC Milan,DC,21,1626,0,1,0.6821040762588382,0.2017819918692112,5,4,5,1,0,0.6821040762588382,6.564719596877694,6.341804901137948
8378,Malick Thiaw,2022,AC Milan,Sub,20,1359,0,0,1.1181033849716189,0.1366075966507196,8,2,5,0,0,1.1181033849716189,7.309786159545183,7.064704983495176
8378,Malick Thiaw,2022,Schalke 04,DC,3,270,0,0,0.1786629967391491,0.0,2,0,2,0,0,0.1786629967391491,0.3071206994354725,0.3071206994354725
8378,Malick Thiaw,2020,Schalke 04,DC,19,1448,1,0,0.8393757464364171,0.097826600074768,8,2,3,1,1,0.8393757464364171,1.4605458984151485,1.314339299686253
8378,Malick Thiaw,2019,Schalke 04,Sub,4,70,0,0,0.0084820901975035,0.0,1,0,0,0,0,0.0084820901975035,0.1130405962467193,0.1045584976673126
