player_id,player_name,season,team,position,games,time,goals,assists,xG,xA,shots,key_passes,yellow,red,npg,npxG,xGChain,xGBuildup
12336,Malick Fofana,2025,Lyon,AML,8,677,2,1,2.6228557005524635,2.172333646565676,17,9,1,0,2,2.6228557005524635,6.68719756603241,2.72025478258729
12336,Malick Fofana,2024,Lyon,Sub,29,1574,5,4,4.388201240450144,2.955590769648552,31,24,2,0,5,4.388201240450144,11.517354555428028,5.349942370317876
12336,Malick Fofana,2023,Lyon,Sub,17,521,3,0,2.3040476609021425,0.6635458040982485,9,6,0,0,3,2.3040476609021425,4.472375379875302,2.0387245416641235
