player_id,player_name,season,team,position,games,time,goals,assists,xG,xA,shots,key_passes,yellow,red,npg,npxG,xGChain,xGBuildup
2433,Mamadou Sylla,2024,Real Valladolid,FW,29,1569,5,1,4.97304823808372,0.9637680817395448,22,13,5,0,1,1.99993778206408,3.720175037160516,1.235566534101963
2433,Mamadou Sylla,2023,Alaves,Sub,2,5,0,0,0.0,0.0,0,0,0,0,0,0.0,0.0,0.0
2433,Mamadou Sylla,2021,Alaves,Sub,13,377,0,0,0.183337103575468,0.0727968998253345,2,3,1,0,0,0.183337103575468,0.3700223006308079,0.1687955968081951
2433,Mamadou Sylla,2021,Rayo Vallecano,FW,12,227,0,0,1.0610076859593391,0.16632179915905,11,2,2,0,0,1.0610076859593391,1.0432669939473271,0.1851975973695516
2433,Mamadou Sylla,2019,FC Orenburg,ML,5,255,0,0,0.4044126942753792,0.0526712015271186,7,1,1,0,0,0.4044126942753792,0.4117753934115171,0.062720101326704
2433,Mamadou Sylla,2015,Espanyol,Sub,14,318,0,0,0.9317655973136424,0.8505039922893047,8,3,3,0,0,0.9317655973136424,2.4353542141616344,1.1477453112602234
