player_id,player_name,season,team,position,games,time,goals,assists,xG,xA,shots,key_passes,yellow,red,npg,npxG,xGChain,xGBuildup
13097,Mandela Keita,2025,Parma Calcio 1913,MC,7,534,0,0,0.0312974210828542,0.0357962241396307,2,2,0,0,0,0.0312974210828542,0.2279818635433912,0.1966844433918595
13097,Mandela Keita,2024,Parma Calcio 1913,Sub,30,1852,0,2,0.0985107105225324,1.207997653633356,5,16,4,1,0,0.0985107105225324,6.091869512572885,5.132593246176839
