player_id,player_name,season,team,position,games,time,goals,assists,xG,xA,shots,key_passes,yellow,red,npg,npxG,xGChain,xGBuildup
6592,Manuel Morlanes,2025,Mallorca,DMC,7,554,0,0,0.1884739249944687,0.060593158006668,2,2,0,1,0,0.1884739249944687,1.6826201304793358,1.4944992437958715
6592,Manuel Morlanes,2024,Mallorca,Sub,23,1335,0,0,0.4533621082082391,0.4519094126299023,11,10,7,0,0,0.4533621082082391,5.464884104207158,4.617404890246689
6592,Manuel Morlanes,2023,Mallorca,MC,35,1607,0,2,0.9207215989008546,1.5948606301099062,11,16,2,0,0,0.9207215989008546,4.826761193573475,3.2111904323101044
6592,Manuel Morlanes,2022,Mallorca,Sub,12,722,1,0,0.2849955353885889,0.5205563455820084,7,3,3,0,1,0.2849955353885889,1.686904028058052,1.3414443917572498
6592,Manuel Morlanes,2022,Villarreal,MC,4,161,0,0,0.0,0.0,0,0,0,0,0,0.0,0.1003473997116088,0.1003473997116088
6592,Manuel Morlanes,2021,Espanyol,Sub,27,1130,2,0,0.744003789499402,0.5487822899594903,8,6,6,1,2,0.744003789499402,5.793320028111339,5.006082411855459
6592,Manuel Morlanes,2019,Villarreal,DMC,9,247,0,1,0.0,0.5439532101154327,0,6,0,0,0,0.0,1.816941298544407,1.3658078275620935
6592,Manuel Morlanes,2018,Villarreal,MC,10,613,0,3,0.1020657010376453,1.6392522603273392,3,9,2,0,0,0.1020657010376453,3.130766049027443,2.8645321503281598
