player_id,player_name,season,team,position,games,time,goals,assists,xG,xA,shots,key_passes,yellow,red,npg,npxG,xGChain,xGBuildup
5292,Manuel Gulde,2023,Freiburg,Sub,27,2052,1,0,1.310921974480152,0.1058258600533008,12,3,3,1,1,1.310921974480152,7.105137266218662,7.074103333055973
5292,Manuel Gulde,2022,Freiburg,Sub,15,643,1,0,0.5734108686447144,0.1731704324483871,2,2,2,0,1,0.5734108686447144,1.3315233793109655,1.3315233793109655
5292,Manuel Gulde,2021,Freiburg,DC,20,1225,0,0,0.0,0.0488441996276378,0,1,2,0,0,0.0,1.1371936835348606,1.1371936835348606
5292,Manuel Gulde,2020,Freiburg,Sub,27,1958,2,0,0.5927150063216686,0.0,9,0,3,0,2,0.5927150063216686,4.421701434999704,4.421701434999704
5292,Manuel Gulde,2019,Freiburg,DC,17,1378,1,0,1.1286246990785005,0.1563299000263214,14,5,0,0,1,1.1286246990785005,3.45910887606442,3.2068117782473564
5292,Manuel Gulde,2018,Freiburg,DC,21,1714,1,0,0.6037572026252747,0.1164152026176452,6,3,3,0,1,0.6037572026252747,2.04234080016613,1.9448228031396864
5292,Manuel Gulde,2017,Freiburg,DC,17,1530,1,0,1.1504099043086171,0.0329899005591869,9,1,1,0,1,1.1504099043086171,1.4626287184655666,1.205132114700973
5292,Manuel Gulde,2016,Freiburg,DC,20,1688,0,0,0.1546984054148197,0.0367469005286693,2,1,2,0,0,0.1546984054148197,1.004896804690361,1.004896804690361
