player_id,player_name,season,team,position,games,time,goals,assists,xG,xA,shots,key_passes,yellow,red,npg,npxG,xGChain,xGBuildup
11266,Manu Bueno,2025,Sevilla,Sub,1,8,0,0,0.0956592112779617,0.0,1,0,0,0,0,0.0956592112779617,0.0956592112779617,0.0956592112779617
11266,Manu Bueno,2024,Sevilla,MC,9,111,1,0,0.1197992824018001,0.0,4,0,0,0,1,0.1197992824018001,0.1434452943503856,0.0638722740113735
11266,Manu Bueno,2023,Sevilla,Sub,4,114,0,0,0.01587382145226,0.0679851695895195,1,2,1,0,0,0.01587382145226,0.6641952265053988,0.5803361982107162
11266,Manu Bueno,2022,Sevilla,DMC,2,151,0,0,0.0189492311328649,0.0440704263746738,1,2,0,0,0,0.0189492311328649,0.1341557167470455,0.0900852903723716
