player_id,player_name,season,team,position,games,time,goals,assists,xG,xA,shots,key_passes,yellow,red,npg,npxG,xGChain,xGBuildup
11766,Manuel Ugarte,2025,Manchester United,Sub,7,257,0,0,0.0321653326973319,0.0169318187981843,2,1,0,0,0,0.0321653326973319,0.208890575915575,0.1597934197634458
11766,Manuel Ugarte,2024,Manchester United,Sub,29,1802,1,2,1.087446665391326,1.616088747046888,19,10,11,0,1,1.087446665391326,7.235839036293328,6.052829889580607
11766,Manuel Ugarte,2023,Paris Saint Germain,MC,25,1938,0,2,0.4321953430771827,1.0513594467192888,10,14,5,0,0,0.4321953430771827,12.84576378017664,11.88918875530362
