player_id,player_name,season,team,position,games,time,goals,assists,xG,xA,shots,key_passes,yellow,red,npg,npxG,xGChain,xGBuildup
7605,Manuel Sánchez,2025,Levante,DL,8,705,0,1,0.211009956896305,0.8704036734998226,3,8,4,0,0,0.211009956896305,4.228066178038716,3.419194795191288
7605,Manuel Sánchez,2024,Alaves,DL,33,2651,1,0,1.6078453846275806,1.1835778756067157,12,16,6,1,1,1.6078453846275806,4.670513411983848,2.49046034924686
7605,Manuel Sánchez,2023,Celta Vigo,Sub,26,1784,0,5,0.5429475717246532,3.505473857745528,9,20,3,0,0,0.5429475717246532,7.5165757574141026,5.35230431240052
7605,Manuel Sánchez,2022,Osasuna,Sub,31,2100,0,2,0.8709245752543211,1.6287008225917816,10,28,3,0,0,0.8709245752543211,5.942508663982153,4.014251712709665
7605,Manuel Sánchez,2021,Osasuna,DL,33,2261,1,3,0.5402552066370845,2.621843807399273,6,19,6,0,1,0.5402552066370845,6.693984307348728,4.356387905776501
7605,Manuel Sánchez,2020,Osasuna,Sub,16,974,0,4,0.1476124972105026,1.5764733068645,3,14,4,0,0,0.1476124972105026,2.7068526931107044,2.0124970953911543
7605,Manuel Sánchez,2020,Atletico Madrid,DL,1,51,0,1,0.0,0.4134750068187713,0,1,0,0,0,0.0,0.7578809857368469,0.3444060087203979
7605,Manuel Sánchez,2019,Atletico Madrid,DL,5,330,0,0,0.0,0.2291787918657064,0,4,1,0,0,0.0,1.513108817860484,1.2839298080652952
