player_id,player_name,season,team,position,games,time,goals,assists,xG,xA,shots,key_passes,yellow,red,npg,npxG,xGChain,xGBuildup
7834,Manu Vallejo,2022,Girona,Sub,7,191,0,1,0.0500091016292572,0.239107996225357,1,3,0,0,0,0.0500091016292572,0.4641656950116157,0.1750481948256492
7834,Manu Vallejo,2021,Alaves,Sub,11,355,1,1,0.6896763928234577,0.6174204889684916,3,4,0,0,1,0.6896763928234577,1.1451379656791687,0.4342188909649849
7834,Manu Vallejo,2021,Valencia,Sub,9,55,0,0,0.1043176986277103,0.1159970015287399,3,1,3,0,0,0.1043176986277103,0.8103836178779602,0.7060660123825073
7834,Manu Vallejo,2020,Valencia,Sub,30,914,5,0,3.7262570010498166,0.6798152904957533,19,7,2,0,5,3.7262570010498166,5.246970102190971,1.991926866583526
7834,Manu Vallejo,2019,Valencia,Sub,11,403,2,0,1.9359986670315263,0.655803594738245,8,4,0,0,2,1.9359986670315263,3.139710318297148,0.608269514515996
