player_id,player_name,season,team,position,games,time,goals,assists,xG,xA,shots,key_passes,yellow,red,npg,npxG,xGChain,xGBuildup
3552,Marco Verratti,2022,Paris Saint Germain,MC,29,2231,0,0,0.9661631491035224,2.947818536311388,8,32,10,1,0,0.9661631491035224,23.935828402638435,22.03197993338108
3552,Marco Verratti,2021,Paris Saint Germain,MC,24,1959,1,2,0.6124656889587641,2.6421978808939457,7,31,12,0,1,0.6124656889587641,16.909856685437262,15.234696657396851
3552,Marco Verratti,2020,Paris Saint Germain,MC,21,1496,0,2,1.5776720326393845,2.5874051908031106,10,24,7,0,0,1.5776720326393845,13.49185197800398,10.772374026477337
3552,Marco Verratti,2019,Paris Saint Germain,MC,20,1483,0,5,0.2029930055141449,3.5086825070902705,2,27,6,0,0,0.2029930055141449,19.04937805235386,17.73516294360161
3552,Marco Verratti,2018,Paris Saint Germain,MC,26,1887,0,2,0.1130491979420185,3.661135883070529,3,30,7,0,0,0.1130491979420185,18.48042469471693,17.112325847148895
3552,Marco Verratti,2017,Paris Saint Germain,MC,22,1728,0,3,0.3777225017547607,1.942617512308061,8,28,8,1,0,0.3777225017547607,12.531038019806148,11.354255098849537
3552,Marco Verratti,2016,Paris Saint Germain,Sub,28,2162,3,5,1.1673931889235971,5.925059895962477,12,39,6,0,3,1.1673931889235971,21.39143391698599,18.04240065813065
3552,Marco Verratti,2015,Paris Saint Germain,MC,18,1060,0,3,0.0376929007470607,1.6477561201900244,2,20,2,0,0,0.0376929007470607,8.780266530811787,8.368266485631466
3552,Marco Verratti,2014,Paris Saint Germain,MC,32,2466,2,8,1.5046188104897738,6.781945936381817,12,38,11,0,2,1.5046188104897738,17.60234397649765,13.12725304812193
