player_id,player_name,season,team,position,games,time,goals,assists,xG,xA,shots,key_passes,yellow,red,npg,npxG,xGChain,xGBuildup
10189,Marc Pubill,2025,Atletico Madrid,Sub,2,22,0,0,0.0228888746351003,0.1451739072799682,1,1,0,0,0,0.0228888746351003,0.639445960521698,0.639445960521698
10189,Marc Pubill,2023,Almeria,Sub,23,1907,1,3,0.8252652809023857,1.7033800836652515,20,22,2,0,1,0.8252652809023857,4.610900083556771,3.019310286268592
10189,Marc Pubill,2021,Levante,DR,11,494,0,1,0.9730324689298868,1.1680405037477612,6,6,1,0,0,0.9730324689298868,3.161559180356562,1.2002764157950878
