player_id,player_name,season,team,position,games,time,goals,assists,xG,xA,shots,key_passes,yellow,red,npg,npxG,xGChain,xGBuildup
7284,Marco Brescianini,2025,Atalanta,Sub,4,63,0,0,0.1248218640685081,0.0,1,0,0,0,0,0.1248218640685081,0.2465345188975334,0.1217126548290252
7284,Marco Brescianini,2024,Atalanta,AMC,29,959,4,2,4.397535916417837,1.2350470423698423,20,7,1,0,4,4.397535916417837,7.267041644081473,2.323193995282054
7284,Marco Brescianini,2023,Frosinone,Sub,36,2324,4,2,2.032998721115291,2.1246125996112823,31,22,1,0,4,2.032998721115291,7.01019527669996,3.680753684602678
7284,Marco Brescianini,2019,AC Milan,Sub,1,22,0,0,0.0,0.0,0,0,0,0,0,0.0,0.0,0.0
