player_id,player_name,season,team,position,games,time,goals,assists,xG,xA,shots,key_passes,yellow,red,npg,npxG,xGChain,xGBuildup
8939,Marcos Acu単a,2023,Sevilla,DL,21,1340,1,2,0.428915673866868,2.0705395191907883,9,23,7,0,1,0.428915673866868,5.24521953985095,3.3911742232739925
8939,Marcos Acu単a,2022,Sevilla,DL,30,1919,3,2,0.7936642784625292,5.484497045166791,21,38,9,3,3,0.7936642784625292,8.677886949852109,6.379514014348388
8939,Marcos Acu単a,2021,Sevilla,DML,31,2282,1,3,1.0216645821928978,3.1246358370408416,16,43,10,0,1,1.0216645821928978,11.326871283352377,9.453515468165278
8939,Marcos Acu単a,2020,Sevilla,DL,30,2329,1,2,0.8082048073410988,2.8514392971992493,18,32,5,0,1,0.8082048073410988,9.326568402349949,7.216338900849223
