player_id,player_name,season,team,position,games,time,goals,assists,xG,xA,shots,key_passes,yellow,red,npg,npxG,xGChain,xGBuildup
7772,Marcin Bulka,2024,Nice,GK,34,3060,0,0,0.0,0.1004298031330108,0,1,0,0,0,0.0,6.690204915590584,6.589775112457573
7772,Marcin Bulka,2023,Nice,GK,34,3060,0,0,0.0537922121584415,0.0,1,0,2,0,0,0.0537922121584415,4.750243475660682,4.750243475660682
7772,Marcin Bulka,2022,Nice,GK,2,180,0,0,0.0,0.0,0,0,0,0,0,0.0,0.093314697034657,0.093314697034657
7772,Marcin Bulka,2021,Nice,GK,1,90,0,0,0.0,0.0,0,0,0,0,0,0.0,0.0,0.0
7772,Marcin Bulka,2020,Paris Saint Germain,GK,1,90,0,0,0.0,0.0,0,0,0,0,0,0.0,0.0,0.0
7772,Marcin Bulka,2019,Paris Saint Germain,GK,1,90,0,0,0.0,0.0,0,0,0,0,0,0.0,0.0,0.0
