player_id,player_name,season,team,position,games,time,goals,assists,xG,xA,shots,key_passes,yellow,red,npg,npxG,xGChain,xGBuildup
11633,Marc Guiu,2025,Chelsea,Sub,2,57,0,0,0.7518724948167801,0.0,4,0,0,0,0,0.7518724948167801,0.7518724948167801,0.0
11633,Marc Guiu,2025,Sunderland,Sub,2,7,0,0,0.0413828715682029,0.0,1,0,0,0,0,0.0413828715682029,0.0413828715682029,0.0
11633,Marc Guiu,2024,Chelsea,Sub,3,60,0,0,0.0,0.0404958091676235,0,1,0,0,0,0.0,0.1076856106519699,0.1076856106519699
11633,Marc Guiu,2023,Barcelona,Sub,3,75,1,0,0.9520300701260568,0.3236564397811889,4,1,1,0,1,0.9520300701260568,1.3621556162834167,0.0864691063761711
