player_id,player_name,season,team,position,games,time,goals,assists,xG,xA,shots,key_passes,yellow,red,npg,npxG,xGChain,xGBuildup
1511,Marcelo Brozovic,2022,Inter,MC,28,1771,3,5,2.0772709641605616,2.104796350002289,25,23,9,0,3,2.0772709641605616,12.804172411561012,10.28125450387597
1511,Marcelo Brozovic,2021,Inter,MC,35,2970,2,1,1.2476579081267118,2.19460560195148,32,35,7,0,2,1.2476579081267118,25.06638278439641,23.181413363665342
1511,Marcelo Brozovic,2020,Inter,MC,33,2592,2,6,1.047651493921876,4.67588902823627,25,44,7,1,2,1.047651493921876,17.032296732068062,14.762919157743454
1511,Marcelo Brozovic,2019,Inter,MC,32,2709,3,6,3.437285490334034,2.787758508697152,55,39,9,0,3,3.437285490334034,16.859346263110638,13.572225037962198
1511,Marcelo Brozovic,2018,Inter,MC,32,2662,2,1,0.7836585026234388,4.176748028956354,25,52,10,1,2,0.7836585026234388,15.760507352650166,14.115931868553162
1511,Marcelo Brozovic,2017,Inter,AMC,31,1921,4,9,2.5651969676837325,4.810289744287729,45,61,9,0,4,2.5651969676837325,11.204485868103802,6.665439098142088
1511,Marcelo Brozovic,2016,Inter,Sub,23,1743,4,2,2.717277092859149,3.5886184219270945,40,43,7,0,4,2.717277092859149,13.350027000531554,8.6584666762501
1511,Marcelo Brozovic,2015,Inter,AMC,32,2385,4,5,3.4265641076490283,4.911360219120979,56,50,7,0,4,3.4265641076490283,12.496634205803277,8.107865800149739
1511,Marcelo Brozovic,2014,Inter,Sub,15,1062,1,1,1.7103662006556988,1.5448254849761724,30,16,7,0,1,1.7103662006556988,6.493785303086042,4.411114435642958
