player_id,player_name,season,team,position,games,time,goals,assists,xG,xA,shots,key_passes,yellow,red,npg,npxG,xGChain,xGBuildup
7134,Marc Cucurella,2025,Chelsea,DL,8,642,0,2,0.1463775653392076,1.83773803897202,5,11,2,0,0,0.1463775653392076,3.2521873340010643,2.742985911667347
7134,Marc Cucurella,2024,Chelsea,DL,36,3006,5,1,3.161697162315249,1.8079495672136543,24,19,8,1,5,3.161697162315249,15.487519605085254,12.07672212831676
7134,Marc Cucurella,2023,Chelsea,DR,21,1788,0,2,1.4538506548851728,1.254556130617857,8,19,10,0,0,1.4538506548851728,12.102387934923172,10.091670595109465
7134,Marc Cucurella,2022,Chelsea,Sub,24,1682,0,2,0.3548601996153593,1.018142694607377,7,11,4,0,0,0.3548601996153593,7.76440688315779,7.255774774588644
7134,Marc Cucurella,2021,Brighton,ML,35,3102,1,1,0.7293017916381359,2.871598906815052,18,42,6,0,1,0.7293017916381359,11.111791513860226,9.069734355434775
7134,Marc Cucurella,2021,Getafe,Sub,1,18,0,0,0.144554004073143,0.0662050023674964,1,1,0,0,0,0.144554004073143,0.2464520037174224,0.1018979996442794
7134,Marc Cucurella,2020,Getafe,ML,37,3255,3,2,2.204234382137656,3.6014319956302643,25,40,8,0,3,2.204234382137656,9.51705271564424,5.000348560512066
7134,Marc Cucurella,2019,Getafe,ML,37,3279,1,5,2.1849815733730797,4.696626329794526,30,52,9,0,1,2.1849815733730797,12.069089180789888,7.761200199835002
7134,Marc Cucurella,2018,Eibar,DL,31,2351,1,2,2.3227227330207825,4.253994854167104,22,31,6,0,1,2.3227227330207825,11.47733375057578,5.957838572561741
