player_id,player_name,season,team,position,games,time,goals,assists,xG,xA,shots,key_passes,yellow,red,npg,npxG,xGChain,xGBuildup
5992,Marcus Thuram,2025,Inter,FW,5,380,3,1,2.67183355987072,1.183239221572876,17,7,0,0,3,2.67183355987072,3.32598514854908,0.8926351144909859
5992,Marcus Thuram,2024,Inter,FW,32,2316,14,4,12.12327221222222,4.545049572363496,65,39,1,0,14,12.12327221222222,20.54565922170877,6.454995878040791
5992,Marcus Thuram,2023,Inter,FW,35,2750,13,7,15.48910939320922,4.38146791793406,77,30,3,0,13,15.48910939320922,25.697542982175943,8.535633765161037
5992,Marcus Thuram,2022,Borussia M.Gladbach,FW,30,2524,13,6,16.923396602272987,3.983339882455766,91,29,3,0,13,16.923396602272987,22.03937479108572,4.194450257346034
5992,Marcus Thuram,2021,Borussia M.Gladbach,Sub,21,965,3,0,5.358774844557047,1.3611742965877056,32,14,2,0,3,5.358774844557047,8.458614377304912,2.762012572959065
5992,Marcus Thuram,2020,Borussia M.Gladbach,Sub,29,1756,8,3,7.582286558113992,1.91364408377558,57,17,3,1,8,7.582286558113992,11.20685980282724,3.494162787683308
5992,Marcus Thuram,2019,Borussia M.Gladbach,FW,31,2225,10,8,11.053867347538471,7.944684710353613,57,31,3,0,10,11.053867347538471,19.86042115092277,4.331068869680166
5992,Marcus Thuram,2018,Guingamp,AML,32,2597,9,1,10.624790946953,2.5626808758825064,63,35,4,2,5,6.824313978664577,9.400591138750316,3.4858382865786552
5992,Marcus Thuram,2017,Guingamp,Sub,32,1922,3,1,4.8480642773211,2.5482580214738846,53,23,2,0,3,4.8480642773211,10.445339801721277,4.095684038475156
