player_id,player_name,season,team,position,games,time,goals,assists,xG,xA,shots,key_passes,yellow,red,npg,npxG,xGChain,xGBuildup
6085,Marcin Kaminski,2022,Schalke 04,DC,8,631,2,0,0.2991238869726658,0.0840664692223072,4,2,0,0,2,0.2991238869726658,2.4079429283738136,2.323876477777958
6085,Marcin Kaminski,2020,VfB Stuttgart,DC,5,221,0,0,0.1103045009076595,0.3151481114327907,2,2,0,0,0,0.1103045009076595,1.596630036830902,1.2814820110797882
6085,Marcin Kaminski,2018,Fortuna Duesseldorf,DC,27,2430,0,1,0.9156891237944365,0.6619097804650664,8,7,1,0,0,0.9156891237944365,4.439213279634714,4.306429252959788
6085,Marcin Kaminski,2017,VfB Stuttgart,DC,23,1126,0,0,0.2178739011287689,0.5056078033521771,4,4,0,0,0,0.2178739011287689,2.2414393723011017,2.0886366181075573
