player_id,player_name,season,team,position,games,time,goals,assists,xG,xA,shots,key_passes,yellow,red,npg,npxG,xGChain,xGBuildup
6357,Marco Richter,2023,Mainz 05,Sub,20,679,1,0,2.062112364917993,1.9792995369061828,38,12,3,0,1,2.062112364917993,3.9209891632199287,1.1464222418144343
6357,Marco Richter,2022,Hertha Berlin,Sub,29,1854,6,5,3.884881011210382,3.2578333280980587,50,21,8,0,6,3.884881011210382,7.805021950043738,3.8960724463686343
6357,Marco Richter,2021,Hertha Berlin,Sub,30,1706,5,1,3.805230471305549,2.7308399891480803,44,17,6,0,5,3.805230471305549,8.316547573544085,3.704845384694636
6357,Marco Richter,2020,Augsburg,Sub,29,1403,3,1,4.99990101531148,1.3199817165732384,55,15,2,1,3,4.99990101531148,6.450926210731268,0.7611310109496117
6357,Marco Richter,2019,Augsburg,Sub,31,2304,4,3,4.513177250511944,1.9272085074335337,64,21,2,0,4,4.513177250511944,10.422672158107162,4.622381391003728
6357,Marco Richter,2018,Augsburg,FW,25,1434,4,6,3.430768808349967,2.3449832126498222,55,16,4,0,4,3.430768808349967,8.431046262383461,3.559801877476275
6357,Marco Richter,2017,Augsburg,Sub,12,597,1,0,0.6681861961260438,1.4132622927427292,12,8,0,0,1,0.6681861961260438,2.699984914623201,0.7179520092904568
