player_id,player_name,season,team,position,games,time,goals,assists,xG,xA,shots,key_passes,yellow,red,npg,npxG,xGChain,xGBuildup
11349,Mario Martín,2025,Getafe,MC,9,625,1,0,0.6427783668041229,0.1391097344458103,6,2,3,0,1,0.6427783668041229,0.6425684057176113,0.2867223173379898
11349,Mario Martín,2024,Real Valladolid,Sub,30,1740,0,1,1.6727460799738765,1.3807980883866549,27,12,6,3,0,1.6727460799738765,6.022261788137257,3.702557012438774
11349,Mario Martín,2023,Real Madrid,Sub,2,9,0,0,0.0,0.0,0,0,0,0,0,0.0,0.0,0.0
