player_id,player_name,season,team,position,games,time,goals,assists,xG,xA,shots,key_passes,yellow,red,npg,npxG,xGChain,xGBuildup
10577,Mario Gila,2025,Lazio,DC,7,624,0,0,0.1748094297945499,0.0746778175234794,5,1,1,0,0,0.1748094297945499,1.619300328195095,1.619300328195095
10577,Mario Gila,2024,Lazio,DC,32,2740,1,0,0.9575563902035356,0.7198654301464558,15,15,8,0,1,0.9575563902035356,11.041901929304004,10.882915522903204
10577,Mario Gila,2023,Lazio,DC,21,1822,0,0,0.4283573627471924,0.6459688115864992,8,7,2,1,0,0.4283573627471924,6.568248246796429,6.382926278747618
10577,Mario Gila,2022,Lazio,Sub,4,73,0,0,0.0,0.0,0,0,0,0,0,0.0,1.0836139619350431,1.0836139619350431
10577,Mario Gila,2021,Real Madrid,Sub,2,18,0,0,0.0,0.0,0,0,0,0,0,0.0,0.0968521013855934,0.0968521013855934
