player_id,player_name,season,team,position,games,time,goals,assists,xG,xA,shots,key_passes,yellow,red,npg,npxG,xGChain,xGBuildup
865,Marko Arnautovic,2024,Inter,Sub,18,531,4,2,4.483994249254465,0.9996647089719772,14,7,1,0,4,4.483994249254465,4.679309174418449,1.4731150679290297
865,Marko Arnautovic,2023,Inter,Sub,27,748,5,3,5.603070825338364,2.8958673030138016,17,16,0,0,5,5.603070825338364,9.66440336406231,2.5932205468416214
865,Marko Arnautovic,2022,Bologna,FW,21,1556,10,0,8.071489023044705,2.5909547666087747,31,22,5,0,7,5.787593238987029,10.896913611330092,3.1932739103212957
865,Marko Arnautovic,2021,Bologna,FW,33,2712,14,1,15.744558840990068,3.620817095041275,91,43,6,0,12,13.460662811994553,18.33075999096036,5.762819492258132
865,Marko Arnautovic,2018,West Ham,FW,28,2006,10,4,8.936907790601254,3.999951150268316,62,36,3,0,9,8.175812758505344,12.378125626593828,2.8474413827061653
865,Marko Arnautovic,2017,West Ham,AML,31,2343,11,6,9.801479201763868,4.4477998204529285,71,34,5,1,11,9.801479201763868,13.03737136349082,2.687312562018633
865,Marko Arnautovic,2016,Stoke,AML,32,2742,6,5,9.1962870080024,7.129753512330353,60,50,9,1,6,8.43511831946671,17.06825363636017,4.3215431571006775
865,Marko Arnautovic,2015,Stoke,AML,34,2836,11,6,12.05915871821344,6.117617999669164,70,50,2,0,8,9.77568761818111,18.740881614387035,6.815894588828087
865,Marko Arnautovic,2014,Stoke,AML,29,1930,1,5,3.115516749210656,3.5108031556010246,44,42,2,0,1,3.115516749210656,8.556447265669703,3.459008727222681
