player_id,player_name,season,team,position,games,time,goals,assists,xG,xA,shots,key_passes,yellow,red,npg,npxG,xGChain,xGBuildup
12842,Mark McKenzie,2025,Toulouse,DC,8,653,0,0,0.0,0.2002891935408115,0,2,2,0,0,0.0,1.1915319934487345,0.9912427812814713
12842,Mark McKenzie,2024,Toulouse,DC,30,2504,1,1,1.791058113798499,0.4668611120432615,8,4,1,1,1,1.791058113798499,8.477668391540647,8.392160452902317
