player_id,player_name,season,team,position,games,time,goals,assists,xG,xA,shots,key_passes,yellow,red,npg,npxG,xGChain,xGBuildup
2517,Martin Odegaard,2025,Arsenal,MC,6,193,0,1,0.1658035852015018,0.7574908211827278,4,3,0,0,0,0.1658035852015018,1.2668863274157047,1.0461063385009766
2517,Martin Odegaard,2024,Arsenal,MC,30,2343,3,8,5.635795846581459,7.852103857323527,49,63,4,0,2,4.874626979231834,19.575034234672785,11.76090756803751
2517,Martin Odegaard,2023,Arsenal,MC,35,3117,8,10,7.670226177200675,11.577396512031555,77,102,2,0,6,6.147925289347768,29.81505699455738,18.13802364096045
2517,Martin Odegaard,2022,Arsenal,AMC,37,3203,15,7,9.137760860845448,9.209956639446318,93,77,4,0,15,9.137760860845448,27.893760193139315,15.047104069963098
2517,Martin Odegaard,2021,Arsenal,MC,36,2803,7,4,4.223581701517105,6.601951729506254,53,75,4,0,7,4.223581701517105,18.23505182750523,10.91330983582884
2517,Martin Odegaard,2020,Arsenal,Sub,14,865,1,2,0.618740500882268,1.9558854773640637,15,19,0,0,1,0.618740500882268,5.297232031822205,4.07069668546319
2517,Martin Odegaard,2020,Real Madrid,AMC,7,230,0,0,0.178914800286293,0.3726124949753284,3,5,0,0,0,0.178914800286293,0.6706940084695816,0.1682616025209427
2517,Martin Odegaard,2019,Real Sociedad,MC,31,2545,4,6,3.2843532022088766,6.726570643484592,50,62,3,0,4,3.2843532022088766,11.995471032336354,8.068087588995695
2517,Martin Odegaard,2014,Real Madrid,Sub,1,31,0,0,0.0,0.1270820051431656,0,1,0,0,0,0.0,0.2086170017719268,0.2086170017719268
