player_id,player_name,season,team,position,games,time,goals,assists,xG,xA,shots,key_passes,yellow,red,npg,npxG,xGChain,xGBuildup
8040,Marvelous Nakamba,2023,Luton,MC,13,1140,0,0,0.1364169279113412,0.3258170820772648,5,7,5,0,0,0.1364169279113412,3.025253765285015,2.7535953894257545
8040,Marvelous Nakamba,2021,Aston Villa,DMC,16,905,0,0,0.0,0.0453882999718189,0,2,5,0,0,0.0,1.7517936192452908,1.7517936192452908
8040,Marvelous Nakamba,2020,Aston Villa,Sub,13,757,0,0,0.0330834994092583,0.0593339018523693,2,2,3,0,0,0.0330834994092583,0.8930104114115238,0.8114348081871867
8040,Marvelous Nakamba,2019,Aston Villa,MC,29,1836,0,0,0.1315447017550468,0.5477455705404282,7,12,5,0,0,0.1315447017550468,4.796767007559538,4.29724601842463
