player_id,player_name,season,team,position,games,time,goals,assists,xG,xA,shots,key_passes,yellow,red,npg,npxG,xGChain,xGBuildup
9092,Marvin Senaya,2025,Auxerre,DR,8,711,0,0,0.7863298244774342,0.0533963590860366,8,2,3,0,0,0.7863298244774342,1.06066957116127,0.9326120652258396
9092,Marvin Senaya,2024,Strasbourg,Sub,10,193,0,0,0.0254843551665544,0.1141876205801963,1,2,3,0,0,0.0254843551665544,0.4306453373283148,0.363381166011095
9092,Marvin Senaya,2023,Strasbourg,Sub,32,2130,1,1,1.1762971673160791,2.655311161652208,15,20,3,1,1,1.1762971673160791,9.351579528301954,6.039935726672411
9092,Marvin Senaya,2022,Strasbourg,Sub,1,4,0,0,0.0,0.0,0,0,0,0,0,0.0,0.0,0.0
