player_id,player_name,season,team,position,games,time,goals,assists,xG,xA,shots,key_passes,yellow,red,npg,npxG,xGChain,xGBuildup
4376,Marvin Schw채be,2025,FC Cologne,GK,7,630,0,0,0,0.0,0,0,0,0,0,0,1.1367420367896557,1.1367420367896557
4376,Marvin Schw채be,2023,FC Cologne,GK,34,3060,0,0,0,0.025182869285345,0,1,0,0,0,0,2.4870402198284864,2.461857346817851
4376,Marvin Schw채be,2022,FC Cologne,GK,34,3060,0,0,0,0.0,0,0,1,0,0,0,5.439777318388224,5.439777318388224
4376,Marvin Schw채be,2021,FC Cologne,GK,21,1890,0,0,0,0.0,0,0,1,0,0,0,1.7158477939665318,1.7158477939665318
