player_id,player_name,season,team,position,games,time,goals,assists,xG,xA,shots,key_passes,yellow,red,npg,npxG,xGChain,xGBuildup
4329,Marvin Ducksch,2024,Werder Bremen,FW,32,2477,8,8,10.446885596960785,10.059994157403708,71,61,3,0,7,8.931332174688578,19.355842046439648,4.983372114598751
4329,Marvin Ducksch,2023,Werder Bremen,FW,33,2734,12,9,12.536896999925377,8.121447345241904,80,58,8,0,7,7.9902367405593395,17.139057140797377,7.284846526570618
4329,Marvin Ducksch,2022,Werder Bremen,FW,34,2888,12,6,10.8906710408628,5.1176732471212745,94,51,3,0,12,10.132894050329924,16.19248654320836,3.878561289049685
4329,Marvin Ducksch,2018,Fortuna Duesseldorf,Sub,16,813,1,1,1.7365721091628077,1.955379355698824,18,19,1,0,1,1.7365721091628077,3.592343606054783,1.1278418116271496
4329,Marvin Ducksch,2014,Paderborn,Sub,9,202,1,0,0.5576211921870708,1.0783489383757114,6,5,0,0,1,0.5576211921870708,1.0927595794200895,0.0971031971275806
