player_id,player_name,season,team,position,games,time,goals,assists,xG,xA,shots,key_passes,yellow,red,npg,npxG,xGChain,xGBuildup
211,Marvin Schulz,2024,Holstein Kiel,Sub,12,278,0,0,0.065550822764635,0.3836157452315092,3,3,3,0,0,0.065550822764635,1.3431706633418798,1.0028056968003511
211,Marvin Schulz,2015,Borussia M.Gladbach,DC,8,392,0,1,0.0233379006385803,0.08420330286026,1,1,0,0,0,0.0233379006385803,0.502964798361063,0.4796268939971924
