player_id,player_name,season,team,position,games,time,goals,assists,xG,xA,shots,key_passes,yellow,red,npg,npxG,xGChain,xGBuildup
11881,Marvin Çuni,2024,Rubin Kazan,Sub,10,442,0,0,0.4984085857868194,0.4140174724161625,6,3,1,0,0,0.4984085857868194,1.0500714480876925,0.1376453936100006
11881,Marvin Çuni,2023,Frosinone,FW,22,506,1,0,1.3647625744342804,0.3008130341768265,10,6,0,0,1,1.3647625744342804,1.8656647372990849,0.5133898202329874
