player_id,player_name,season,team,position,games,time,goals,assists,xG,xA,shots,key_passes,yellow,red,npg,npxG,xGChain,xGBuildup
985,Mason Holgate,2024,Everton,Sub,1,1,0,0,0.0,0.0,0,0,0,0,0,0.0,0.0,0.0
985,Mason Holgate,2023,Sheffield United,DC,10,718,0,0,0.9260915219783784,0.4414309561252594,3,1,3,1,0,0.9260915219783784,1.08466067770496,0.6432297215797007
985,Mason Holgate,2022,Everton,Sub,8,505,0,0,0.9284062683582306,0.3237291630357504,4,6,1,1,0,0.9284062683582306,1.3223813269287348,1.0586145222187042
985,Mason Holgate,2021,Everton,DC,25,2137,2,1,1.660384014248848,0.1045862026512622,7,3,6,1,2,1.660384014248848,1.5720062172040343,1.5205509206280112
985,Mason Holgate,2020,Everton,DC,28,2298,1,0,1.2981894947588444,0.5711942873895168,5,8,9,0,1,1.2981894947588444,3.790853295475245,3.348965907469392
985,Mason Holgate,2019,Everton,Sub,27,2047,0,3,1.4054015278816223,1.1222637072205544,12,4,5,0,0,1.4054015278816223,6.361286384984851,5.70923450216651
985,Mason Holgate,2018,Everton,Sub,5,407,0,0,0.0,0.0,0,0,1,0,0,0.0,0.6817190982401371,0.6817190982401371
985,Mason Holgate,2017,Everton,DMR,15,1182,0,0,0.4696716889739036,0.6658227127045393,5,7,3,0,0,0.4696716889739036,1.6756435371935368,0.999502019956708
985,Mason Holgate,2016,Everton,DC,18,1378,0,1,0.3201606087386608,1.572614874690771,6,9,2,0,0,0.3201606087386608,5.161694630980492,4.277142629027367
