player_id,player_name,season,team,position,games,time,goals,assists,xG,xA,shots,key_passes,yellow,red,npg,npxG,xGChain,xGBuildup
943,Massadio Haidara,2024,Brest,DL,22,1707,0,0,0.3047369616106152,0.3982803719118237,10,8,1,2,0,0.3047369616106152,3.7239928925409913,3.31125532835722
943,Massadio Haidara,2023,Lens,Sub,18,719,0,1,0.1577987223863601,0.2441441714763641,3,1,1,0,0,0.1577987223863601,1.47297989949584,1.0710370242595673
943,Massadio Haidara,2022,Lens,Sub,36,1634,0,1,1.5074032433331013,1.6356545984745026,12,8,5,0,0,1.5074032433331013,5.990658335387707,4.873950723558664
943,Massadio Haidara,2021,Lens,Sub,20,1066,1,1,0.3354829037562012,0.1480713002383709,5,3,5,1,1,0.3354829037562012,3.0753670362755656,2.8519921340048318
943,Massadio Haidara,2020,Lens,ML,25,2141,2,1,2.19357580691576,1.6948875300586224,12,17,6,0,2,2.19357580691576,6.426639188081026,4.733373847790062
943,Massadio Haidara,2017,Newcastle United,Sub,1,1,0,0,0.0,0.0,0,0,0,0,0,0.0,0.0,0.0
943,Massadio Haidara,2015,Newcastle United,DL,7,554,0,0,0.0466082002967596,0.0746975019574165,3,2,1,0,0,0.0466082002967596,0.5517044104635715,0.4461160153150558
943,Massadio Haidara,2014,Newcastle United,DL,15,1092,0,1,0.1060660416260361,0.3449203073978424,7,8,0,0,0,0.1060660416260361,2.395615186542273,2.0986422933638096
