player_id,player_name,season,team,position,games,time,goals,assists,xG,xA,shots,key_passes,yellow,red,npg,npxG,xGChain,xGBuildup
9793,Matías Dituro,2025,Elche,GK,5,450,0,0,0.0,0.0772495418787002,0,1,1,0,0,0.0,1.6633878611028194,1.5861383341252804
9793,Matías Dituro,2021,Celta Vigo,GK,38,3420,0,0,0.0439242012798786,0.0436379984021186,1,1,1,0,0,0.0439242012798786,4.0307887475937605,3.9871507566422224
