player_id,player_name,season,team,position,games,time,goals,assists,xG,xA,shots,key_passes,yellow,red,npg,npxG,xGChain,xGBuildup
10781,Mateusz Wieteska,2024,Cagliari,DC,5,170,0,0,0.3743296265602112,0.1158414855599403,1,1,1,0,0,0.3743296265602112,0.2021644469350576,0.0863229613751173
10781,Mateusz Wieteska,2023,Cagliari,DC,19,954,0,1,0.2734787259250879,0.5759464874863625,4,4,3,1,0,0.2734787259250879,1.5842874646186829,1.2992527848109603
10781,Mateusz Wieteska,2023,Clermont Foot,DC,2,180,1,0,0.0806244257837534,0.0,3,0,0,0,1,0.0806244257837534,0.7649957537651062,0.7649957537651062
10781,Mateusz Wieteska,2022,Clermont Foot,DC,35,3127,0,1,2.2902032490819693,0.711905213072896,16,3,7,1,0,2.2902032490819693,6.617553901858628,6.603171699680388
