player_id,player_name,season,team,position,games,time,goals,assists,xG,xA,shots,key_passes,yellow,red,npg,npxG,xGChain,xGBuildup
12948,Mateus Fernandes,2025,West Ham,AML,6,462,0,0,0.0873686056584119,0.3197760581970215,3,4,0,0,0,0.0873686056584119,0.6853706352412701,0.4090019296854734
12948,Mateus Fernandes,2024,Southampton,Sub,36,2964,2,4,5.0105931609869,3.847336508333683,42,34,8,0,2,5.0105931609869,12.354681935161352,6.976256597787142
