player_id,player_name,season,team,position,games,time,goals,assists,xG,xA,shots,key_passes,yellow,red,npg,npxG,xGChain,xGBuildup
4381,Mateusz Klich,2022,Leeds,Sub,14,224,0,0,0.1730077974498272,0.2886551991105079,4,5,2,0,0,0.1730077974498272,1.2394929844886065,0.9285477884113787
4381,Mateusz Klich,2021,Leeds,MC,33,2117,1,2,2.701991078443825,1.9125773273408413,42,32,5,0,1,2.701991078443825,8.965397104620934,5.376784522086382
4381,Mateusz Klich,2020,Leeds,MC,35,2404,4,5,2.9999594227410853,3.650848997756839,36,44,6,0,2,1.4776212074793875,14.60811636596918,10.386437094770372
