player_id,player_name,season,team,position,games,time,goals,assists,xG,xA,shots,key_passes,yellow,red,npg,npxG,xGChain,xGBuildup
9780,Mathys Tel,2025,Tottenham,Sub,6,241,1,0,0.1846950035542249,0.0,4,0,0,0,1,0.1846950035542249,0.2952787019312382,0.1105836983770132
9780,Mathys Tel,2024,Tottenham,FW,13,920,2,1,2.799501243978739,2.507141198962927,23,14,2,0,1,2.0383324064314365,5.105695888400078,1.6562889069318771
9780,Mathys Tel,2024,Bayern Munich,ML,8,246,0,1,0.8943723309785128,0.5589722990989685,10,1,0,0,0,0.8943723309785128,3.095596618950367,1.6422520205378532
9780,Mathys Tel,2023,Bayern Munich,Sub,30,965,7,5,4.882880583405495,2.5551925227046013,43,12,2,0,7,4.882880583405495,11.930157478898764,5.437594532966614
9780,Mathys Tel,2022,Bayern Munich,Sub,22,356,5,0,3.4526608996093278,0.6357373185455799,20,6,2,0,5,3.4526608996093278,5.112999714910984,1.1535096727311611
9780,Mathys Tel,2021,Rennes,Sub,7,44,0,0,0.1795047968626022,0.0919741988182067,3,1,0,0,0,0.1795047968626022,0.6740342788398266,0.5386639833450317
