player_id,player_name,season,team,position,games,time,goals,assists,xG,xA,shots,key_passes,yellow,red,npg,npxG,xGChain,xGBuildup
8094,Mathis Cherki,2025,Manchester City,Sub,3,76,1,0,0.1227756217122078,0.8307145535945892,2,2,0,0,1,0.1227756217122078,0.6378979310393333,0.5151223242282867
8094,Mathis Cherki,2024,Lyon,Sub,30,2050,8,11,5.321216896176338,11.826800273731353,45,75,3,0,8,5.321216896176338,20.805470407009125,10.926877833902836
8094,Mathis Cherki,2023,Lyon,AML,33,1721,1,6,5.684411404654384,4.492587501183152,57,43,0,0,1,5.684411404654384,12.1333181373775,4.881457727402449
8094,Mathis Cherki,2022,Lyon,Sub,34,1871,4,6,5.026033102534711,7.575714014470577,61,68,3,0,4,5.026033102534711,17.07565750926733,7.808850694447756
8094,Mathis Cherki,2021,Lyon,FWL,16,412,0,1,0.7207962428219616,0.8461429253220558,14,12,1,0,0,0.7207962428219616,2.071687418967485,1.1472289878875015
8094,Mathis Cherki,2020,Lyon,Sub,27,663,1,3,1.2114495169371369,1.944522600620985,18,13,1,1,1,1.2114495169371369,5.334747731685638,3.0995704866945744
8094,Mathis Cherki,2019,Lyon,Sub,6,135,0,0,0.2466440051794052,0.0955616980791091,3,1,0,0,0,0.2466440051794052,0.3878974020481109,0.0617397986352443
