player_id,player_name,season,team,position,games,time,goals,assists,xG,xA,shots,key_passes,yellow,red,npg,npxG,xGChain,xGBuildup
13051,Matias Fernandez-Pardo,2025,Lille,Sub,8,591,2,1,2.7343962118029594,1.8062371760606768,17,10,2,0,2,2.7343962118029594,5.080063104629517,2.4173543751239777
13051,Matias Fernandez-Pardo,2024,Lille,Sub,22,1060,4,2,3.14273495413363,2.6074153184890747,23,16,4,0,4,3.14273495413363,8.360099844634533,3.0169248208403587
