player_id,player_name,season,team,position,games,time,goals,assists,xG,xA,shots,key_passes,yellow,red,npg,npxG,xGChain,xGBuildup
12868,Mattia Felici,2025,Cagliari,Sub,5,173,1,0,0.6769294738769531,0.1422645598649978,4,3,1,0,1,0.6769294738769531,0.8163298554718494,0.0278949178755283
12868,Mattia Felici,2024,Cagliari,Sub,20,908,0,3,1.0934456456452608,1.2246886799111962,10,10,1,0,0,1.0934456456452608,3.3920855671167374,2.592358149588108
