player_id,player_name,season,team,position,games,time,goals,assists,xG,xA,shots,key_passes,yellow,red,npg,npxG,xGChain,xGBuildup
1486,Mattia Caldara,2023,AC Milan,Sub,1,31,0,0,0.0838537514209747,0.0,1,0,0,0,0,0.0838537514209747,0.0984834730625152,0.0984834730625152
1486,Mattia Caldara,2022,Spezia,DC,20,1241,0,0,0.7644212944433093,0.0165529996156692,10,1,6,0,0,0.7644212944433093,1.652215232141316,1.4099697284400463
1486,Mattia Caldara,2021,Venezia,DC,31,2703,1,0,1.8033107947558165,0.0972339967265725,15,3,9,0,1,1.8033107947558165,3.300024898722768,2.9486567042768
1486,Mattia Caldara,2020,Atalanta,DC,6,105,0,0,0.4260250106453895,0.0,2,0,1,0,0,0.4260250106453895,0.8450074046850204,0.8450074046850204
1486,Mattia Caldara,2019,Atalanta,DC,14,963,0,1,0.1086410023272037,0.559319019317627,5,1,1,0,0,0.1086410023272037,3.55089111905545,3.55089111905545
1486,Mattia Caldara,2017,Atalanta,DC,24,2160,3,0,3.9860919136554,0.0994093026965856,11,3,5,0,3,3.2247926350682974,3.2250906378030777,2.7464890088886023
1486,Mattia Caldara,2016,Atalanta,DC,30,2656,7,0,3.656115163117647,0.3348072934895754,17,4,4,0,7,3.656115163117647,4.788961940445006,4.273632236756384
