player_id,player_name,season,team,position,games,time,goals,assists,xG,xA,shots,key_passes,yellow,red,npg,npxG,xGChain,xGBuildup
8522,Matteo Lovato,2023,Salernitana,DC,13,951,0,0,0.023898297920823,0.1685897819697857,1,3,2,0,0,0.023898297920823,1.6614203825592997,1.5863696075975895
8522,Matteo Lovato,2023,Torino,Sub,13,531,0,0,0.0305211581289768,0.0,1,0,2,0,0,0.0305211581289768,1.3948535602539778,1.3948535602539778
8522,Matteo Lovato,2022,Salernitana,DC,17,787,0,0,0.0221066009253263,0.0,1,0,2,0,0,0.0221066009253263,1.436126945540309,1.4140203446149826
8522,Matteo Lovato,2021,Cagliari,DC,16,1241,0,0,0.3696199050173163,0.1440642941743135,6,4,4,0,0,0.3696199050173163,1.6234332211315632,1.4693589136004448
8522,Matteo Lovato,2021,Atalanta,Sub,6,302,0,1,0.0244989991188049,0.1370133012533188,1,2,1,0,0,0.0244989991188049,1.6129930019378662,1.4759800136089325
8522,Matteo Lovato,2020,Verona,Sub,24,1377,0,0,0.0218547005206346,0.1767958980053663,1,4,5,0,0,0.0218547005206346,3.0234288685023785,2.846633117645979
8522,Matteo Lovato,2019,Verona,Sub,1,7,0,0,0.0,0.0,0,0,0,0,0,0.0,0.0,0.0
