player_id,player_name,season,team,position,games,time,goals,assists,xG,xA,shots,key_passes,yellow,red,npg,npxG,xGChain,xGBuildup
11959,Matteo Prati,2025,Cagliari,MC,7,487,0,0,0.2388057000935077,0.6561147272586823,5,5,1,0,0,0.2388057000935077,1.211558325216174,0.7670463901013136
11959,Matteo Prati,2024,Cagliari,MC,12,579,0,0,0.0736525598913431,0.5021635591983795,4,6,1,0,0,0.0736525598913431,1.219874769449234,0.9838402755558492
11959,Matteo Prati,2023,Cagliari,MC,26,1978,1,1,2.1295204116031528,0.582101290114224,35,14,4,0,1,2.1295204116031528,4.893152610398829,4.056498377583921
