player_id,player_name,season,team,position,games,time,goals,assists,xG,xA,shots,key_passes,yellow,red,npg,npxG,xGChain,xGBuildup
7013,Matteo Pessina,2024,Monza,MC,11,866,0,0,0.1847082301974296,0.1058181272819638,3,4,2,0,0,0.1847082301974296,1.6727564288303256,1.504181757569313
7013,Matteo Pessina,2023,Monza,MC,37,3243,6,3,6.191244266927242,1.2209580885246396,28,27,3,1,2,2.3847501277923584,13.443852856755257,10.650530990213156
7013,Matteo Pessina,2022,Monza,Sub,35,2958,5,3,4.65973300114274,2.254064967855811,28,22,6,0,2,2.375836374238133,13.934903036803007,10.935007290914657
7013,Matteo Pessina,2021,Atalanta,MC,27,1442,1,1,2.280635805800557,1.395274292677641,28,24,0,0,1,2.280635805800557,9.607328966259956,6.697830958291888
7013,Matteo Pessina,2020,Atalanta,Sub,28,1667,2,2,2.494797609746456,2.9365962110459805,22,27,2,0,2,2.494797609746456,13.3569112746045,8.992734367959201
7013,Matteo Pessina,2019,Verona,Sub,35,2495,7,0,5.356208799406886,1.7598204668611288,30,22,7,0,7,5.356208799406886,11.804108536802232,6.361335165798664
7013,Matteo Pessina,2018,Atalanta,Sub,12,225,0,1,0.0476889694109559,0.3285429924726486,3,2,0,0,0,0.0476889694109559,0.9899078067392112,0.9899078067392112
