player_id,player_name,season,team,position,games,time,goals,assists,xG,xA,shots,key_passes,yellow,red,npg,npxG,xGChain,xGBuildup
9490,Matthis Abline,2025,Nantes,Sub,8,523,0,1,2.1879259757697582,0.8416475038975477,19,6,0,0,0,1.427830796688795,2.578996455296874,0.9949824959039688
9490,Matthis Abline,2024,Nantes,FW,34,2823,9,2,9.465332236140966,4.202982425689697,73,26,3,0,8,8.705237116664648,15.98995957430452,4.608626442961395
9490,Matthis Abline,2023,Nantes,FW,22,1048,5,0,3.47554353903979,2.266896899789572,42,17,1,0,5,3.47554353903979,7.098511226475239,1.9423844907432797
9490,Matthis Abline,2022,Auxerre,FW,19,800,2,1,3.3316696882247925,0.8845000304281712,26,5,1,0,1,1.8114797435700891,3.211228910833597,0.9393337508663536
9490,Matthis Abline,2022,Rennes,Sub,11,78,1,0,1.081535905599594,0.2082449942827224,6,2,0,0,1,1.081535905599594,1.2897808998823166,0.0
9490,Matthis Abline,2021,Rennes,Sub,7,90,0,0,0.7780375275760889,0.0,2,0,0,0,0,0.7780375275760889,0.7528120279312134,0.0
9490,Matthis Abline,2020,Rennes,Sub,1,1,0,0,0.0,0.0,0,0,0,0,0,0.0,0.0,0.0
