player_id,player_name,season,team,position,games,time,goals,assists,xG,xA,shots,key_passes,yellow,red,npg,npxG,xGChain,xGBuildup
8918,Max Lowe,2023,Sheffield United,DML,10,499,0,0,0.9397587776184082,0.012994728051126,2,1,1,0,0,0.9397587776184082,1.840770854614675,0.8880173694342375
8918,Max Lowe,2020,Sheffield United,DML,8,554,0,0,0.0867580976337194,0.1874980032444,2,2,1,0,0,0.0867580976337194,1.3047473207116127,1.0304902158677578
