player_id,player_name,season,team,position,games,time,goals,assists,xG,xA,shots,key_passes,yellow,red,npg,npxG,xGChain,xGBuildup
8853,Maxence Lacroix,2025,Crystal Palace,DC,8,720,0,1,1.0482782647013664,0.6158778071403503,4,2,1,0,0,1.0482782647013664,3.355765253305435,2.739887431263924
8853,Maxence Lacroix,2024,Crystal Palace,DC,35,3126,1,1,2.7525001103058457,1.6881468072533607,30,8,5,0,1,2.7525001103058457,8.140122196637094,6.942754318006337
8853,Maxence Lacroix,2023,Wolfsburg,DC,28,2365,4,1,1.0067627653479576,0.6478007826954126,12,8,3,3,4,1.0067627653479576,6.921689668670297,6.5668864864856005
8853,Maxence Lacroix,2022,Wolfsburg,DC,24,1625,1,0,0.4165764041244983,0.0744308996945619,5,3,1,0,1,0.4165764041244983,5.442830154672265,5.442830154672265
8853,Maxence Lacroix,2021,Wolfsburg,DC,29,2508,0,0,1.0028163557872176,0.7029376104474068,17,7,3,3,0,1.0028163557872176,7.348980750888586,6.630478587001562
8853,Maxence Lacroix,2020,Wolfsburg,DC,30,2589,1,1,1.4924166649580002,0.2427431065589189,16,4,4,0,1,1.4924166649580002,9.67369775660336,9.58910478837788
