player_id,player_name,season,team,position,games,time,goals,assists,xG,xA,shots,key_passes,yellow,red,npg,npxG,xGChain,xGBuildup
9703,Maxim Leitsch,2025,Mainz 05,Sub,2,68,0,0,0.0,0.0,0,0,0,0,0,0.0,0.0,0.0
9703,Maxim Leitsch,2024,Mainz 05,DC,14,643,1,0,1.1409423695877194,0.1208632178604602,5,2,2,0,1,1.1409423695877194,1.433543872088194,0.9806566014885902
9703,Maxim Leitsch,2023,Mainz 05,DC,7,377,0,0,0.0,0.0,0,0,0,0,0,0.0,0.3328197039663791,0.3328197039663791
9703,Maxim Leitsch,2022,Mainz 05,DC,9,659,0,0,0.0846455032005906,0.0140263997018337,2,1,0,0,0,0.0846455032005906,0.827564986422658,0.8041619826108217
9703,Maxim Leitsch,2021,Bochum,DC,19,1536,1,0,1.0440027676522732,0.6111973002552986,5,3,2,0,1,1.0440027676522732,3.4308083560317755,3.4210385512560606
