player_id,player_name,season,team,position,games,time,goals,assists,xG,xA,shots,key_passes,yellow,red,npg,npxG,xGChain,xGBuildup
8137,Maximilian Beier,2025,Borussia Dortmund,AMC,6,417,1,1,1.245411396026611,0.3806150276213884,5,2,0,0,1,1.245411396026611,2.8570688609033823,1.3084299508482218
8137,Maximilian Beier,2024,Borussia Dortmund,Sub,29,1578,8,5,9.488328475505114,3.210040792822838,42,25,2,0,8,9.488328475505114,14.034051459282637,4.297043411061168
8137,Maximilian Beier,2023,Hoffenheim,Sub,33,2477,16,1,12.45765060186386,2.661381559446454,82,24,1,0,16,12.45765060186386,15.76284497603774,2.5732957124710083
8137,Maximilian Beier,2020,Hoffenheim,Sub,3,7,0,0,0.0,0.0,0,0,0,0,0,0.0,0.0,0.0
8137,Maximilian Beier,2019,Hoffenheim,Sub,6,93,0,0,0.9995740056037904,0.055103201419115,5,1,1,0,0,0.9995740056037904,1.588647961616516,0.5339720249176025
