player_id,player_name,season,team,position,games,time,goals,assists,xG,xA,shots,key_passes,yellow,red,npg,npxG,xGChain,xGBuildup
11841,Maximilian Wittek,2024,Bochum,DL,32,2644,0,0,1.7229898367077112,3.3077356219291687,41,44,7,0,0,1.7229898367077112,8.908103629946709,5.794904746115208
11841,Maximilian Wittek,2023,Bochum,DML,21,1060,3,1,1.3438246101140976,1.0201581176370382,26,24,4,0,3,1.3438246101140976,3.364954423159361,1.730381866917014
