player_id,player_name,season,team,position,games,time,goals,assists,xG,xA,shots,key_passes,yellow,red,npg,npxG,xGChain,xGBuildup
9487,Maxime Estève,2025,Burnley,DC,8,717,0,0,0.1381386984139681,0.0348956920206546,4,1,0,0,0,0.1381386984139681,0.3234941996634006,0.3045799247920513
9487,Maxime Estève,2023,Burnley,Sub,16,1314,0,0,0.2405825015157461,0.0125734973698854,7,1,6,0,0,0.2405825015157461,1.9057064168155196,1.8650701008737087
9487,Maxime Estève,2023,Montpellier,DL,12,1002,1,1,0.4332976965233683,0.2463138867169618,6,5,1,1,1,0.4332976965233683,1.1448569484055042,1.071659415960312
9487,Maxime Estève,2022,Montpellier,Sub,23,1633,0,0,0.4239177107810974,0.0217300001531839,6,1,3,0,0,0.4239177107810974,2.239713194780052,2.217983203940093
9487,Maxime Estève,2021,Montpellier,DC,24,1847,0,0,0.7381463795900345,0.1346344985067844,5,2,2,0,0,0.7381463795900345,1.585178802255541,1.585178802255541
