player_id,player_name,season,team,position,games,time,goals,assists,xG,xA,shots,key_passes,yellow,red,npg,npxG,xGChain,xGBuildup
9716,Maximilian Bauer,2024,Augsburg,Sub,11,647,0,0,0.0990944728255271,0.2485245633870363,1,2,1,0,0,0.0990944728255271,1.1603566110134125,0.9118320643901824
9716,Maximilian Bauer,2023,Augsburg,DC,14,798,1,0,1.4807326756417751,0.0,4,0,3,0,1,1.4807326756417751,2.0538846105337143,2.0538846105337143
9716,Maximilian Bauer,2022,Augsburg,DC,27,1841,0,1,1.2504343139007688,0.4464748632162809,8,4,8,0,0,1.2504343139007688,3.578761273995042,3.554126020520925
9716,Maximilian Bauer,2021,Greuther Fuerth,DC,26,1675,0,0,0.1860027881339192,0.0512703992426395,5,1,5,0,0,0.1860027881339192,1.6551500940695405,1.6551500940695405
