player_id,player_name,season,team,position,games,time,goals,assists,xG,xA,shots,key_passes,yellow,red,npg,npxG,xGChain,xGBuildup
3233,Mehdi Zeffane,2023,Clermont Foot,DMR,23,1254,0,0,1.455025055445731,0.3824244737625122,19,9,2,0,0,1.455025055445731,4.349929953925312,3.0039259158074856
3233,Mehdi Zeffane,2022,Clermont Foot,Sub,18,643,1,1,0.848103703930974,0.6333912182599306,7,9,1,0,1,0.848103703930974,2.6476705549284816,1.2592798247933388
3233,Mehdi Zeffane,2021,Krylya Sovetov Samara,DR,15,1063,0,0,0.2344312192872166,0.1235852017998695,9,3,2,0,0,0.2344312192872166,2.3624436110258102,2.0499493069946766
3233,Mehdi Zeffane,2019,Krylya Sovetov Samara,DL,6,489,0,0,0.0385802015662193,0.0228978004306554,2,2,0,0,0,0.0385802015662193,1.096549799665809,1.03507100045681
3233,Mehdi Zeffane,2018,Rennes,Sub,20,1207,1,0,0.6675453223288059,0.9617205932736396,6,11,4,0,1,0.6675453223288059,3.6419317182153454,2.7584459958598018
3233,Mehdi Zeffane,2017,Rennes,Sub,15,993,0,1,0.3558619380928576,0.7535454779863358,15,5,0,0,0,0.3558619380928576,1.5978128123097122,1.2181257735937834
3233,Mehdi Zeffane,2016,Rennes,MR,1,75,0,0,0.0311373006552457,0.0917126014828682,1,1,0,0,0,0.0311373006552457,0.049364399164915,0.049364399164915
3233,Mehdi Zeffane,2015,Rennes,Sub,16,804,1,1,0.4462033445015549,0.4418027922511101,13,6,1,0,1,0.4462033445015549,1.9636532431468368,1.1186485905200243
3233,Mehdi Zeffane,2014,Lyon,Sub,4,202,0,0,0.034655500203371,0.0455499999225139,3,1,0,0,0,0.034655500203371,0.7636321056634188,0.7074309168383479
