player_id,player_name,season,team,position,games,time,goals,assists,xG,xA,shots,key_passes,yellow,red,npg,npxG,xGChain,xGBuildup
8190,Melvin Bard,2025,Nice,DML,8,674,1,0,0.1546223936602473,0.5779402013868093,7,6,1,0,1,0.1546223936602473,2.6149506140500307,2.0724722864106297
8190,Melvin Bard,2024,Nice,DML,24,1953,2,1,2.551792875863612,2.4570867978036404,23,16,2,2,2,2.551792875863612,12.506262205541134,8.377566136419773
8190,Melvin Bard,2023,Nice,DL,32,2683,1,2,0.5778345596045256,2.7300977502018213,15,18,7,1,1,0.5778345596045256,12.88046213425696,11.10669601149857
8190,Melvin Bard,2022,Nice,DL,33,2463,0,0,0.3651364482939243,1.1321078147739172,7,10,6,0,0,0.3651364482939243,10.994219776242971,10.18980573117733
8190,Melvin Bard,2021,Nice,Sub,33,2610,2,2,0.7374056801199913,2.533024536445737,5,21,3,0,2,0.7374056801199913,9.90270883589983,7.447148829698563
8190,Melvin Bard,2020,Lyon,Sub,14,415,0,0,0.080570001155138,0.4168976061046123,2,4,0,1,0,0.080570001155138,1.38739007525146,1.2689887043088677
8190,Melvin Bard,2019,Lyon,Sub,1,42,0,0,0.0,0.0405546016991138,0,2,0,0,0,0.0,0.167600005865097,0.1442999988794326
