player_id,player_name,season,team,position,games,time,goals,assists,xG,xA,shots,key_passes,yellow,red,npg,npxG,xGChain,xGBuildup
8712,Miguel Rodriguez,2023,Celta Vigo,Sub,15,259,0,0,0.1409197179600596,0.1348711773753166,6,2,2,0,0,0.1409197179600596,0.4527730019763112,0.1769821085035801
8712,Miguel Rodriguez,2022,Celta Vigo,Sub,7,248,1,1,0.1511651389300823,0.0496753267943859,3,1,0,0,1,0.1511651389300823,0.9002260230481625,0.6993855535984039
8712,Miguel Rodriguez,2020,Celta Vigo,Sub,4,22,0,0,0.0,0.0,0,0,2,0,0,0.0,0.0118671003729105,0.0118671003729105
