player_id,player_name,season,team,position,games,time,goals,assists,xG,xA,shots,key_passes,yellow,red,npg,npxG,xGChain,xGBuildup
1098,Miguel Veloso,2022,Verona,Sub,22,1169,0,0,0.7964164614677429,1.943397445604205,16,19,6,0,0,0.7964164614677429,2.4799762051552534,1.409036107361317
1098,Miguel Veloso,2021,Verona,MC,22,1347,0,3,0.5521616050973535,1.9493830800056455,17,26,5,1,0,0.5521616050973535,6.228239044547081,5.0611922442913055
1098,Miguel Veloso,2020,Verona,MC,21,1312,2,2,1.782979435287416,0.6269579064100981,12,11,1,0,0,0.2603814015164971,5.0719476118683815,4.508938180282712
1098,Miguel Veloso,2019,Verona,MC,34,2824,3,4,2.0982309142127638,5.468170416541398,36,58,6,0,3,2.0982309142127638,10.974560626782475,9.22504682932049
1098,Miguel Veloso,2018,Genoa,Sub,21,1267,0,1,0.9014212023466824,1.630046390928328,30,24,7,0,0,0.9014212023466824,3.619919301010668,3.140434008091688
1098,Miguel Veloso,2017,Genoa,MC,22,1748,1,0,0.8304565958678722,2.1674153730273247,28,19,4,0,1,0.8304565958678722,5.237282868474722,4.3636215552687645
1098,Miguel Veloso,2016,Genoa,MC,23,1786,0,4,1.0927962949499488,3.0330959735438228,31,33,8,1,0,1.0927962949499488,7.374635709449649,5.563167506828904
