player_id,player_name,season,team,position,games,time,goals,assists,xG,xA,shots,key_passes,yellow,red,npg,npxG,xGChain,xGBuildup
5947,Mihailo Ristic,2025,Celta Vigo,DML,3,200,0,0,0.01605817489326,0.0437293909490108,1,1,0,0,0,0.01605817489326,0.5017781779170036,0.4419906102120876
5947,Mihailo Ristic,2024,Celta Vigo,DML,10,436,0,1,0.0439287759363651,0.1431337501853704,2,4,1,0,0,0.0439287759363651,1.2196296527981758,1.0449446067214012
5947,Mihailo Ristic,2023,Celta Vigo,DML,12,809,0,0,0.4263878604397177,0.1302771838381886,10,5,2,0,0,0.4263878604397177,2.7432716600596905,2.466514006257057
5947,Mihailo Ristic,2021,Montpellier,Sub,29,1796,1,3,0.3944318071007728,1.6289292890578508,18,16,3,1,1,0.3944318071007728,4.571696151513606,3.1734853205271065
5947,Mihailo Ristic,2020,Montpellier,DML,34,2241,0,2,0.5852309931069613,2.0531747210770845,20,19,4,0,0,0.5852309931069613,8.197129897773266,6.212640779092908
5947,Mihailo Ristic,2019,Montpellier,ML,18,793,0,2,0.2784808976575732,0.5503206951543689,8,12,1,0,0,0.2784808976575732,1.4774269852787256,0.719796197488904
5947,Mihailo Ristic,2018,Montpellier,Sub,10,315,1,0,0.9531700192019344,0.1204576008021831,5,2,0,0,1,0.9531700192019344,1.5778212761506438,0.6047925017774105
5947,Mihailo Ristic,2017,FC Krasnodar,Sub,4,193,0,0,0.0809424985200166,0.1595121975988149,4,2,0,0,0,0.0809424985200166,0.4586906973272562,0.2743939086794853
