player_id,player_name,season,team,position,games,time,goals,assists,xG,xA,shots,key_passes,yellow,red,npg,npxG,xGChain,xGBuildup
4937,Miha Zajc,2024,Toulouse,Sub,19,198,0,0,0.3662312375381589,0.1030116192996501,6,3,2,0,0,0.3662312375381589,1.1233162842690945,0.7703394070267677
4937,Miha Zajc,2020,Genoa,MC,31,1879,1,3,2.248612191528082,2.297627674415708,19,20,4,0,1,2.248612191528082,8.098871659487486,4.747185476124287
4937,Miha Zajc,2018,Empoli,AMC,20,1165,3,2,4.962460625916719,2.7389527298510075,55,23,1,1,3,4.962460625916719,9.09697143547237,2.786010310985148
4937,Miha Zajc,2016,Empoli,Sub,5,98,1,1,0.2578648030757904,0.5595449805259705,4,1,0,0,1,0.2578648030757904,1.1165735572576525,0.3573600053787231
