player_id,player_name,season,team,position,games,time,goals,assists,xG,xA,shots,key_passes,yellow,red,npg,npxG,xGChain,xGBuildup
8859,Mikkel Damsgaard,2025,Brentford,AMC,6,509,1,0,0.5143780950456858,0.8647504299879074,5,9,0,0,1,0.5143780950456858,1.8111463449895384,1.2826191894710064
8859,Mikkel Damsgaard,2024,Brentford,Sub,38,2978,2,9,3.476722192019224,9.246257283724844,35,63,2,0,2,3.476722192019224,19.425128288567063,11.846998741850255
8859,Mikkel Damsgaard,2023,Brentford,Sub,23,797,0,2,0.8753717057406902,2.291341120377183,9,10,2,0,0,0.8753717057406902,4.728561159223318,2.396734122186899
8859,Mikkel Damsgaard,2022,Brentford,Sub,26,963,0,0,2.660358265042305,1.7436131360009313,12,11,4,0,0,2.660358265042305,5.63767113443464,2.2835514806210995
8859,Mikkel Damsgaard,2021,Sampdoria,ML,11,573,0,0,0.5251408033072948,0.5429018875584006,12,11,1,0,0,0.5251408033072948,2.403517924249172,1.6756899803876877
8859,Mikkel Damsgaard,2020,Sampdoria,Sub,35,1773,2,4,3.343836505897343,2.121301726438105,25,25,3,0,2,3.343836505897343,7.305473066866398,3.9241935685276985
