player_id,player_name,season,team,position,games,time,goals,assists,xG,xA,shots,key_passes,yellow,red,npg,npxG,xGChain,xGBuildup
10967,Mile Svilar,2025,Roma,GK,7,630,0,0,0.0,0.0,0,0,0,0,0,0.0,0.7183544225990772,0.7183544225990772
10967,Mile Svilar,2024,Roma,GK,38,3420,0,0,0.0802524909377098,0.0,1,0,1,0,0,0.0802524909377098,7.252380753867328,7.252380753867328
10967,Mile Svilar,2023,Roma,GK,15,1350,0,0,0.0,0.0395816192030906,0,1,1,0,0,0.0,1.6329222209751606,1.6329222209751606
10967,Mile Svilar,2022,Roma,GK,3,270,0,0,0.0,0.0,0,0,1,0,0,0.0,0.3965464234352112,0.3965464234352112
