player_id,player_name,season,team,position,games,time,goals,assists,xG,xA,shots,key_passes,yellow,red,npg,npxG,xGChain,xGBuildup
378,Milos Pantovic,2023,Union Berlin,Sub,1,9,1,0,0.5618004202842712,0.0,1,0,0,0,1,0.5618004202842712,0.5618004202842712,0.0
378,Milos Pantovic,2022,Union Berlin,Sub,13,170,1,0,1.4034431278705597,0.0,6,0,1,0,1,0.6457468122243881,0.5745193101465702,0.1455104015767574
378,Milos Pantovic,2021,Bochum,Sub,28,1545,4,3,5.294780997559428,4.958747647702694,23,33,2,0,3,4.537004021927714,10.131411381065844,2.2840824965387583
378,Milos Pantovic,2015,Bayern Munich,Sub,1,1,0,0,0.0,0.0,0,0,0,0,0,0.0,0.0,0.0
