player_id,player_name,season,team,position,games,time,goals,assists,xG,xA,shots,key_passes,yellow,red,npg,npxG,xGChain,xGBuildup
11498,Mirko Maric,2024,Venezia,Sub,10,347,0,0,1.0256666392087936,0.0577438399195671,6,2,0,0,0,1.0256666392087936,0.9330064728856088,0.7688945904374123
11498,Mirko Maric,2024,Monza,Sub,8,92,0,0,0.1048810854554176,0.0444914065301418,1,1,0,0,0,0.1048810854554176,0.1827265881001949,0.0333540961146354
11498,Mirko Maric,2023,Monza,FW,10,266,1,0,1.1588000692427158,0.7266653086990118,7,5,0,0,1,1.1588000692427158,2.1612824201583862,0.7623992189764977
