player_id,player_name,season,team,position,games,time,goals,assists,xG,xA,shots,key_passes,yellow,red,npg,npxG,xGChain,xGBuildup
9941,Mitchell van Bergen,2022,Reims,FWR,28,853,0,1,2.055069912225008,2.085307275876403,25,18,1,0,0,2.055069912225008,4.7241357658058405,1.5816490706056356
9941,Mitchell van Bergen,2021,Reims,Sub,20,999,0,0,1.3029164960607886,1.082003403455019,12,18,1,0,0,1.3029164960607886,2.190461873076856,0.1247848710045218
