player_id,player_name,season,team,position,games,time,goals,assists,xG,xA,shots,key_passes,yellow,red,npg,npxG,xGChain,xGBuildup
8310,Mitchel Bakker,2024,Lille,Sub,24,1144,3,2,3.167341787368059,2.674098479561508,23,23,3,1,3,3.167341787368059,8.2346952855587,4.637073568999767
8310,Mitchel Bakker,2024,Atalanta,Sub,1,20,0,0,0.0,0.0,0,0,0,0,0,0.0,0.0,0.0
8310,Mitchel Bakker,2023,Atalanta,Sub,14,363,1,0,0.2858780734241009,0.1858433103188872,5,4,1,0,1,0.2858780734241009,1.3082169368863106,0.9974010977894068
8310,Mitchel Bakker,2022,Bayer Leverkusen,Sub,28,1656,3,2,1.5494726430624723,1.960865007713437,17,17,4,1,3,1.5494726430624723,7.690754035487771,5.3029226791113615
8310,Mitchel Bakker,2021,Bayer Leverkusen,DL,25,1824,0,4,0.3066017962992191,2.031947860494256,9,13,6,0,0,0.3066017962992191,10.702958699315786,9.526747826486826
8310,Mitchel Bakker,2020,Paris Saint Germain,Sub,26,1683,0,2,0.3305234163999557,2.3068501111119986,3,16,1,0,0,0.3305234163999557,13.038664765655994,11.7815777733922
8310,Mitchel Bakker,2019,Paris Saint Germain,DL,1,90,0,0,0.0,0.0,0,0,1,0,0,0.0,1.4327499866485596,1.4327499866485596
