player_id,player_name,season,team,position,games,time,goals,assists,xG,xA,shots,key_passes,yellow,red,npg,npxG,xGChain,xGBuildup
496,Mohamed Elneny,2023,Arsenal,Sub,3,18,0,0,0.0575435645878315,0.0,2,0,0,0,0,0.0575435645878315,0.154712975025177,0.0971694067120552
496,Mohamed Elneny,2022,Arsenal,DMC,5,107,0,0,0.0,0.0,0,0,0,0,0,0.0,0.6661199927330017,0.6661199927330017
496,Mohamed Elneny,2021,Arsenal,Sub,14,785,0,2,0.1566442986950278,0.3957573026418686,8,9,1,0,0,0.1566442986950278,3.171078409999609,2.856382757425308
496,Mohamed Elneny,2020,Arsenal,MC,23,1540,1,0,0.4756157035008073,0.2569415085017681,9,4,3,0,1,0.4756157035008073,5.195760786533356,4.651168327778578
496,Mohamed Elneny,2018,Arsenal,MC,8,383,0,0,0.448422803543508,0.2225508987903595,7,5,0,0,0,0.448422803543508,2.365569495595992,1.8774521797895432
496,Mohamed Elneny,2017,Arsenal,MC,13,870,0,1,0.2833664044737816,0.7577551174908876,8,10,3,1,0,0.2833664044737816,5.305588902905583,4.854103496298194
496,Mohamed Elneny,2016,Arsenal,DMC,14,693,0,1,0.5528803020715714,0.1320842020213604,15,4,1,0,0,0.5528803020715714,2.462577788159251,2.088330280035734
496,Mohamed Elneny,2015,Arsenal,Sub,11,799,0,1,1.3251584004610777,0.3016597013920545,13,3,3,0,0,1.3251584004610777,6.723802291788161,5.921059274114668
