player_id,player_name,season,team,position,games,time,goals,assists,xG,xA,shots,key_passes,yellow,red,npg,npxG,xGChain,xGBuildup
13062,Mohammed Amoura,2025,Wolfsburg,Sub,7,393,2,1,2.4898840487003326,1.7035878598690033,16,9,0,0,1,1.7321073710918429,3.0916042178869247,1.6596417296677828
13062,Mohammed Amoura,2024,Wolfsburg,Sub,31,2512,10,9,10.863602759316564,4.308450622484088,76,35,6,0,8,9.348049404099584,16.025755416601896,5.196772448718548
