player_id,player_name,season,team,position,games,time,goals,assists,xG,xA,shots,key_passes,yellow,red,npg,npxG,xGChain,xGBuildup
6454,Mohamed Youcef Belaïli,2022,Ajaccio,Sub,17,1184,6,3,5.899881765246391,2.94381520524621,33,21,2,0,1,1.339314080774784,4.731543716043234,2.520052513107657
6454,Mohamed Youcef Belaïli,2022,Brest,ML,6,360,0,2,0.4848489928990602,0.7224989980459213,9,8,3,0,0,0.4848489928990602,1.169704832136631,0.8038788214325905
6454,Mohamed Youcef Belaïli,2021,Brest,ML,13,840,3,2,2.7494688350707293,2.721221052110195,17,18,2,0,3,1.9893738646060228,5.60508556291461,1.810435064136982
