player_id,player_name,season,team,position,games,time,goals,assists,xG,xA,shots,key_passes,yellow,red,npg,npxG,xGChain,xGBuildup
9453,Moisés Caicedo,2025,Chelsea,DMC,8,673,3,0,0.7862556260079145,0.0282593537122011,8,1,1,0,3,0.7862556260079145,3.918796280398965,3.7895938847213984
9453,Moisés Caicedo,2024,Chelsea,DMC,38,3381,1,2,0.6911019859835505,2.924944289028645,20,29,11,0,1,0.6911019859835505,19.78497724980116,17.50836056470871
9453,Moisés Caicedo,2023,Chelsea,Sub,35,2897,1,3,0.2973291608504951,2.49897606484592,13,22,11,0,1,0.2973291608504951,25.048321802169085,23.26216376759112
9453,Moisés Caicedo,2022,Brighton,MC,37,3135,1,1,1.2356434240937233,2.643754145130515,27,43,10,0,1,1.2356434240937233,19.323802459985014,16.51605893112719
9453,Moisés Caicedo,2021,Brighton,MC,8,673,1,1,0.6393528822809458,0.2321203015744686,10,4,2,0,1,0.6393528822809458,3.086230354383588,2.363927122205496
