player_id,player_name,season,team,position,games,time,goals,assists,xG,xA,shots,key_passes,yellow,red,npg,npxG,xGChain,xGBuildup
11762,Morgan Guilavogui,2025,Lens,AMC,8,298,1,0,1.5711197704076767,0.4465797320008278,7,2,1,0,1,1.5711197704076767,2.1448498144745827,0.8785727806389332
11762,Morgan Guilavogui,2024,St. Pauli,FW,25,1828,6,2,8.65836637839675,3.0779383797198534,41,27,6,0,6,8.65836637839675,11.957147855311632,3.651807775720954
11762,Morgan Guilavogui,2023,Lens,FW,23,493,2,0,2.304705310612917,1.8569900281727316,21,14,1,0,2,2.304705310612917,6.790731526911259,2.902995761483908
