player_id,player_name,season,team,position,games,time,goals,assists,xG,xA,shots,key_passes,yellow,red,npg,npxG,xGChain,xGBuildup
11336,Moritz Broschinski,2024,Bochum,FW,32,1342,1,3,4.342191630974412,2.26239719055593,37,11,1,0,1,4.342191630974412,8.05997022241354,1.6537080090492964
11336,Moritz Broschinski,2023,Bochum,Sub,26,1249,2,2,2.9109442364424467,2.344660680741072,26,15,4,0,2,2.9109442364424467,6.10059529542923,1.952606625854969
11336,Moritz Broschinski,2022,Bochum,Sub,11,184,2,0,1.2682920284569263,0.01231977250427,6,1,1,0,2,1.2682920284569263,0.7764762826263905,0.1774912774562835
