player_id,player_name,season,team,position,games,time,goals,assists,xG,xA,shots,key_passes,yellow,red,npg,npxG,xGChain,xGBuildup
9943,Moritz Jenz,2025,Wolfsburg,DC,7,630,0,0,0.1715417504310608,0.068161042407155,2,2,3,0,0,0.1715417504310608,1.5116640655323863,1.4435030231252313
9943,Moritz Jenz,2024,Mainz 05,DC,19,1605,0,0,1.7310848580673337,0.4221104737371206,10,3,4,0,0,1.7310848580673337,4.568463079631329,3.0671760998666286
9943,Moritz Jenz,2023,Wolfsburg,DC,22,1775,0,1,0.4702929202467203,0.5674292035400867,7,4,5,1,0,0.4702929202467203,6.539135681465268,6.472229378297925
9943,Moritz Jenz,2022,Schalke 04,DC,11,947,0,0,0.9572696089744568,0.0094241695478558,10,1,5,0,0,0.9572696089744568,2.2433805726468563,2.2339563705027103
9943,Moritz Jenz,2021,Lorient,DC,17,1388,1,0,1.3131617829203606,0.0654751006513834,9,2,3,1,1,1.3131617829203606,2.7353226616978645,2.7353226616978645
