player_id,player_name,season,team,position,games,time,goals,assists,xG,xA,shots,key_passes,yellow,red,npg,npxG,xGChain,xGBuildup
7939,Morten Thorsby,2025,Genoa,Sub,3,53,0,0,0.0,0.0,0,0,0,0,0,0.0,0.0,0.0
7939,Morten Thorsby,2024,Genoa,Sub,30,1907,0,1,2.8997801784425974,2.3799595832824707,15,26,6,0,0,2.8997801784425974,7.648120200261474,4.157784847542644
7939,Morten Thorsby,2023,Genoa,MC,24,1127,2,2,2.0728363944217563,1.581761445850134,13,9,2,0,2,2.0728363944217563,2.8514922419562936,0.8016927363350987
7939,Morten Thorsby,2022,Union Berlin,Sub,24,803,1,1,0.994760949164629,0.2810052027925849,9,7,3,0,1,0.994760949164629,2.2772523518651724,1.1957275941967964
7939,Morten Thorsby,2021,Sampdoria,MC,35,2965,3,1,3.724992673844099,1.076538598164916,26,15,10,0,3,3.724992673844099,6.246266532689333,2.891974128782749
7939,Morten Thorsby,2020,Sampdoria,MC,33,2647,3,1,2.763800813816488,1.0206927522085607,22,18,10,0,3,2.763800813816488,6.600823299959302,4.00522723980248
7939,Morten Thorsby,2019,Sampdoria,AMR,24,1882,1,1,1.701793624088168,0.9330150578171016,18,20,7,1,1,1.701793624088168,4.571312059648335,3.685867066495121
