player_id,player_name,season,team,position,games,time,goals,assists,xG,xA,shots,key_passes,yellow,red,npg,npxG,xGChain,xGBuildup
10626,Mory Gbane,2024,Reims,DC,13,1130,0,1,0.1804192522540688,0.3391371257603168,5,7,2,1,0,0.1804192522540688,3.109780855476856,2.8690338600426912
10626,Mory Gbane,2022,Khimki,MC,22,1151,0,1,0.5645194444805384,0.399345550686121,14,7,4,1,0,0.5645194444805384,3.0993625363335013,2.4359590858221054
