player_id,player_name,season,team,position,games,time,goals,assists,xG,xA,shots,key_passes,yellow,red,npg,npxG,xGChain,xGBuildup
10780,Mory Diaw,2025,Le Havre,GK,8,720,0,1,0,0.2680368945002556,0,3,0,0,0,0,1.626399651169777,1.391230270266533
10780,Mory Diaw,2023,Clermont Foot,GK,30,2700,0,0,0,0.0459839180111885,0,2,3,0,0,0,2.307687904685736,2.261703984811902
10780,Mory Diaw,2022,Clermont Foot,GK,37,3330,0,0,0,0.1151074729859829,0,3,0,0,0,0,4.518326013348997,4.403218540363014
