player_id,player_name,season,team,position,games,time,goals,assists,xG,xA,shots,key_passes,yellow,red,npg,npxG,xGChain,xGBuildup
7169,Moses Simon,2025,Paris FC,ML,8,614,2,2,1.485273327678442,1.925976924598217,15,8,0,0,2,1.485273327678442,4.635711759328842,1.3684602696448565
7169,Moses Simon,2024,Nantes,AML,32,2661,8,10,6.904908551834524,8.729872837662697,44,57,2,0,4,3.86452807020396,15.342755746096373,5.271313047967851
7169,Moses Simon,2023,Nantes,FW,22,1803,3,5,4.668348058126867,3.968233197927475,34,29,0,0,2,3.908252893947065,9.504107100889088,2.425846144556999
7169,Moses Simon,2022,Nantes,FW,34,2371,5,4,5.500388899818063,4.424329314380884,33,42,3,0,4,4.740295896306634,9.192666267976165,3.270032461732626
7169,Moses Simon,2021,Nantes,ML,30,2379,6,8,5.197365380823612,8.718337710946798,42,66,3,0,6,5.197365380823612,13.952505469322205,4.154257843270898
7169,Moses Simon,2020,Nantes,ML,33,2362,6,5,6.971656257286668,2.8374511189758778,39,32,2,0,5,6.211562329903245,9.229392014443874,1.238550988957286
7169,Moses Simon,2019,Nantes,Sub,26,2182,5,5,6.360521936789155,4.835047714412212,43,35,2,0,5,6.360521936789155,11.008585393428802,1.494610077701509
7169,Moses Simon,2018,Levante,Sub,19,774,0,1,1.3927798997610807,0.7579313814640045,15,8,1,0,0,1.3927798997610807,2.882113790139556,0.8820999078452587
