player_id,player_name,season,team,position,games,time,goals,assists,xG,xA,shots,key_passes,yellow,red,npg,npxG,xGChain,xGBuildup
7142,Moussa Dembele,2022,Lyon,Sub,23,850,3,0,3.966980453580618,0.287425696849823,28,4,1,0,3,3.966980453580618,5.301698844879866,1.4602713864296677
7142,Moussa Dembele,2021,Lyon,FW,30,2220,21,4,22.631302527152,3.838869685307145,87,28,6,0,16,18.830960459075868,22.412415811792016,3.5196638032794
7142,Moussa Dembele,2020,Lyon,FW,16,653,1,0,4.998428367078304,0.731877513229847,29,7,3,0,1,4.998428367078304,6.779892344027758,1.6899891793727877
7142,Moussa Dembele,2020,Atletico Madrid,Sub,5,89,0,0,1.1968800127506256,0.0256616007536649,6,1,0,0,0,1.1968800127506256,1.9648480117321012,0.7679676245898008
7142,Moussa Dembele,2019,Lyon,FW,27,2184,16,2,11.400037791579962,1.6835441021248698,56,21,3,0,12,7.599561754614115,9.37563144788146,1.700894203968346
7142,Moussa Dembele,2018,Lyon,FW,33,2011,15,4,16.156377412378788,2.927239684388041,90,30,1,0,14,14.636255361139774,18.79045590758324,4.067038269713521
