player_id,player_name,season,team,position,games,time,goals,assists,xG,xA,shots,key_passes,yellow,red,npg,npxG,xGChain,xGBuildup
10783,Muhammed-Cham Saracevic,2023,Clermont Foot,AMC,33,2580,8,4,9.278165878728032,3.048882992938161,74,49,4,0,4,5.477690229192376,11.946519818156958,6.487531292252243
10783,Muhammed-Cham Saracevic,2022,Clermont Foot,AMC,38,1984,7,4,6.302410524338484,2.286123763769865,53,31,2,0,5,4.782220538705587,8.38655204884708,3.2436049208045006
