player_id,player_name,season,team,position,games,time,goals,assists,xG,xA,shots,key_passes,yellow,red,npg,npxG,xGChain,xGBuildup
8140,Munas Dabbur,2022,Hoffenheim,Sub,21,897,6,2,3.77974421903491,1.7605633363127708,22,16,3,1,6,3.77974421903491,7.799924962222576,2.9085478112101555
8140,Munas Dabbur,2021,Hoffenheim,AMC,27,1323,3,4,3.829580817371607,2.340910041704774,33,18,5,0,3,3.829580817371607,9.08194137364626,4.700680010020733
8140,Munas Dabbur,2020,Hoffenheim,FW,22,1003,4,0,5.188749678432941,0.5485603883862495,28,13,2,0,4,4.431054659187794,6.793062217533588,2.221327908337116
8140,Munas Dabbur,2019,Hoffenheim,FW,14,786,4,0,3.9433959424495697,0.9211167134344578,24,8,4,0,4,3.9433959424495697,4.588885433971882,1.323129702359438
8140,Munas Dabbur,2019,Sevilla,Sub,2,18,0,0,0.1128449998795986,0.0,2,0,0,0,0,0.1128449998795986,0.2963059991598129,0.1834606006741523
