player_id,player_name,season,team,position,games,time,goals,assists,xG,xA,shots,key_passes,yellow,red,npg,npxG,xGChain,xGBuildup
6512,Musa Barrow,2022,Bologna,Sub,32,2003,3,8,2.8277981989085674,4.834678950719535,66,43,3,0,3,2.8277981989085674,8.612221229821444,3.147979063913226
6512,Musa Barrow,2021,Bologna,AML,34,2162,6,6,5.113576100207865,5.713012685067952,71,45,0,0,6,5.113576100207865,12.335330325178802,5.306982140988112
6512,Musa Barrow,2020,Bologna,AML,38,2946,8,8,8.407222962938249,6.859124674461782,88,60,0,0,8,7.64592198189348,16.327475416474044,7.666678353212774
6512,Musa Barrow,2019,Bologna,Sub,18,1355,9,2,5.3623839020729065,3.181174263358116,65,34,1,0,8,4.601084712892771,8.045010924339294,2.804016388952732
6512,Musa Barrow,2019,Atalanta,Sub,7,174,0,2,2.1877558901906013,1.0090724676847458,11,4,0,0,0,1.4264569133520126,2.464728720486164,0.051580598577857
6512,Musa Barrow,2018,Atalanta,FW,22,575,1,2,3.111897330731153,1.4602165995165706,30,16,0,0,1,3.111897330731153,5.602077089250088,2.171932205557823
6512,Musa Barrow,2017,Atalanta,Sub,12,436,3,2,2.3770442232489586,1.1592908836901188,26,11,0,0,3,2.3770442232489586,3.592775285243988,1.0283048953860998
