player_id,player_name,season,team,position,games,time,goals,assists,xG,xA,shots,key_passes,yellow,red,npg,npxG,xGChain,xGBuildup
11305,Mykhailo Mudryk,2024,Chelsea,AML,7,133,0,0,0.1225307434797287,1.0799011290073397,1,2,0,0,0,0.1225307434797287,1.4741904512047768,0.2717585638165474
11305,Mykhailo Mudryk,2023,Chelsea,Sub,31,1563,5,2,5.111277528107166,3.8853818774223328,35,32,5,0,5,5.111277528107166,10.99068268481642,4.357236756011844
11305,Mykhailo Mudryk,2022,Chelsea,Sub,15,654,0,2,1.9044867679476736,0.7282041758298874,14,10,1,0,0,1.9044867679476736,3.8914809599518776,1.9701451398432253
