player_id,player_name,season,team,position,games,time,goals,assists,xG,xA,shots,key_passes,yellow,red,npg,npxG,xGChain,xGBuildup
9612,Myron Boadu,2024,Bochum,Sub,18,999,7,1,8.229468438774347,1.6477082949131727,25,11,2,0,6,7.4716917015612125,10.03551159799099,1.1547716669738293
9612,Myron Boadu,2023,Monaco,Sub,9,71,1,0,0.7872653752565384,0.0,2,0,0,0,1,0.7872653752565384,0.7872653752565384,0.0
9612,Myron Boadu,2022,Monaco,Sub,12,281,3,0,3.1308793127536774,0.3500410988926887,8,4,0,0,3,3.1308793127536774,3.1502134799957275,0.0648290812969207
9612,Myron Boadu,2021,Monaco,FW,31,922,4,1,6.508853753097355,0.7719132099300623,21,6,0,0,4,6.508853753097355,7.804168053902686,1.4316529436036944
