player_id,player_name,season,team,position,games,time,goals,assists,xG,xA,shots,key_passes,yellow,red,npg,npxG,xGChain,xGBuildup
10400,Myrto Uzuni,2023,Granada,FW,34,2490,11,1,12.619373556226492,3.1601249799132347,64,18,3,0,7,8.902985572814941,10.58439028635621,1.75699582695961
10400,Myrto Uzuni,2021,Granada,ML,15,857,1,1,1.1313063064590096,1.3637040052562952,11,7,4,0,1,1.1313063064590096,3.149833355098963,0.8394465772435069
