player_id,player_name,season,team,position,games,time,goals,assists,xG,xA,shots,key_passes,yellow,red,npg,npxG,xGChain,xGBuildup
6163,Nélson Semedo,2024,Wolverhampton Wanderers,DR,34,2897,0,4,0.9947248105891048,2.185204219073057,18,25,8,0,0,0.9947248105891048,9.799877418205142,7.2230052798986435
6163,Nélson Semedo,2023,Wolverhampton Wanderers,DR,36,3127,0,1,1.232096817344427,2.0054253563284874,17,24,10,1,0,1.232096817344427,8.870165027678013,6.637749888934195
6163,Nélson Semedo,2022,Wolverhampton Wanderers,Sub,36,2646,0,1,0.7855268660932779,0.6530346218496561,9,11,11,1,0,0.7855268660932779,3.586114762350917,2.266569279134273
6163,Nélson Semedo,2021,Wolverhampton Wanderers,DMR,25,2151,0,1,1.3901756666600704,1.3628809936344624,19,18,1,0,0,1.3901756666600704,5.291687090881169,2.8525946140289307
6163,Nélson Semedo,2020,Wolverhampton Wanderers,DMR,34,2994,1,1,1.3097365982830524,0.9027981068938972,23,20,5,0,1,1.3097365982830524,7.68634950555861,6.196272294968367
6163,Nélson Semedo,2019,Barcelona,DR,32,2097,1,2,0.6746811922639608,2.262861916795373,8,12,2,0,1,0.6746811922639608,9.915662996470928,8.582365959882736
6163,Nélson Semedo,2018,Barcelona,DR,26,1603,1,0,0.3598100002855062,0.2876764964312315,6,4,4,0,1,0.3598100002855062,7.258824737742543,6.808221789076924
6163,Nélson Semedo,2017,Barcelona,DR,24,1494,0,0,0.2851273063570261,1.2114502247422934,3,11,1,0,0,0.2851273063570261,10.668962698429825,10.31897557899356
