player_id,player_name,season,team,position,games,time,goals,assists,xG,xA,shots,key_passes,yellow,red,npg,npxG,xGChain,xGBuildup
12154,Nabil Aberdin,2025,PFC Sochi,Sub,6,361,0,0,0.0800596727058291,0.0,3,0,2,0,0,0.0800596727058291,0.2508543850854039,0.2281274599954486
12154,Nabil Aberdin,2024,Getafe,DMC,7,270,0,0,0.0328521868214011,0.0109659628942608,2,1,1,0,0,0.0328521868214011,0.0929688019677996,0.0601166142150759
12154,Nabil Aberdin,2023,Getafe,DC,2,180,0,0,0.0,0.0,0,0,0,0,0,0.0,0.1152268722653389,0.1152268722653389
