player_id,player_name,season,team,position,games,time,goals,assists,xG,xA,shots,key_passes,yellow,red,npg,npxG,xGChain,xGBuildup
5247,Naby Keita,2023,Werder Bremen,Sub,5,105,0,0,0.0844875797629356,0.0,2,0,2,0,0,0.0844875797629356,1.1572114257141948,1.0727238459512591
5247,Naby Keita,2022,Liverpool,Sub,8,290,0,0,0.4318549875169992,0.7309129983186722,10,8,1,0,0,0.4318549875169992,1.4848380237817764,0.3737828060984611
5247,Naby Keita,2021,Liverpool,MC,23,1181,3,1,2.1447856165468693,1.812413688749075,26,15,3,0,3,2.1447856165468693,7.787591747939587,5.404158726334572
5247,Naby Keita,2020,Liverpool,MC,10,525,0,0,0.3932590968906879,0.9129509832710028,9,6,1,0,0,0.3932590968906879,3.5902223363518715,2.329714320600033
5247,Naby Keita,2019,Liverpool,Sub,18,812,2,3,1.7233739290386438,3.2155399341136217,12,15,1,0,2,1.7233739290386438,9.588450014591215,5.729770809412003
5247,Naby Keita,2018,Liverpool,MC,25,1407,2,1,2.545635223388672,1.069607688114047,27,9,0,0,2,2.545635223388672,12.775824151933191,9.896367259323595
5247,Naby Keita,2017,RasenBallsport Leipzig,AMC,27,1970,6,5,3.321178615093231,4.164140300825238,42,40,7,2,6,3.321178615093231,10.610249795019628,5.057679334655404
5247,Naby Keita,2016,RasenBallsport Leipzig,DMC,31,2418,8,7,4.810895485803485,5.058186668902636,43,40,8,0,8,4.810895485803485,15.840575125068426,8.005770618095994
