player_id,player_name,season,team,position,games,time,goals,assists,xG,xA,shots,key_passes,yellow,red,npg,npxG,xGChain,xGBuildup
5162,Nacho Vidal,2025,Real Oviedo,DR,6,443,0,0,0.0745890513062477,0.0,1,0,0,0,0,0.0745890513062477,0.399850994348526,0.3252619504928589
5162,Nacho Vidal,2024,Osasuna,Sub,5,109,0,0,0.0,0.0,0,0,0,0,0,0.0,0.0,0.0
5162,Nacho Vidal,2023,Mallorca,Sub,8,420,0,0,1.121514268219471,0.1824476737529039,8,3,2,0,0,1.121514268219471,1.326467242091894,0.3729183785617351
5162,Nacho Vidal,2023,Osasuna,Sub,7,74,1,0,0.2609160467982292,0.0291765481233596,3,1,0,0,1,0.2609160467982292,0.5653735920786858,0.4494102001190185
5162,Nacho Vidal,2022,Osasuna,Sub,20,1257,0,0,0.7750437054783106,0.5186066925525665,9,3,4,0,0,0.7750437054783106,3.8463277891278262,2.654947804287076
5162,Nacho Vidal,2021,Osasuna,DR,35,2914,0,1,1.102978704497218,2.3355553979054093,20,20,9,0,0,1.102978704497218,7.93901620991528,5.460336413234472
5162,Nacho Vidal,2020,Osasuna,DR,34,2338,0,0,0.708068092353642,1.6080624759197235,10,12,10,0,0,0.708068092353642,4.944206807762384,3.719675665721297
5162,Nacho Vidal,2019,Osasuna,DR,30,2330,0,0,0.9093826143071057,2.150851581245661,17,22,5,0,0,0.9093826143071057,7.328658821992576,5.177733715623617
5162,Nacho Vidal,2017,Valencia,DR,7,447,1,0,0.4081783965229988,0.0173020996153354,3,1,1,0,1,0.4081783965229988,0.9552668333053588,0.5605259984731674
