player_id,player_name,season,team,position,games,time,goals,assists,xG,xA,shots,key_passes,yellow,red,npg,npxG,xGChain,xGBuildup
9866,Nadir Zortea,2025,Bologna,Sub,5,312,0,0,0.0313700847327709,0.2979371175169945,2,5,0,0,0,0.0313700847327709,1.581757977604866,1.492462478578091
9866,Nadir Zortea,2024,Cagliari,Sub,35,2749,6,2,2.9334294591099024,3.842565463855863,32,29,2,0,6,2.9334294591099024,11.5493196696043,5.947565328329802
9866,Nadir Zortea,2023,Frosinone,DR,14,1260,1,5,0.4410783285275101,3.336486030369997,10,21,3,0,1,0.4410783285275101,5.418867662549019,3.8020877987146378
9866,Nadir Zortea,2023,Atalanta,Sub,5,129,1,0,0.0775402598083019,0.1976902261376381,2,3,1,0,1,0.0775402598083019,0.6237789019942284,0.5279465615749359
9866,Nadir Zortea,2022,Sassuolo,DR,10,650,0,1,0.180721128359437,0.9081937000155448,5,7,4,0,0,0.180721128359437,2.92353019118309,1.946593999862671
9866,Nadir Zortea,2022,Atalanta,Sub,9,203,1,0,0.1631584726274013,0.4065528959035873,4,3,1,0,1,0.1631584726274013,0.7591403685510159,0.3138580732047558
9866,Nadir Zortea,2021,Salernitana,Sub,29,1383,1,2,0.5093186926096678,1.558291520923376,16,16,3,0,1,0.5093186926096678,3.941432479768992,2.8364300904795527
