player_id,player_name,season,team,position,games,time,goals,assists,xG,xA,shots,key_passes,yellow,red,npg,npxG,xGChain,xGBuildup
8963,Nahuel Molina,2025,Atletico Madrid,Sub,5,96,0,0,0.0,0.5781276971101761,0,3,0,0,0,0.0,1.2517846673727036,0.8408866971731186
8963,Nahuel Molina,2024,Atletico Madrid,Sub,30,1565,0,3,0.9986370727419852,1.934156723320484,9,13,1,0,0,0.9986370727419852,9.530625693500042,7.783950371667743
8963,Nahuel Molina,2023,Atletico Madrid,DR,30,1845,2,3,1.3038488682359457,2.7496361136436462,12,19,4,1,2,1.3038488682359457,13.15212426148355,10.882931523025036
8963,Nahuel Molina,2022,Atletico Madrid,DR,33,2873,4,2,3.221422616392374,3.716898473445326,21,38,7,1,4,3.221422616392374,17.213840421289206,11.33504480496049
8963,Nahuel Molina,2021,Udinese,DMR,35,2662,7,2,4.134758328087628,4.4521033968776464,44,39,5,1,7,4.134758328087628,13.160006137564778,8.308312718756497
8963,Nahuel Molina,2020,Udinese,Sub,29,1808,2,5,1.221968204714358,2.699252560734749,16,22,1,0,2,1.221968204714358,8.575319174677134,5.599302962422371
