player_id,player_name,season,team,position,games,time,goals,assists,xG,xA,shots,key_passes,yellow,red,npg,npxG,xGChain,xGBuildup
790,Nathan Redmond,2023,Burnley,Sub,12,100,0,0,0.0,0.2518436722457409,0,4,1,0,0,0.0,0.9050039984285831,0.8224344961345196
790,Nathan Redmond,2022,Southampton,Sub,1,1,0,0,0.0,0.0,0,0,0,0,0,0.0,0.0,0.0
790,Nathan Redmond,2021,Southampton,Sub,27,1829,1,5,1.6321709342300892,4.070743652060628,26,34,0,0,1,1.6321709342300892,7.378807194530964,3.2111310930922627
790,Nathan Redmond,2020,Southampton,ML,29,1718,2,3,3.833790317177773,3.353081863373518,45,29,1,0,2,3.833790317177773,8.99761745147407,3.267556704580784
790,Nathan Redmond,2019,Southampton,AMC,32,2781,4,4,5.287323888391256,3.6244101859629154,59,38,2,0,4,5.287323888391256,13.674614310264587,6.087856294587255
790,Nathan Redmond,2018,Southampton,AMC,38,3283,6,4,7.911501468159258,5.312565573491156,74,52,3,0,6,7.911501468159258,16.49272551946342,5.913362832739949
790,Nathan Redmond,2017,Southampton,AML,31,1947,1,3,2.318285396322608,4.201632303185761,44,42,3,0,1,2.318285396322608,8.6934315841645,3.71267812885344
790,Nathan Redmond,2016,Southampton,FW,37,2917,7,1,4.817707560956478,5.891832923516631,83,57,2,1,7,4.817707560956478,15.177735261619093,6.430120557546616
790,Nathan Redmond,2015,Norwich,Sub,35,2321,6,3,3.4319807747378945,3.6447911020368338,54,45,0,0,6,3.4319807747378945,9.672524183057249,6.095174287445843
