player_id,player_name,season,team,position,games,time,goals,assists,xG,xA,shots,key_passes,yellow,red,npg,npxG,xGChain,xGBuildup
9733,Nathan Collins,2025,Brentford,DC,8,720,0,0,0.4544768184423446,0.0871683359146118,4,1,3,0,0,0.4544768184423446,1.2337923031300306,1.1826943662017584
9733,Nathan Collins,2024,Brentford,DC,38,3420,2,3,2.6544005731120706,1.9733586199581623,17,9,5,0,2,2.6544005731120706,10.904047696851194,10.050747162662446
9733,Nathan Collins,2023,Brentford,DC,32,2647,1,1,1.9630648605525491,2.0567236468195915,10,11,3,0,1,1.9630648605525491,7.091836112551391,4.629758290015161
9733,Nathan Collins,2022,Wolverhampton Wanderers,DC,26,1788,0,0,0.1207122802734375,0.0746328979730606,3,2,2,1,0,0.1207122802734375,3.1115625351667404,3.036929935216904
9733,Nathan Collins,2021,Burnley,DC,19,1671,2,0,1.6455229744315147,1.4840760342776775,15,5,2,1,2,1.6455229744315147,1.5359926857054234,1.127784792333841
