player_id,player_name,season,team,position,games,time,goals,assists,xG,xA,shots,key_passes,yellow,red,npg,npxG,xGChain,xGBuildup
8456,Nathan Tella,2025,Bayer Leverkusen,AMC,3,266,0,1,0.6236744895577431,0.6912443339824677,5,6,1,0,0,0.6236744895577431,1.311877243220806,0.1076509803533554
8456,Nathan Tella,2024,Bayer Leverkusen,Sub,27,1385,2,4,3.3967102095484734,1.3434475176036358,28,18,1,0,2,3.3967102095484734,6.290043022483587,2.031696029007435
8456,Nathan Tella,2023,Bayer Leverkusen,Sub,24,805,5,2,3.71436058357358,3.482117654755712,21,14,2,0,5,3.71436058357358,8.950528286397457,3.1216535922139883
8456,Nathan Tella,2021,Southampton,Sub,14,831,0,1,0.6766912061721087,0.6299310103058815,12,8,2,0,0,0.6766912061721087,1.3331405092030764,0.2192915938794613
8456,Nathan Tella,2020,Southampton,Sub,18,734,1,1,1.9882364720106125,1.090901680290699,17,6,2,0,1,1.9882364720106125,2.907419417053461,0.4839693028479814
8456,Nathan Tella,2019,Southampton,Sub,1,1,0,0,0.0757860988378524,0.0,1,0,0,0,0,0.0757860988378524,0.0757860988378524,0.0
