player_id,player_name,season,team,position,games,time,goals,assists,xG,xA,shots,key_passes,yellow,red,npg,npxG,xGChain,xGBuildup
11271,Nathan Zeze,2024,Nantes,DC,18,1522,0,0,0.3342009782791137,0.0102112600579857,6,1,6,0,0,0.3342009782791137,3.897283853031695,3.887072592973709
11271,Nathan Zeze,2023,Nantes,DC,13,1026,0,0,0.1480166306719184,0.0,3,0,1,0,0,0.1480166306719184,1.7902700686827302,1.7811707872897389
11271,Nathan Zeze,2022,Nantes,DC,1,77,0,0,0.0,0.0,0,0,0,0,0,0.0,0.0140022002160549,0.0140022002160549
