player_id,player_name,season,team,position,games,time,goals,assists,xG,xA,shots,key_passes,yellow,red,npg,npxG,xGChain,xGBuildup
10292,Nathan Patterson,2024,Everton,Sub,10,332,0,1,0.0711022391915321,0.4205229729413986,1,4,1,0,0,0.0711022391915321,0.6194286607205868,0.4873095341026783
10292,Nathan Patterson,2023,Everton,DR,20,979,0,2,0.4520776625722646,1.616803351789713,4,8,4,0,0,0.4520776625722646,5.134298218414187,3.8557239081710577
10292,Nathan Patterson,2022,Everton,DR,19,1272,0,0,0.8275385983288288,0.7127293702214956,8,6,3,0,0,0.8275385983288288,3.072567291557789,2.221582919359207
