player_id,player_name,season,team,position,games,time,goals,assists,xG,xA,shots,key_passes,yellow,red,npg,npxG,xGChain,xGBuildup
6840,Neeskens Kebano,2022,Fulham,AMR,17,770,0,3,0.7552167885005474,1.5724477292969825,9,13,0,0,0,0.7552167885005474,2.504967577755451,0.7153982073068619
6840,Neeskens Kebano,2020,Fulham,AMR,5,112,0,0,0.2724295035004616,0.0,6,0,0,0,0,0.2724295035004616,0.2416720017790794,0.0205275006592273
6840,Neeskens Kebano,2018,Fulham,Sub,7,93,0,0,0.049745600670576,0.0,1,0,0,0,0,0.049745600670576,0.0937285488471388,0.0439829481765627
