player_id,player_name,season,team,position,games,time,goals,assists,xG,xA,shots,key_passes,yellow,red,npg,npxG,xGChain,xGBuildup
6098,Niclas Füllkrug,2025,West Ham,FW,6,392,0,0,0.9451227933168412,0.3877217434346676,8,6,0,0,0,0.9451227933168412,0.8100216425955296,0.1229296624660492
6098,Niclas Füllkrug,2024,West Ham,Sub,18,775,3,2,2.1643357016146183,2.0831744708120823,16,14,2,0,3,2.1643357016146183,4.39640324562788,2.0444552544504404
6098,Niclas Füllkrug,2023,Borussia Dortmund,Sub,29,2273,12,8,14.529251400381328,4.064543347805738,53,34,1,0,9,12.256082717329264,14.530633553862572,3.3363153133541346
6098,Niclas Füllkrug,2023,Werder Bremen,FW,2,180,0,0,0.3180537149310112,0.4438858889043331,5,2,0,0,0,0.3180537149310112,0.8263600766658783,0.1696052104234695
6098,Niclas Füllkrug,2022,Werder Bremen,FW,28,2482,16,5,13.430156659334898,3.750499667599797,80,33,4,0,11,9.641273576766253,15.179124631918969,4.494084726087749
6098,Niclas Füllkrug,2020,Werder Bremen,Sub,19,875,6,0,5.049042731523514,0.2071332037448883,35,5,1,0,4,3.5335707664489746,3.1787083223462105,1.0755869951099155
6098,Niclas Füllkrug,2019,Werder Bremen,Sub,8,396,4,1,1.392361495643854,0.5759853012859821,17,3,2,0,4,1.392361495643854,2.416127799078822,0.8768589962273836
6098,Niclas Füllkrug,2018,Hannover 96,FW,14,1114,2,1,3.407600898295641,0.9361870167776942,37,13,1,0,1,2.649823907762766,5.011509217321873,2.4912899769842625
6098,Niclas Füllkrug,2017,Hannover 96,FW,34,2387,14,3,11.419224666431546,3.693625908344984,87,37,2,0,11,8.38820313476026,14.361863600090146,4.863058164715767
