player_id,player_name,season,team,position,games,time,goals,assists,xG,xA,shots,key_passes,yellow,red,npg,npxG,xGChain,xGBuildup
7379,Nicolo Fagioli,2025,Fiorentina,MC,5,313,0,0,0.0448052175343036,0.0716106388717889,2,3,0,0,0,0.0448052175343036,0.3321694992482662,0.2873642817139625
7379,Nicolo Fagioli,2024,Fiorentina,Sub,15,957,1,2,0.4666676595807075,2.8049927093088627,10,23,0,0,1,0.4666676595807075,5.560313068330288,4.2203687354922295
7379,Nicolo Fagioli,2024,Juventus,Sub,17,557,0,0,0.4226715564727783,0.2156590744853019,12,4,4,0,0,0.4226715564727783,4.233309045433998,3.8197509571909904
7379,Nicolo Fagioli,2023,Juventus,Sub,8,432,0,2,0.2789147980511188,1.3754366859793663,6,11,1,0,0,0.2789147980511188,2.4494937397539616,1.6591778006404638
7379,Nicolo Fagioli,2022,Juventus,Sub,26,1523,3,3,1.8505884343758223,0.9258906226605176,13,15,3,0,3,1.8505884343758223,4.298062361776829,1.9208921734243631
7379,Nicolo Fagioli,2020,Juventus,Sub,1,16,0,0,0.0,0.0,0,0,0,0,0,0.0,0.0395525991916656,0.0395525991916656
