player_id,player_name,season,team,position,games,time,goals,assists,xG,xA,shots,key_passes,yellow,red,npg,npxG,xGChain,xGBuildup
8829,Nicolò Casale,2025,Bologna,DC,1,48,0,0,0.0,0.0,0,0,0,0,0,0.0,0.0,0.0
8829,Nicolò Casale,2024,Bologna,DC,15,894,0,1,0.2157192472368478,0.4303916692733764,4,3,1,0,0,0.2157192472368478,1.942504895851016,1.586449457332492
8829,Nicolò Casale,2024,Lazio,DC,2,142,0,0,0.0588348805904388,0.0,1,0,0,0,0,0.0588348805904388,0.444728672504425,0.444728672504425
8829,Nicolò Casale,2023,Lazio,DC,20,1559,0,0,0.9763956321403384,0.0758862327784299,7,2,5,0,0,0.9763956321403384,4.498380331322551,4.311005115509033
8829,Nicolò Casale,2022,Lazio,DC,29,2439,1,1,0.5068234950304031,0.345090102404356,8,4,6,0,1,0.5068234950304031,7.858438242226839,7.858438242226839
8829,Nicolò Casale,2021,Verona,DMR,36,2606,0,2,0.5773273911327124,1.0186066050082443,10,11,10,0,0,0.5773273911327124,5.74027282372117,4.7650231420993805
