player_id,player_name,season,team,position,games,time,goals,assists,xG,xA,shots,key_passes,yellow,red,npg,npxG,xGChain,xGBuildup
10048,Nicolas Jackson,2025,Bayern Munich,Sub,5,178,0,0,0.3609455991536379,0.1876739393919706,3,5,0,0,0,0.3609455991536379,0.9335469603538512,0.3976515233516693
10048,Nicolas Jackson,2024,Chelsea,FW,30,2294,10,5,13.8340708874166,3.47239719517529,76,28,7,1,10,13.8340708874166,16.895098600536585,3.080276776105165
10048,Nicolas Jackson,2023,Chelsea,FW,35,2818,14,5,19.860593939200044,5.2836981769651175,80,36,10,0,14,19.860593939200044,27.91725537180901,7.270463835448027
10048,Nicolas Jackson,2022,Villarreal,FW,26,1617,12,4,8.56287157163024,4.143055668100715,41,22,4,1,12,8.56287157163024,15.196007523685694,3.050466211512685
10048,Nicolas Jackson,2021,Villarreal,Sub,9,145,0,0,0.813447704538703,0.7375730276107788,5,3,1,0,0,0.813447704538703,1.606246730312705,0.2561966981738806
