player_id,player_name,season,team,position,games,time,goals,assists,xG,xA,shots,key_passes,yellow,red,npg,npxG,xGChain,xGBuildup
11871,Nicolas Seiwald,2025,RasenBallsport Leipzig,MC,7,561,0,0,0.299121331423521,0.1172405742108821,4,3,0,0,0,0.299121331423521,2.849726997315884,2.6089201010763645
11871,Nicolas Seiwald,2024,RasenBallsport Leipzig,DMC,30,2081,0,0,0.1574913430958986,2.60853142477572,5,20,2,0,0,0.1574913430958986,7.612222496420145,6.73781743645668
11871,Nicolas Seiwald,2023,RasenBallsport Leipzig,DMC,21,677,0,2,0.0,0.2528872732073068,0,5,1,0,0,0.0,2.5311324950307608,2.33156618475914
