player_id,player_name,season,team,position,games,time,goals,assists,xG,xA,shots,key_passes,yellow,red,npg,npxG,xGChain,xGBuildup
7576,Nicolò Cambiaghi,2025,Bologna,AML,7,435,1,2,0.9076036158949136,1.5253666266798973,8,9,1,0,1,0.9076036158949136,2.1255190297961235,0.5901451781392097
7576,Nicolò Cambiaghi,2024,Bologna,Sub,18,581,1,3,0.7282730583101511,2.0716569516807795,14,10,0,0,1,0.7282730583101511,4.488316844217479,2.113939735107124
7576,Nicolò Cambiaghi,2023,Empoli,Sub,37,2573,1,1,4.165542892180383,2.8089517606422305,72,31,3,0,1,4.165542892180383,9.30418773368001,3.278561648912728
7576,Nicolò Cambiaghi,2022,Empoli,Sub,28,1268,6,1,3.473333427682519,0.925581406801939,35,14,3,1,6,3.473333427682519,7.218042183667421,3.2655900018289685
