player_id,player_name,season,team,position,games,time,goals,assists,xG,xA,shots,key_passes,yellow,red,npg,npxG,xGChain,xGBuildup
6411,Niklas Dorsch,2025,FC Heidenheim,MC,6,461,0,0,0.2861704938113689,0.1015527201816439,8,4,0,0,0,0.2861704938113689,2.3120586425065994,2.19503690302372
6411,Niklas Dorsch,2024,FC Heidenheim,Sub,22,1379,2,2,1.0962662072852254,1.131101816892624,9,13,5,1,2,1.0962662072852254,3.0800743214786053,1.3530444698408246
6411,Niklas Dorsch,2024,Augsburg,Sub,1,29,0,0,0.0,0.0,0,0,0,0,0,0.0,0.0,0.0
6411,Niklas Dorsch,2023,Augsburg,DMC,21,1395,0,0,0.5927808890119195,0.1284244731068611,14,3,5,0,0,0.5927808890119195,3.946524831466377,3.559052163735032
6411,Niklas Dorsch,2022,Augsburg,Sub,11,471,0,0,0.0,0.3145593404769897,0,1,1,0,0,0.0,0.4861020967364311,0.4861020967364311
6411,Niklas Dorsch,2021,Augsburg,DMC,30,2331,1,0,0.2027828525751829,0.7352635003626347,12,14,8,0,1,0.2027828525751829,5.350639058277011,4.9781341049820185
6411,Niklas Dorsch,2017,Bayern Munich,MC,1,90,1,0,0.495943009853363,0.0321399010717868,1,1,0,0,1,0.495943009853363,0.6810879707336426,0.1530060023069381
