player_id,player_name,season,team,position,games,time,goals,assists,xG,xA,shots,key_passes,yellow,red,npg,npxG,xGChain,xGBuildup
12008,Nikola Krstovic,2025,Atalanta,Sub,7,341,2,3,3.1773811429739,0.895528182387352,21,8,0,0,2,3.1773811429739,4.249720081686974,0.4353476613759994
12008,Nikola Krstovic,2024,Lecce,FW,37,3096,11,5,12.192179908044636,3.5718187177553773,137,30,6,0,9,9.908283424563706,13.792114338837564,3.114339157938957
12008,Nikola Krstovic,2023,Lecce,Sub,35,2401,7,1,12.602945871651173,2.69566588755697,92,40,4,1,6,10.31904935836792,13.926026972942054,3.329130887985229
