player_id,player_name,season,team,position,games,time,goals,assists,xG,xA,shots,key_passes,yellow,red,npg,npxG,xGChain,xGBuildup
7056,Niko Gießelmann,2022,Union Berlin,Sub,26,1295,0,2,0.776525666937232,1.7110193148255348,20,22,4,0,0,0.776525666937232,3.072348453104496,1.8975248076021671
7056,Niko Gießelmann,2021,Union Berlin,DL,28,2102,3,6,4.023096015676856,1.8451508013531568,27,28,3,0,3,4.023096015676856,8.44873495772481,4.145501472055912
7056,Niko Gießelmann,2020,Union Berlin,Sub,13,413,0,0,0.0922448621131479,0.1937219016253948,4,3,3,0,0,0.0922448621131479,0.9265856919810176,0.7173138847574592
7056,Niko Gießelmann,2019,Fortuna Duesseldorf,DL,25,2060,1,1,0.4787951968610286,1.7135836314409971,14,22,6,0,1,0.4787951968610286,4.3149274829775095,3.1012486927211285
7056,Niko Gießelmann,2018,Fortuna Duesseldorf,DL,30,2594,0,3,0.9243173869326712,3.2402696032077074,26,27,2,0,0,0.9243173869326712,7.426430631428957,4.984513198956847
