player_id,player_name,season,team,position,games,time,goals,assists,xG,xA,shots,key_passes,yellow,red,npg,npxG,xGChain,xGBuildup
11966,Noah Okafor,2025,Leeds,Sub,5,314,2,0,1.161027655005455,0.7157847434282303,6,4,2,0,2,1.161027655005455,2.31185644865036,0.4843902252614498
11966,Noah Okafor,2024,AC Milan,Sub,11,408,1,0,2.1913086399436,0.3501623868942261,12,4,0,0,1,2.1913086399436,3.1692574098706245,0.6277863867580891
11966,Noah Okafor,2024,Napoli,Sub,4,27,0,0,0.038757350295782,0.4139722995460033,1,3,0,0,0,0.038757350295782,0.4527296498417854,0.0210499018430709
11966,Noah Okafor,2023,AC Milan,Sub,28,837,6,2,4.565763399004936,1.1466773133724928,22,8,1,0,6,4.565763399004936,6.369675822556019,1.8827040195465088
