player_id,player_name,season,team,position,games,time,goals,assists,xG,xA,shots,key_passes,yellow,red,npg,npxG,xGChain,xGBuildup
13149,Noahkai Banks,2025,Augsburg,Sub,4,203,1,0,0.5075794588774443,0,2,0,1,0,1,0.5075794588774443,0.5141972601413727,0.5141972601413727
13149,Noahkai Banks,2024,Augsburg,Sub,8,260,0,0,0.067817211151123,0,1,0,2,0,0,0.067817211151123,0.1468391716480255,0.1468391716480255
