player_id,player_name,season,team,position,games,time,goals,assists,xG,xA,shots,key_passes,yellow,red,npg,npxG,xGChain,xGBuildup
9732,Noah Weißhaupt,2024,St. Pauli,Sub,19,1174,1,0,2.0846512373536825,1.9687555506825447,18,18,0,0,1,2.0846512373536825,4.038479633629322,1.1046688221395016
9732,Noah Weißhaupt,2024,Freiburg,Sub,3,72,0,0,0.0579406358301639,0.0,1,0,0,0,0,0.0579406358301639,0.3295331820845604,0.3295331820845604
9732,Noah Weißhaupt,2023,Freiburg,Sub,24,693,1,2,0.3708160705864429,2.047544148750603,4,16,1,0,1,0.3708160705864429,4.09987820032984,2.900294376537204
9732,Noah Weißhaupt,2022,Freiburg,Sub,18,398,0,1,0.3457532227039337,1.193778244778514,2,8,0,0,0,0.3457532227039337,1.7486506178975103,0.5518267825245857
9732,Noah Weißhaupt,2021,Freiburg,Sub,10,81,0,0,0.0,0.5429550977423787,0,3,0,0,0,0.0,0.9286980899050832,0.8410019874572754
