player_id,player_name,season,team,position,games,time,goals,assists,xG,xA,shots,key_passes,yellow,red,npg,npxG,xGChain,xGBuildup
1599,Norbert Gyömbér,2023,Salernitana,DC,22,1779,0,0,0.1469315206632018,0.1302383821457624,4,5,9,0,0,0.1469315206632018,2.5037967041134834,2.309079956263304
1599,Norbert Gyömbér,2022,Salernitana,DC,27,1772,0,1,0.7806354649364948,0.529931552708149,8,3,5,0,0,0.7806354649364948,3.316725486889481,3.144677074626088
1599,Norbert Gyömbér,2021,Salernitana,DC,31,2577,0,0,0.6787880966439843,0.7209518067538738,9,7,9,0,0,0.6787880966439843,2.9463126799091697,2.79034907463938
1599,Norbert Gyömbér,2016,Pescara,DC,10,850,0,0,0.1271770000457763,0.0157319996505975,1,1,4,0,0,0.1271770000457763,1.076097784563899,1.0603657849133017
1599,Norbert Gyömbér,2016,FK Akhmat,MC,7,533,0,0,0.0,0.0562391988933086,0,1,2,0,0,0.0,1.2527022920548916,1.2527022920548916
1599,Norbert Gyömbér,2015,Roma,Sub,6,88,0,0,0.0,0.0684453025460243,0,2,1,0,0,0.0,0.0684453025460243,0.0
