player_id,player_name,season,team,position,games,time,goals,assists,xG,xA,shots,key_passes,yellow,red,npg,npxG,xGChain,xGBuildup
9714,Odilon Kossounou,2025,Atalanta,Sub,4,271,0,0,0.0,0.0439794510602951,0,1,0,0,0,0.0,0.6566213890910149,0.6566213890910149
9714,Odilon Kossounou,2024,Atalanta,DC,18,1126,0,0,1.0900323893874884,0.0669493824243545,6,1,1,0,0,1.0900323893874884,5.160535207018256,4.8585813865065575
9714,Odilon Kossounou,2023,Bayer Leverkusen,DC,22,1822,1,0,0.6733856815844774,1.2877439875155687,5,10,3,0,1,0.6733856815844774,10.892226748168468,10.125521678477526
9714,Odilon Kossounou,2022,Bayer Leverkusen,Sub,24,1518,0,1,0.1056530978530645,0.141922403126955,3,3,3,0,0,0.1056530978530645,3.917286849580705,3.7647726675495514
9714,Odilon Kossounou,2021,Bayer Leverkusen,DC,27,1787,0,1,0.1857724022120237,1.0582508947700262,4,5,3,0,0,0.1857724022120237,6.265067525207996,5.758609510958195
