player_id,player_name,season,team,position,games,time,goals,assists,xG,xA,shots,key_passes,yellow,red,npg,npxG,xGChain,xGBuildup
3697,Odsonne Edouard,2025,Lens,FW,5,251,2,0,1.091376170516014,0.3462798856198787,5,2,1,0,2,1.091376170516014,1.3532861731946468,0.58522629737854
3697,Odsonne Edouard,2025,Crystal Palace,Sub,1,1,0,0,0.0,0.0,0,0,0,0,0,0.0,0.0,0.0
3697,Odsonne Edouard,2024,Crystal Palace,Sub,2,112,0,0,0.325688287615776,0.024778289720416,5,1,0,0,0,0.325688287615776,0.4969804659485817,0.1465138848870992
3697,Odsonne Edouard,2024,Leicester,Sub,4,19,0,0,0.0,0.0811550393700599,0,1,0,0,0,0.0,0.1245629116892814,0.0434078760445117
3697,Odsonne Edouard,2023,Crystal Palace,FW,30,1534,7,0,7.869511350989342,1.0359194399788976,51,18,4,0,7,7.869511350989342,8.31682275235653,2.1359799914062023
3697,Odsonne Edouard,2022,Crystal Palace,FW,35,1819,5,2,5.535292422398925,1.2745107971131802,39,17,3,0,5,5.535292422398925,7.545081002637744,2.812871368601918
3697,Odsonne Edouard,2021,Crystal Palace,Sub,28,1579,6,4,6.533581294119358,2.171932205557823,40,21,4,0,5,5.772417314350605,10.204465180635452,2.602695971727371
3697,Odsonne Edouard,2016,Toulouse,Sub,16,554,1,0,1.5692657865583897,0.1955470964312553,11,4,0,0,1,1.5692657865583897,2.9535011947155,1.347131431102753
