player_id,player_name,season,team,position,games,time,goals,assists,xG,xA,shots,key_passes,yellow,red,npg,npxG,xGChain,xGBuildup
8728,Oier Zarraga,2025,Udinese,Sub,5,168,0,0,0.0160707682371139,0.0177968442440032,1,1,1,0,0,0.0160707682371139,0.0782278478145599,0.0443602353334426
8728,Oier Zarraga,2024,Udinese,Sub,22,881,1,0,0.2872130675241351,0.3232956565916538,6,6,0,0,1,0.2872130675241351,2.017476899549365,1.489111479371786
8728,Oier Zarraga,2023,Udinese,MC,15,383,2,0,0.5558614768087864,0.0347695304080843,6,2,0,0,2,0.5558614768087864,0.976634681224823,0.8069032430648804
8728,Oier Zarraga,2022,Athletic Club,Sub,26,812,0,0,0.8968567624688148,1.0348574705421925,18,12,5,0,0,0.8968567624688148,3.321724507957697,2.219027554616332
8728,Oier Zarraga,2021,Athletic Club,Sub,31,1100,1,0,1.2774135256186128,0.1567144021391868,18,5,5,0,0,0.5341354990378022,4.046911982819438,3.536167034879327
8728,Oier Zarraga,2020,Athletic Club,Sub,5,94,0,0,0.0855501964688301,0.0464398004114627,1,2,0,0,0,0.0855501964688301,0.2289418019354343,0.0969519987702369
