player_id,player_name,season,team,position,games,time,goals,assists,xG,xA,shots,key_passes,yellow,red,npg,npxG,xGChain,xGBuildup
11289,Ola Solbakken,2024,Empoli,Sub,21,750,0,0,0.7903557196259499,0.5749603006988764,4,9,2,0,0,0.7903557196259499,1.7711380869150162,0.4644903261214494
11289,Ola Solbakken,2023,Roma,Sub,1,16,0,0,0.0,0.0,0,0,0,0,0,0.0,0.0,0.0
11289,Ola Solbakken,2022,Roma,Sub,14,517,1,2,1.0562524497509005,1.4002538360655308,9,11,2,0,1,1.0562524497509005,2.4018823951482773,0.158398400992155
