player_id,player_name,season,team,position,games,time,goals,assists,xG,xA,shots,key_passes,yellow,red,npg,npxG,xGChain,xGBuildup
1736,Oliver McBurnie,2024,Las Palmas,FW,34,1835,3,6,6.037325001321733,3.4504245165735483,32,23,3,0,3,6.037325001321733,10.23814307153225,1.5718960762023926
1736,Oliver McBurnie,2023,Sheffield United,Sub,21,1290,6,3,7.429724760353565,2.1915900241583586,33,12,3,2,4,5.907387010753155,6.99262013938278,2.891832641325891
1736,Oliver McBurnie,2020,Sheffield United,FW,23,1306,1,0,3.552994309924543,1.0542656984180212,30,15,2,0,1,3.552994309924543,6.107228264212608,2.601922516711056
1736,Oliver McBurnie,2019,Sheffield United,Sub,36,2123,6,0,8.068318895995617,1.135003101080656,50,10,4,0,6,8.068318895995617,10.194577626883984,3.9475047774612895
1736,Oliver McBurnie,2017,Swansea,Sub,11,257,0,1,0.2464730069041252,0.5389220118522644,5,1,0,0,0,0.2464730069041252,0.7823979128152132,0.6077351104468107
1736,Oliver McBurnie,2016,Swansea,Sub,5,69,0,0,0.0776455029845237,0.1045650020241737,2,2,0,0,0,0.0776455029845237,0.2300120033323764,0.1425895988941192
