player_id,player_name,season,team,position,games,time,goals,assists,xG,xA,shots,key_passes,yellow,red,npg,npxG,xGChain,xGBuildup
7710,Oliver Norwood,2023,Sheffield United,MC,27,1413,1,0,0.9864262714982032,0.6933921938762069,15,16,8,0,0,0.2252942509949207,2.788633189164102,2.4070543106645346
7710,Oliver Norwood,2020,Sheffield United,MC,32,2239,0,0,0.430055795237422,1.2662918074056506,11,32,6,0,0,0.430055795237422,5.095909474417567,4.403649482876062
7710,Oliver Norwood,2019,Sheffield United,MC,38,3119,1,1,1.3383014099672437,3.87992282398045,17,49,8,0,0,0.5771326068788767,9.954602483659984,9.053659860044718
