player_id,player_name,season,team,position,games,time,goals,assists,xG,xA,shots,key_passes,yellow,red,npg,npxG,xGChain,xGBuildup
8865,Ollie Watkins,2025,Aston Villa,FW,8,629,1,0,1.5301319509744644,0.2643598355352878,12,4,0,0,1,1.5301319509744644,1.9942462034523487,0.2358886450529098
8865,Ollie Watkins,2024,Aston Villa,FW,38,2666,16,8,18.632458329200745,3.87640418484807,84,25,2,0,14,17.11012053489685,18.900541841983795,3.2909299470484257
8865,Ollie Watkins,2023,Aston Villa,FW,37,3250,19,13,19.26459836959839,7.745744535699487,106,45,4,0,19,19.26459836959839,29.22941774129868,5.899641819298267
8865,Ollie Watkins,2022,Aston Villa,Sub,37,3150,15,6,17.486295863986015,3.674034003168345,85,30,4,0,14,15.963956996798515,22.16256415843964,5.435315723530948
8865,Ollie Watkins,2021,Aston Villa,Sub,35,2970,11,2,11.498160604387522,2.997610133141279,77,35,7,0,10,10.736988637596369,17.148511039093137,5.538892895914614
8865,Ollie Watkins,2020,Aston Villa,FW,37,3330,14,5,16.280176680535078,5.314029790461063,98,45,2,1,13,14.75783659145236,22.01402278989553,5.334985261783004
