player_id,player_name,season,team,position,games,time,goals,assists,xG,xA,shots,key_passes,yellow,red,npg,npxG,xGChain,xGBuildup
7096,Omar Colley,2022,Sampdoria,DC,16,1383,1,0,1.4193593338131905,0.0960261970758438,6,1,5,0,1,1.4193593338131905,2.0833404902368784,2.02595048584044
7096,Omar Colley,2021,Sampdoria,DC,32,2752,0,0,1.2040945645421743,0.0,11,0,6,1,0,1.2040945645421743,4.464564238674939,3.9366877200081936
7096,Omar Colley,2020,Sampdoria,DC,29,2591,2,0,1.438697129487991,0.083319597877562,12,2,6,0,2,1.438697129487991,4.171581226401031,4.117732426151633
7096,Omar Colley,2019,Sampdoria,DC,31,2772,0,1,3.21848410833627,0.7359273200854659,24,8,10,0,0,3.21848410833627,4.4547279169783,3.719830146990717
7096,Omar Colley,2018,Sampdoria,DC,21,1765,0,0,0.4866039045155048,0.1791754979640245,7,4,0,1,0,0.4866039045155048,3.8115099146962166,3.8115099146962166
