player_id,player_name,season,team,position,games,time,goals,assists,xG,xA,shots,key_passes,yellow,red,npg,npxG,xGChain,xGBuildup
13048,Orri Óskarsson,2025,Real Sociedad,Sub,3,110,1,0,0.9246834293007852,0.3286897242069244,3,1,0,0,1,0.9246834293007852,1.253373183310032,0.0
13048,Orri Óskarsson,2024,Real Sociedad,Sub,23,929,3,0,5.614245757460594,0.1733453413471579,19,5,1,0,3,5.614245757460594,5.697332162410021,0.0270324498414993
