player_id,player_name,season,team,position,games,time,goals,assists,xG,xA,shots,key_passes,yellow,red,npg,npxG,xGChain,xGBuildup
12952,Oscar Højlund,2025,Eintracht Frankfurt,Sub,7,142,0,0,0.0,0.0,0,0,0,0,0,0.0,0.2382142897695303,0.2382142897695303
12952,Oscar Højlund,2024,Eintracht Frankfurt,Sub,20,696,1,0,1.0715759545564651,0.9632676243782043,6,6,0,0,1,1.0715759545564651,4.587974041700363,2.675981115549803
