player_id,player_name,season,team,position,games,time,goals,assists,xG,xA,shots,key_passes,yellow,red,npg,npxG,xGChain,xGBuildup
11903,Oscar Bobb,2025,Manchester City,FWR,7,396,0,1,0.7998874932527542,0.5768487975001335,3,8,0,0,0,0.7998874932527542,3.394778795540333,2.3892483860254288
11903,Oscar Bobb,2024,Manchester City,Sub,3,9,0,0,0.0,0.0901587530970573,0,1,0,0,0,0.0,0.0901587530970573,0.0
11903,Oscar Bobb,2023,Manchester City,Sub,14,269,1,1,1.49422175437212,1.187767542898655,4,8,0,0,1,1.49422175437212,5.021226137876511,2.8755914717912674
