player_id,player_name,season,team,position,games,time,goals,assists,xG,xA,shots,key_passes,yellow,red,npg,npxG,xGChain,xGBuildup
12192,Othmane Maamma,2024,Montpellier,Sub,12,326,1,1,0.971425167284906,0.6859283857047558,10,3,1,0,1,0.971425167284906,1.5663241678848865,0.2421865947544574
12192,Othmane Maamma,2023,Montpellier,Sub,2,90,1,0,0.487964067608118,0.4954282939434051,3,3,0,0,1,0.487964067608118,0.9615037441253662,0.3955488037317991
