player_id,player_name,season,team,position,games,time,goals,assists,xG,xA,shots,key_passes,yellow,red,npg,npxG,xGChain,xGBuildup
11016,Ousmane Camara,2025,Angers,DC,8,605,0,0,0.0476012527942657,0.1024611964821815,1,1,1,0,0,0.0476012527942657,2.24459545314312,2.1421342343091965
11016,Ousmane Camara,2024,Angers,DC,3,255,0,0,0.0253534894436597,0.023300090804696,1,1,1,0,0,0.0253534894436597,0.340166337788105,0.340166337788105
11016,Ousmane Camara,2022,Angers,DC,9,522,0,0,0.1311479955911636,0.0,1,0,2,0,0,0.1311479955911636,1.7733448594808578,1.7733448594808578
