player_id,player_name,season,team,position,games,time,goals,assists,xG,xA,shots,key_passes,yellow,red,npg,npxG,xGChain,xGBuildup
10494,Pablo Barrios Rivas,2025,Atletico Madrid,Sub,9,743,1,0,0.6325310841202736,0.480751134455204,10,7,0,0,1,0.6325310841202736,5.4669564962387085,4.6071019023656845
10494,Pablo Barrios Rivas,2024,Atletico Madrid,MC,31,2347,1,4,1.3707369193434715,2.9307284597307444,29,26,4,1,1,1.3707369193434715,17.51480458304286,14.883386809378862
10494,Pablo Barrios Rivas,2023,Atletico Madrid,Sub,24,1571,0,1,1.0035561434924605,1.7167253606021404,16,16,4,0,0,1.0035561434924605,8.838192000985146,6.901825416833162
10494,Pablo Barrios Rivas,2022,Atletico Madrid,Sub,21,698,0,1,0.6069962363690138,0.7881265692412853,12,4,4,0,0,0.6069962363690138,3.854851100593805,2.729511460289359
