player_id,player_name,season,team,position,games,time,goals,assists,xG,xA,shots,key_passes,yellow,red,npg,npxG,xGChain,xGBuildup
11154,Pablo Durán,2025,Celta Vigo,Sub,8,416,1,0,0.890649912878871,0.0378673821687698,11,1,0,0,1,0.890649912878871,1.103742599487305,0.2358877900987863
11154,Pablo Durán,2024,Celta Vigo,Sub,27,1393,4,4,3.09553406946361,3.1764622405171394,26,18,3,0,4,3.09553406946361,6.573258327320218,1.7288688998669386
11154,Pablo Durán,2022,Celta Vigo,Sub,4,25,0,0,0.0,0.0,0,0,0,0,0,0.0,0.0216748993843793,0.0216748993843793
