player_id,player_name,season,team,position,games,time,goals,assists,xG,xA,shots,key_passes,yellow,red,npg,npxG,xGChain,xGBuildup
12381,Panos Katseris,2025,Lorient,Sub,3,124,0,0,0.3738848119974136,0.6384020075201988,4,3,1,0,0,0.3738848119974136,1.269253134727478,0.7740084528923035
12381,Panos Katseris,2023,Lorient,DMR,15,1059,1,1,2.2099021282047038,0.8746824134141207,17,9,4,0,1,2.2099021282047038,4.74935185816139,1.871618249453604
