player_id,player_name,season,team,position,games,time,goals,assists,xG,xA,shots,key_passes,yellow,red,npg,npxG,xGChain,xGBuildup
2040,Paolo Ghiglione,2022,Cremonese,MR,15,713,1,1,0.6312382444739342,0.6070749275386333,7,12,4,0,1,0.6312382444739342,2.2866541631519794,1.4051702516153457
2040,Paolo Ghiglione,2021,Genoa,DMR,13,589,0,1,0.3559934999793768,0.9425588175654412,8,7,3,0,0,0.3559934999793768,1.7940595354884863,0.5793926082551479
2040,Paolo Ghiglione,2020,Genoa,DMR,23,1355,0,4,0.5510835153982043,2.1782823018729687,10,18,4,0,0,0.5510835153982043,3.9511072114109993,1.8882415890693665
2040,Paolo Ghiglione,2019,Genoa,MR,25,1715,0,5,1.8722681915387511,2.5034068636596203,23,23,4,0,0,1.8722681915387511,5.672379314899445,2.738281724974513
2040,Paolo Ghiglione,2018,Frosinone,Sub,9,513,1,0,0.522110115736723,0.5418214127421379,8,6,4,0,1,0.522110115736723,1.121796604245901,0.2214353010058403
