player_id,player_name,season,team,position,games,time,goals,assists,xG,xA,shots,key_passes,yellow,red,npg,npxG,xGChain,xGBuildup
9021,Pape Sarr,2025,Tottenham,MC,7,371,1,2,0.3309345860034227,0.5637285523116589,3,2,0,0,1,0.3309345860034227,2.2620035223662853,2.1840030550956726
9021,Pape Sarr,2024,Tottenham,MC,36,1913,3,2,3.994037317112088,2.015070780180394,34,16,6,0,3,3.994037317112088,11.247560657560824,7.256752958521247
9021,Pape Sarr,2023,Tottenham,Sub,34,2141,3,3,3.842421315610409,2.0322468373924494,36,20,9,0,3,3.842421315610409,16.10821724496782,11.238362627103925
9021,Pape Sarr,2022,Tottenham,Sub,11,200,0,1,0.0562562998384237,0.5660416968166828,2,2,1,0,0,0.0562562998384237,1.8612066991627216,1.2539500053972006
9021,Pape Sarr,2021,Metz,AMC,33,2128,1,3,1.798304559662938,1.5993151916190982,31,20,7,0,1,1.798304559662938,5.455072950571775,2.9677818790078163
9021,Pape Sarr,2020,Metz,Sub,22,1588,3,0,0.7922857236117125,0.4092840030789375,31,16,5,0,3,0.7922857236117125,4.021569043863565,3.2592279887758195
