player_id,player_name,season,team,position,games,time,goals,assists,xG,xA,shots,key_passes,yellow,red,npg,npxG,xGChain,xGBuildup
8717,Pascal Struijk,2025,Leeds,DC,8,720,0,0,0.5395675823092461,0.0398609144613146,8,2,1,0,0,0.5395675823092461,0.6754201082512736,0.5155079253017902
8717,Pascal Struijk,2022,Leeds,DL,29,2217,2,1,1.3350814320147038,2.1753706987947226,16,13,5,0,2,1.3350814320147038,5.012533586472273,3.33086527697742
8717,Pascal Struijk,2021,Leeds,DC,29,2052,1,0,2.2996558295562863,0.4314972944557667,11,11,6,1,1,2.2996558295562863,5.535419112071395,5.0301025332883
8717,Pascal Struijk,2020,Leeds,DC,27,2073,1,0,2.0286722974851727,0.1080475812777876,13,4,3,0,1,2.0286722974851727,6.597728695720434,6.550255294889212
