player_id,player_name,season,team,position,games,time,goals,assists,xG,xA,shots,key_passes,yellow,red,npg,npxG,xGChain,xGBuildup
9711,Patrick Osterhage,2025,Freiburg,DMC,4,353,0,0,0.4283692613244056,0.0830018371343612,3,1,2,0,0,0.4283692613244056,0.7169541344046593,0.2055830135941505
9711,Patrick Osterhage,2024,Freiburg,DMC,30,2297,1,0,1.7293015737086537,2.2099559139460325,21,17,4,1,1,1.7293015737086537,10.987612433731556,7.910030540078878
9711,Patrick Osterhage,2023,Bochum,Sub,24,1870,2,1,1.2685407400131226,0.6997663751244545,21,13,5,0,2,1.2685407400131226,5.741146918386221,4.423051286488771
9711,Patrick Osterhage,2022,Bochum,Sub,23,1009,0,0,0.2443461809307336,0.2897718846797943,6,5,3,0,0,0.2443461809307336,1.296768233180046,0.8393440395593643
9711,Patrick Osterhage,2021,Bochum,Sub,13,588,0,1,0.1810854030773043,0.1392129911109805,4,4,2,0,0,0.1810854030773043,0.5368181895464659,0.3318204907700419
