player_id,player_name,season,team,position,games,time,goals,assists,xG,xA,shots,key_passes,yellow,red,npg,npxG,xGChain,xGBuildup
9730,Patrick Wimmer,2025,Wolfsburg,AML,5,395,0,1,0.5504734944552183,0.1331131886690855,5,3,1,0,0,0.5504734944552183,1.608983701094985,1.0682594999670982
9730,Patrick Wimmer,2024,Wolfsburg,FW,29,1815,3,4,4.326380535960197,3.0010927617549896,42,24,5,1,3,4.326380535960197,11.253519002348185,6.853250550106168
9730,Patrick Wimmer,2023,Wolfsburg,FWL,14,604,2,0,1.810730138793588,0.1002170778810978,10,4,3,1,2,1.810730138793588,2.133570494130254,1.1864213608205318
9730,Patrick Wimmer,2022,Wolfsburg,AMR,26,1709,4,8,4.009688466787338,5.654376212507486,31,38,7,0,4,4.009688466787338,10.894396804273129,2.442955546081066
9730,Patrick Wimmer,2021,Arminia Bielefeld,Sub,31,2082,3,6,4.106790913268924,3.446537118405104,56,40,7,0,3,4.106790913268924,8.014893369749188,2.9698164155706763
