player_id,player_name,season,team,position,games,time,goals,assists,xG,xA,shots,key_passes,yellow,red,npg,npxG,xGChain,xGBuildup
9738,Patson Daka,2024,Leicester,Sub,23,686,1,0,1.767653119750321,0.0259240753948688,15,1,0,0,1,1.767653119750321,1.957958842627704,0.1643816493451595
9738,Patson Daka,2022,Leicester,Sub,30,1164,4,4,4.064196912571788,2.733729289844632,30,17,2,0,4,4.064196912571788,8.224425293505192,1.5247648544609549
9738,Patson Daka,2021,Leicester,Sub,23,1164,5,3,5.1097992323338985,1.8195277228951452,26,13,2,0,5,5.1097992323338985,7.503917820751667,2.1623850176110864
