player_id,player_name,season,team,position,games,time,goals,assists,xG,xA,shots,key_passes,yellow,red,npg,npxG,xGChain,xGBuildup
12914,Pau Navarro,2025,Villarreal,DR,2,153,0,0,0.0226786062121391,0.0,1,0,1,0,0,0.0226786062121391,0.2270188629627227,0.2043402642011642
12914,Pau Navarro,2024,Villarreal,Sub,17,902,0,0,0.0157116148620843,0.0141796292737126,1,1,1,0,0,0.0157116148620843,3.66788212954998,3.6521705240011215
