player_id,player_name,season,team,position,games,time,goals,assists,xG,xA,shots,key_passes,yellow,red,npg,npxG,xGChain,xGBuildup
8213,Paulo Ot치vio,2022,Wolfsburg,DL,25,2070,0,5,0.5616206908598542,3.4950895430520177,19,23,8,0,0,0.5616206908598542,7.3325059516355395,4.861743248067796
8213,Paulo Ot치vio,2021,Wolfsburg,DL,7,367,0,1,0.4544474966824054,0.5309791909530759,4,3,0,0,0,0.4544474966824054,1.6880398727953434,1.1359382085502148
8213,Paulo Ot치vio,2020,Wolfsburg,Sub,23,1734,0,2,0.4570386009290814,1.3716848054900763,14,13,7,1,0,0.4570386009290814,5.089524500072002,3.379223106428981
8213,Paulo Ot치vio,2019,Wolfsburg,Sub,5,378,0,1,0.0845605004578828,0.7658969834446907,3,9,3,0,0,0.0845605004578828,1.053748071193695,0.4521961882710457
