player_id,player_name,season,team,position,games,time,goals,assists,xG,xA,shots,key_passes,yellow,red,npg,npxG,xGChain,xGBuildup
7355,Paul Akouokou,2024,Lyon,Sub,2,24,0,0,0.0,0.0,0,0,1,0,0,0.0,0.0,0.0
7355,Paul Akouokou,2023,Lyon,DMC,8,311,0,0,0.0548432990908622,0.0,2,0,1,0,0,0.0548432990908622,0.6231786012649536,0.6231786012649536
7355,Paul Akouokou,2023,Real Betis,Sub,2,17,0,0,0.0,0.0,0,0,0,0,0,0.0,0.3784242887049913,0.3784242887049913
7355,Paul Akouokou,2022,Real Betis,Sub,12,417,0,0,0.0946320500224828,0.0,3,0,3,0,0,0.0946320500224828,0.5881002955138683,0.5444467961788177
7355,Paul Akouokou,2021,Real Betis,DMC,8,524,0,0,0.0552506987005472,0.1882313974201679,2,3,2,1,0,0.0552506987005472,0.7254720963537693,0.5433120839297771
7355,Paul Akouokou,2020,Real Betis,Sub,10,374,0,0,0.0,0.5795638784766197,0,2,3,1,0,0.0,1.2481798082590103,0.6686159148812294
