player_id,player_name,season,team,position,games,time,goals,assists,xG,xA,shots,key_passes,yellow,red,npg,npxG,xGChain,xGBuildup
8846,Paul Nebel,2025,Mainz 05,AMC,5,423,1,0,1.1914464682340622,0.3976021073758602,6,8,1,1,1,1.1914464682340622,1.645791232585907,0.4317920617759228
8846,Paul Nebel,2024,Mainz 05,Sub,31,2347,10,4,6.269156511873007,4.314232256263495,44,35,3,1,10,6.269156511873007,17.700350554659963,8.364783497527242
8846,Paul Nebel,2021,Mainz 05,AMC,10,213,0,1,0.2767469882965088,0.2408150993287563,3,4,3,0,0,0.2767469882965088,0.8255385011434555,0.4923485070466995
8846,Paul Nebel,2020,Mainz 05,Sub,4,46,0,0,0.0,0.0,0,0,0,0,0,0.0,0.0,0.0
