player_id,player_name,season,team,position,games,time,goals,assists,xG,xA,shots,key_passes,yellow,red,npg,npxG,xGChain,xGBuildup
11746,Pejiño,2024,Las Palmas,Sub,1,12,0,0,0.027307828888297,0.0,1,0,0,0,0,0.027307828888297,0.027307828888297,0.0
11746,Pejiño,2023,Las Palmas,Sub,17,489,2,0,1.2113106455653906,0.3578695189207792,17,9,0,0,2,1.2113106455653906,2.024031599983573,0.5163136906921864
