player_id,player_name,season,team,position,games,time,goals,assists,xG,xA,shots,key_passes,yellow,red,npg,npxG,xGChain,xGBuildup
4175,Pere Milla,2025,Espanyol,Sub,7,454,4,0,3.0870250314474106,1.5671401396393776,24,9,2,1,4,3.0870250314474106,3.8046714570373297,1.0542438142001629
4175,Pere Milla,2024,Espanyol,MC,20,402,3,0,1.566716724075377,0.3911232464015484,11,5,3,0,3,1.566716724075377,1.763829761184752,0.1153790983371436
4175,Pere Milla,2022,Elche,FWR,31,1882,6,1,5.174815798178315,1.3084059935063124,36,13,6,0,3,2.9449808094650507,5.5135867381468415,2.2564130621030927
4175,Pere Milla,2021,Elche,FW,32,1634,8,3,4.583406371995807,1.8208362068980928,29,12,4,0,8,4.583406371995807,9.57389146182686,3.727922352030873
4175,Pere Milla,2020,Elche,FW,32,1996,4,3,5.484171523712575,2.326135816052556,30,15,6,0,4,5.484171523712575,7.690217873081565,1.9757416993379595
4175,Pere Milla,2018,Eibar,ML,5,352,0,0,0.1725549027323722,0.1650691982358694,4,3,0,0,0,0.1725549027323722,1.0125919729471209,0.7123686298727989
