player_id,player_name,season,team,position,games,time,goals,assists,xG,xA,shots,key_passes,yellow,red,npg,npxG,xGChain,xGBuildup
7743,Pereira Lage,2025,St. Pauli,FW,7,568,0,1,2.219746323302388,0.8115038573741913,13,12,0,0,0,2.219746323302388,2.5383763387799263,0.0737219527363777
7743,Pereira Lage,2024,Brest,MC,29,1576,2,7,3.184171587228775,4.771148173138499,36,22,4,0,2,3.184171587228775,8.298807248473167,3.571424581110477
7743,Pereira Lage,2023,Brest,AMR,30,1167,3,2,3.957470413297415,2.3346722200512886,36,14,3,0,3,3.957470413297415,6.131544962525368,1.2869406640529633
7743,Pereira Lage,2022,Brest,FW,24,1276,2,1,1.2470275545492768,1.499536069110036,21,15,2,0,2,1.2470275545492768,2.981640622019768,0.7130292486399412
7743,Pereira Lage,2021,Angers,Sub,24,1029,4,2,2.941858071833849,1.5574662275612354,19,9,0,0,4,2.941858071833849,5.79256902448833,3.070303451269865
7743,Pereira Lage,2020,Angers,ML,28,1475,4,1,1.9765302119776609,0.5906252446584404,28,9,5,0,4,1.9765302119776609,3.956511431373656,2.4512416627258062
7743,Pereira Lage,2019,Angers,ML,25,1549,1,3,1.523159183561802,2.446194102987647,35,22,2,0,1,1.523159183561802,5.25589126162231,2.626372574828565
