player_id,player_name,season,team,position,games,time,goals,assists,xG,xA,shots,key_passes,yellow,red,npg,npxG,xGChain,xGBuildup
11008,Perr Schuurs,2023,Torino,DC,9,771,1,0,0.7242057342082262,0.1234192624688148,7,1,2,0,1,0.7242057342082262,1.1792714418843389,0.8482931600883603
11008,Perr Schuurs,2022,Torino,DC,30,2334,0,2,0.9287161212414504,1.0663854666054249,14,7,5,0,0,0.9287161212414504,7.277536360546946,6.548052653670311
