player_id,player_name,season,team,position,games,time,goals,assists,xG,xA,shots,key_passes,yellow,red,npg,npxG,xGChain,xGBuildup
9849,Petar Stojanovic,2024,Empoli,Sub,1,1,0,0,0.0,0.0,0,0,0,0,0,0.0,0.0,0.0
9849,Petar Stojanovic,2022,Empoli,DR,27,1505,1,1,0.3356702113524079,1.0338689126074314,11,19,3,0,1,0.3356702113524079,3.835922986268997,3.000236105173826
9849,Petar Stojanovic,2021,Empoli,DR,33,2748,1,1,0.5318412985652685,2.4451792165637016,11,34,9,1,1,0.5318412985652685,8.422318620607257,6.5711854957044125
