player_id,player_name,season,team,position,games,time,goals,assists,xG,xA,shots,key_passes,yellow,red,npg,npxG,xGChain,xGBuildup
10188,Peter,2024,Getafe,Sub,17,433,0,0,1.1894913874566555,0.1224773619323968,12,4,1,0,0,1.1894913874566555,1.7002479191869495,0.6087738163769245
10188,Peter,2023,Valencia,Sub,15,642,0,0,1.6862849863246083,0.884673461318016,17,7,1,0,0,1.6862849863246083,4.07306419685483,2.322724919766188
10188,Peter,2021,Real Madrid,Sub,3,20,0,0,0.3428590074181556,0.1711983010172844,2,2,0,0,0,0.3428590074181556,1.009887009859085,0.5622610151767731
