player_id,player_name,season,team,position,games,time,goals,assists,xG,xA,shots,key_passes,yellow,red,npg,npxG,xGChain,xGBuildup
11845,Phillip Tietz,2025,Augsburg,Sub,6,111,1,0,0.6794694624841213,0.0798992533236742,5,3,1,0,1,0.6794694624841213,0.9302864968776704,0.2333913017064333
11845,Phillip Tietz,2024,Augsburg,FW,34,1683,7,2,6.620653829537332,1.4810154465958476,51,21,4,0,6,5.862877114675939,7.860493987798691,1.4614172922447324
11845,Phillip Tietz,2023,Augsburg,Sub,34,2470,8,4,9.15065080858767,2.794616512954235,52,29,1,0,8,9.15065080858767,12.386572120711207,3.8898986922577024
