player_id,player_name,season,team,position,games,time,goals,assists,xG,xA,shots,key_passes,yellow,red,npg,npxG,xGChain,xGBuildup
6034,Philip Billing,2024,Napoli,MC,10,164,1,0,1.9009495750069616,0.1413416489958763,6,3,1,0,1,1.9009495750069616,1.9609037414193156,0.6691972948610783
6034,Philip Billing,2024,Bournemouth,Sub,10,152,0,0,0.3570811375975609,1.401890940964222,5,8,1,0,0,0.3570811375975609,1.9741406198590996,0.9171814527362584
6034,Philip Billing,2023,Bournemouth,DMC,29,1359,2,2,2.870723254047334,3.7171403001993895,30,23,3,1,2,2.870723254047334,7.183791579678655,2.8327820003032684
6034,Philip Billing,2022,Bournemouth,MC,36,2822,7,1,4.894198485650122,3.457261343486607,38,27,5,0,7,4.894198485650122,9.995119906961918,3.561682090163231
6034,Philip Billing,2019,Bournemouth,MC,34,2542,1,1,2.274694107472897,1.43443089351058,33,15,8,0,1,2.274694107472897,6.998952125199139,5.092860587872565
6034,Philip Billing,2018,Huddersfield,MC,27,2199,2,0,1.6647705221548676,1.8249883875250816,42,22,7,0,2,1.6647705221548676,5.94055647496134,3.6992531660944223
6034,Philip Billing,2017,Huddersfield,DMC,16,755,0,0,0.1230229996144771,0.5159220099449158,7,2,3,0,0,0.1230229996144771,1.3330966038629413,1.193539086729288
