player_id,player_name,season,team,position,games,time,goals,assists,xG,xA,shots,key_passes,yellow,red,npg,npxG,xGChain,xGBuildup
8313,Pierre Kalulu Kyatengwa,2025,Juventus,DMR,7,630,0,0,0.3084147088229656,0.9104357361793518,5,10,0,0,0,0.3084147088229656,2.0939011350274086,1.6345754005014896
8313,Pierre Kalulu Kyatengwa,2024,Juventus,Sub,29,2330,1,0,0.848704170435667,0.5810731491073966,7,11,2,1,1,0.848704170435667,9.870267361402512,9.1310306340456
8313,Pierre Kalulu Kyatengwa,2023,AC Milan,Sub,9,363,0,0,0.0826341770589351,0.0838577933609485,2,2,0,0,0,0.0826341770589351,0.8816976360976696,0.8816976360976696
8313,Pierre Kalulu Kyatengwa,2022,AC Milan,DC,34,2530,1,0,1.9987561404705048,1.3354435665532949,11,10,4,0,1,1.9987561404705048,8.837405312806368,7.330242587253451
8313,Pierre Kalulu Kyatengwa,2021,AC Milan,Sub,28,1936,1,2,0.4048685040324926,0.9083080850541592,5,7,4,0,1,0.4048685040324926,5.907109134830535,5.14138310495764
8313,Pierre Kalulu Kyatengwa,2020,AC Milan,Sub,13,725,1,1,0.7651956975460052,0.6814032876864076,3,6,1,0,1,0.7651956975460052,2.859867371618748,2.7183524519205093
