player_id,player_name,season,team,position,games,time,goals,assists,xG,xA,shots,key_passes,yellow,red,npg,npxG,xGChain,xGBuildup
6977,Pietro Terracciano,2025,AC Milan,Sub,2,124,0,0,0,0.0,0,0,0,0,0,0,0.3073457181453705,0.3073457181453705
6977,Pietro Terracciano,2024,Fiorentina,GK,3,270,0,0,0,0.0,0,0,0,0,0,0,0.1180033385753631,0.1180033385753631
6977,Pietro Terracciano,2023,Fiorentina,GK,33,2970,0,0,0,0.0456455023959279,0,2,3,0,0,0,2.8789050756022334,2.8710202407091856
6977,Pietro Terracciano,2022,Fiorentina,GK,29,2610,0,0,0,0.0,0,0,1,0,0,0,3.923118846490979,3.923118846490979
6977,Pietro Terracciano,2021,Fiorentina,Sub,32,2861,0,0,0,0.0374608002603054,0,1,0,0,0,0,6.7265789825469255,6.68911818228662
6977,Pietro Terracciano,2020,Fiorentina,Sub,4,270,0,0,0,0.0,0,0,0,0,0,0,0.0880728028714656,0.0880728028714656
6977,Pietro Terracciano,2019,Fiorentina,GK,7,627,0,0,0,0.0167427994310855,0,1,0,0,0,0,0.5574646927416325,0.5407216958701611
6977,Pietro Terracciano,2018,Empoli,GK,8,720,0,0,0,0.0,0,0,0,0,0,0,0.4847743064165115,0.4847743064165115
6977,Pietro Terracciano,2018,Fiorentina,GK,2,180,0,0,0,0.0,0,0,0,0,0,0,0.0837310031056404,0.0837310031056404
