player_id,player_name,season,team,position,games,time,goals,assists,xG,xA,shots,key_passes,yellow,red,npg,npxG,xGChain,xGBuildup
7916,Pol Lozano,2025,Espanyol,DMC,9,704,1,0,0.0691559631377458,0.0982076274231076,2,4,1,0,1,0.0691559631377458,1.9053596016019585,1.789319036528468
7916,Pol Lozano,2024,Espanyol,MC,30,2015,0,1,0.1622262680903077,1.0035563968122003,8,18,11,0,0,0.1622262680903077,4.491670474410057,3.831235613673925
7916,Pol Lozano,2022,Espanyol,Sub,4,7,0,0,0.0,0.0,0,0,1,0,0,0.0,0.0301942992955446,0.0301942992955446
7916,Pol Lozano,2019,Espanyol,Sub,5,165,0,0,0.0,0.0,0,0,0,1,0,0.0,0.1748155001550912,0.1748155001550912
