player_id,player_name,season,team,position,games,time,goals,assists,xG,xA,shots,key_passes,yellow,red,npg,npxG,xGChain,xGBuildup
6061,Quentin Boisgard,2022,Lorient,Sub,5,182,1,0,0.3499158918857574,0.066559299826622,6,4,1,0,1,0.3499158918857574,0.7765639051795006,0.4559244960546493
6061,Quentin Boisgard,2021,Lorient,Sub,25,934,1,1,1.0529671413823962,1.2389605958014729,16,11,3,0,1,1.0529671413823962,4.591716581955552,3.083562989719212
6061,Quentin Boisgard,2020,Lorient,AMC,24,1327,2,2,1.7574574928730726,1.3750888002105055,24,21,5,0,2,1.7574574928730726,4.232636987231672,2.333515021018684
6061,Quentin Boisgard,2019,Toulouse,Sub,20,1163,1,1,0.768362108618021,1.7002446772530675,17,17,1,0,1,0.768362108618021,1.9328997060656548,0.812179489992559
6061,Quentin Boisgard,2017,Toulouse,Sub,6,172,0,0,0.0853522010147571,0.0711505003273487,2,2,1,0,0,0.0853522010147571,0.1427244991064071,0.1093003004789352
