player_id,player_name,season,team,position,games,time,goals,assists,xG,xA,shots,key_passes,yellow,red,npg,npxG,xGChain,xGBuildup
6856,Rúben Vinagre,2023,Verona,Sub,12,267,0,0,0.0243673538789153,0.2362872082740068,2,5,0,0,0,0.0243673538789153,0.2730931071564555,0.1428012885153293
6856,Rúben Vinagre,2022,Everton,Sub,2,13,0,0,0.0,0.0,0,0,0,0,0,0.0,0.0,0.0
6856,Rúben Vinagre,2020,Wolverhampton Wanderers,Sub,2,173,0,0,0.0,0.0,0,0,0,0,0,0.0,0.1787462010979652,0.1787462010979652
6856,Rúben Vinagre,2019,Wolverhampton Wanderers,DML,16,625,0,0,0.2878525033593178,0.6194771192967892,5,4,1,0,0,0.2878525033593178,2.434099517762661,1.9593647047877312
6856,Rúben Vinagre,2018,Wolverhampton Wanderers,Sub,17,697,0,0,0.4506887122988701,0.8691694838926196,4,6,1,0,0,0.4506887122988701,3.110600239597261,1.9428526870906355
