player_id,player_name,season,team,position,games,time,goals,assists,xG,xA,shots,key_passes,yellow,red,npg,npxG,xGChain,xGBuildup
8961,Rúben Dias,2025,Manchester City,DC,8,631,0,0,0.0,0.0,0,0,0,0,0,0.0,4.354023369029164,4.354023369029164
8961,Rúben Dias,2024,Manchester City,DC,27,2262,0,0,1.335742843337357,0.2133867554366588,21,5,4,0,0,1.335742843337357,14.734221961349249,14.567276891320944
8961,Rúben Dias,2023,Manchester City,DC,30,2552,0,0,1.828122090548277,0.600502266548574,20,7,0,0,0,1.828122090548277,16.81101167947054,16.458546616137028
8961,Rúben Dias,2022,Manchester City,DC,26,2006,0,0,1.9355910001322627,0.3942475691437721,10,3,3,0,0,1.9355910001322627,12.852464072406292,12.49297409504652
8961,Rúben Dias,2021,Manchester City,DC,29,2403,2,4,2.535038208588958,3.157990090548992,18,16,5,0,2,2.535038208588958,16.94047772884369,16.11795637756586
8961,Rúben Dias,2020,Manchester City,DC,32,2848,1,0,1.953021291643381,0.1055962033569812,14,3,4,0,1,1.953021291643381,16.681801982223988,16.56010902673006
