player_id,player_name,season,team,position,games,time,goals,assists,xG,xA,shots,key_passes,yellow,red,npg,npxG,xGChain,xGBuildup
5199,Raba,2025,Valencia,FW,7,214,0,1,0.0841468274593353,0.3187341094017029,4,2,0,0,0,0.0841468274593353,0.4225749624893069,0.0684983311221003
5199,Raba,2024,Leganes,Sub,29,1925,8,6,7.210522370878607,6.12695131637156,44,46,6,0,4,3.49413430178538,9.66063447855413,2.529050065204501
5199,Raba,2021,Villarreal,Sub,7,69,0,0,0.0,0.4202788081020117,0,4,1,0,0,0.0,0.4434779062867164,0.1333248987793922
5199,Raba,2021,Granada,Sub,2,19,0,0,0.0,0.0,0,0,0,0,0,0.0,0.0,0.0
5199,Raba,2020,Villarreal,Sub,5,140,0,0,0.355650395154953,0.0471181999891996,6,2,0,0,0,0.355650395154953,0.3722969926893711,0.1054972019046545
5199,Raba,2018,Villarreal,Sub,8,184,0,1,0.1171160973608493,0.5707484912127256,3,5,0,0,0,0.1171160973608493,0.2270101960748434,0.0219755005091428
5199,Raba,2017,Villarreal,MC,21,1118,2,4,2.569249803200364,3.942798851057887,18,24,3,1,2,2.569249803200364,8.738412141799927,3.754219414666295
