player_id,player_name,season,team,position,games,time,goals,assists,xG,xA,shots,key_passes,yellow,red,npg,npxG,xGChain,xGBuildup
12400,Rabby Nzingoula,2025,Strasbourg,Sub,1,1,0,0,0.0,0.073959931731224,0,1,0,1,0,0.0,0.073959931731224,0.0
12400,Rabby Nzingoula,2024,Montpellier,Sub,27,1712,1,1,1.5669959178194404,1.0147319920361042,19,8,11,0,1,1.5669959178194404,4.483278463594616,2.8973995316773653
12400,Rabby Nzingoula,2023,Strasbourg,Sub,6,123,0,1,0.0953473523259162,0.1509222835302353,1,2,1,0,0,0.0953473523259162,0.2588345929980278,0.0125649627298116
