player_id,player_name,season,team,position,games,time,goals,assists,xG,xA,shots,key_passes,yellow,red,npg,npxG,xGChain,xGBuildup
10200,Rafa Marín,2025,Villarreal,DC,8,720,1,0,0.1847507283091545,0.0616983249783515,3,1,1,0,1,0.1847507283091545,3.9236823990941048,3.9236823990941048
10200,Rafa Marín,2024,Napoli,Sub,4,133,0,0,0.0963965579867363,0.0,2,0,1,0,0,0.0963965579867363,0.5633276551961899,0.547226145863533
10200,Rafa Marín,2023,Alaves,DC,33,2434,0,0,1.0936051346361635,0.2305420637130737,13,5,6,0,0,1.0936051346361635,6.729401000775397,6.569665716029704
