player_id,player_name,season,team,position,games,time,goals,assists,xG,xA,shots,key_passes,yellow,red,npg,npxG,xGChain,xGBuildup
8869,Ragnar Ache,2025,FC Cologne,Sub,7,186,0,2,1.0290126204490662,0.425666082650423,4,3,0,0,0,1.0290126204490662,1.5706333592534063,0.1159546338021755
8869,Ragnar Ache,2021,Eintracht Frankfurt,Sub,13,236,0,1,0.538628900423646,0.5343139916658401,10,3,0,0,0,0.538628900423646,0.9965827036648988,0.4456375986337662
8869,Ragnar Ache,2020,Eintracht Frankfurt,Sub,7,76,1,0,0.1751463040709495,0.0,2,0,1,0,1,0.1751463040709495,0.2810040041804313,0.1058569997549057
