player_id,player_name,season,team,position,games,time,goals,assists,xG,xA,shots,key_passes,yellow,red,npg,npxG,xGChain,xGBuildup
10947,Ramón Terrats,2025,Espanyol,AMC,6,79,0,0,0.0314744180068373,0.1129673197865486,2,1,0,0,0,0.0314744180068373,0.1444417377933859,0.0
10947,Ramón Terrats,2024,Getafe,MR,15,1257,4,1,2.8573580076918006,2.826986590400338,19,16,1,0,4,2.8573580076918006,6.695414911955595,2.304445933550596
10947,Ramón Terrats,2024,Villarreal,Sub,11,99,0,0,0.0560497734695673,0.4404296576976776,2,1,1,0,0,0.0560497734695673,1.4199666380882263,0.9340466558933258
10947,Ramón Terrats,2023,Villarreal,MC,19,776,0,2,0.3874708525836468,1.2265031784772873,8,8,4,0,0,0.3874708525836468,4.124615162611008,3.289061889052391
10947,Ramón Terrats,2022,Villarreal,Sub,16,833,1,1,1.199419021606445,1.2861947026103735,15,10,1,0,1,1.199419021606445,7.041019830852747,5.550535614602268
10947,Ramón Terrats,2022,Girona,MC,8,215,0,0,0.1861523985862732,0.0282607991248369,4,1,0,0,0,0.1861523985862732,0.6050651036202908,0.3906516134738922
