player_id,player_name,season,team,position,games,time,goals,assists,xG,xA,shots,key_passes,yellow,red,npg,npxG,xGChain,xGBuildup
12927,Ramon Hendriks,2025,VfB Stuttgart,Sub,7,265,0,0,0.0,0.0340855084359645,0,1,0,0,0,0.0,0.5356522276997566,0.5356522276997566
12927,Ramon Hendriks,2024,VfB Stuttgart,Sub,25,1108,0,1,0.3593189045786857,1.453582584857941,5,6,3,0,0,0.3593189045786857,4.762099333107472,3.893851261585951
