player_id,player_name,season,team,position,games,time,goals,assists,xG,xA,shots,key_passes,yellow,red,npg,npxG,xGChain,xGBuildup
9813,Randy Nteka,2025,Rayo Vallecano,Sub,3,24,0,0,0.0197595097124576,0.0,1,0,0,0,0,0.0197595097124576,0.0,0.0
9813,Randy Nteka,2024,Rayo Vallecano,FW,24,1151,3,0,3.335105416364968,0.764602230861783,16,9,6,0,3,3.335105416364968,5.225443046540022,1.2521962746977806
9813,Randy Nteka,2023,Rayo Vallecano,FW,16,548,1,1,2.323896234855056,1.2020751107484102,15,9,3,0,0,1.5806185957044363,2.8216016944497824,0.3198093120008707
9813,Randy Nteka,2022,Elche,Sub,14,745,0,0,1.6632206439971924,0.6910380506888032,14,6,1,0,0,1.6632206439971924,2.528761700727045,0.4233866222202778
9813,Randy Nteka,2022,Rayo Vallecano,Sub,10,92,0,0,0.2545900009572506,0.0187372993677854,4,1,0,1,0,0.2545900009572506,1.170631878077984,0.8973037861287594
9813,Randy Nteka,2021,Rayo Vallecano,AMC,34,1488,3,0,3.132841883227229,1.5983010157942772,29,14,2,0,3,3.132841883227229,4.4798564705997705,0.7915937881916761
