player_id,player_name,season,team,position,games,time,goals,assists,xG,xA,shots,key_passes,yellow,red,npg,npxG,xGChain,xGBuildup
13506,Rayan Fofana,2025,Lens,FW,7,385,2,0,3.18496885895729,0.1036667264997959,17,2,0,0,2,3.18496885895729,3.4467109963297844,0.505340613424778
13506,Rayan Fofana,2024,Lens,Sub,2,24,0,0,0.0,0.0,0,0,0,0,0,0.0,0.5766252279281616,0.5766252279281616
