player_id,player_name,season,team,position,games,time,goals,assists,xG,xA,shots,key_passes,yellow,red,npg,npxG,xGChain,xGBuildup
9250,Reda Khadra,2025,Le Havre,Sub,2,108,0,0,0.1257099360227584,0.1002429127693176,3,2,0,0,0,0.1257099360227584,0.0541726965457201,0.0
9250,Reda Khadra,2024,Reims,Sub,4,39,0,0,0.0,0.0671740919351577,0,1,0,0,0,0.0,0.1099673882126808,0.1099673882126808
9250,Reda Khadra,2023,Reims,AML,29,1363,1,3,2.098100846633315,3.5564336143434048,23,22,1,0,1,2.098100846633315,8.14067292585969,2.898024605587125
9250,Reda Khadra,2020,Brighton,Sub,1,3,0,0,0.0,0.0,0,0,0,0,0,0.0,0.0,0.0
