player_id,player_name,season,team,position,games,time,goals,assists,xG,xA,shots,key_passes,yellow,red,npg,npxG,xGChain,xGBuildup
11049,Reda Belahyane,2025,Lazio,Sub,4,150,0,1,0.0,0.920782256871462,0,3,1,1,0,0.0,0.976503361016512,0.8372542858123779
11049,Reda Belahyane,2024,Verona,Sub,22,1660,0,2,0.1940229153260588,1.198390127159655,6,16,4,1,0,0.1940229153260588,5.768106014467776,4.611914615146816
11049,Reda Belahyane,2024,Lazio,Sub,6,189,0,0,0.0,0.0,0,0,0,1,0,0.0,0.0365833155810833,0.0365833155810833
11049,Reda Belahyane,2023,Verona,Sub,2,88,0,0,0.0283172782510519,0.0,1,0,0,0,0,0.0283172782510519,0.864464646205306,0.8361473679542542
11049,Reda Belahyane,2023,Nice,Sub,1,24,0,0,0.0,0.0,0,0,0,0,0,0.0,0.0,0.0
11049,Reda Belahyane,2022,Nice,Sub,4,176,0,0,0.0485533997416496,0.0370960123836994,1,1,0,0,0,0.0485533997416496,0.3112452961504459,0.2255958877503872
