player_id,player_name,season,team,position,games,time,goals,assists,xG,xA,shots,key_passes,yellow,red,npg,npxG,xGChain,xGBuildup
7432,Reinildo,2025,Sunderland,DL,5,392,0,0,0.0149931786581873,0.0,1,0,1,1,0,0.0149931786581873,0.609425526112318,0.5944323651492596
7432,Reinildo,2024,Atletico Madrid,DML,19,916,0,0,0.051562912762165,0.1836737468838691,1,2,4,0,0,0.051562912762165,3.498327238485217,3.402019379660487
7432,Reinildo,2023,Atletico Madrid,Sub,16,713,2,1,1.2540149614214895,0.6998050753027201,5,5,2,0,2,1.2540149614214895,3.792576534673572,2.960359640419483
7432,Reinildo,2022,Atletico Madrid,DC,22,1865,0,0,0.6164999874308705,0.3024468012154102,6,9,4,0,0,0.6164999874308705,4.738753279671073,4.390513090416789
7432,Reinildo,2021,Lille,DL,18,1539,1,0,0.6658898182213306,0.2147539015859365,6,4,7,0,1,0.6658898182213306,3.796739008277655,3.5466278167441487
7432,Reinildo,2021,Atletico Madrid,Sub,17,1305,0,0,0.2533860057592392,0.0852158982306718,2,3,5,0,0,0.2533860057592392,2.6172784082591534,2.5516461115330458
7432,Reinildo,2020,Lille,DL,29,2181,0,0,0.0998817011713981,1.4860181920230389,4,18,2,1,0,0.0998817011713981,5.912865962833166,4.456237491220236
7432,Reinildo,2019,Lille,Sub,16,1110,0,0,0.0377845996990799,0.3115343041718006,2,6,4,0,0,0.0377845996990799,2.390346292406321,2.176877085119486
7432,Reinildo,2018,Lille,Sub,3,94,0,0,0.0,0.3302069902420044,0,1,0,0,0,0.0,0.5661460161209106,0.5661460161209106
