player_id,player_name,season,team,position,games,time,goals,assists,xG,xA,shots,key_passes,yellow,red,npg,npxG,xGChain,xGBuildup
6864,Renaud Ripart,2022,Troyes,MR,26,1320,4,1,3.975371208973229,1.3716737143695354,39,20,4,0,4,3.975371208973229,6.31149653531611,1.9217884093523023
6864,Renaud Ripart,2021,Troyes,ML,28,1925,2,2,3.913563451729715,2.522580588236451,42,16,2,0,2,3.913563451729715,7.637529535219073,3.085349936038256
6864,Renaud Ripart,2020,Nimes,DR,38,3069,11,0,10.323583043180406,2.023234825581312,68,17,3,0,5,5.002917672507465,11.07600312307477,6.211829014122486
6864,Renaud Ripart,2019,Nimes,FW,24,2042,4,2,5.402611266821623,2.008349532261491,48,20,0,0,2,3.882420990616083,5.098466804251075,0.9955097865313292
6864,Renaud Ripart,2018,Nimes,FW,38,3020,8,5,6.537914389744401,3.497521578334272,69,30,2,0,8,6.537914389744401,10.602671958506107,3.420002672821284
