player_id,player_name,season,team,position,games,time,goals,assists,xG,xA,shots,key_passes,yellow,red,npg,npxG,xGChain,xGBuildup
5569,Rhian Brewster,2023,Sheffield United,Sub,13,302,0,0,0.3449401650577783,0.1013540811836719,7,2,0,1,0,0.3449401650577783,0.784455269575119,0.3381610158830881
5569,Rhian Brewster,2020,Sheffield United,Sub,27,1102,0,0,1.932618794962764,1.76662964746356,25,11,1,0,0,1.932618794962764,3.989293944090605,0.724409413523972
