player_id,player_name,season,team,position,games,time,goals,assists,xG,xA,shots,key_passes,yellow,red,npg,npxG,xGChain,xGBuildup
1601,Riccardo Marchizza,2023,Frosinone,DL,13,1152,0,4,0.2525317771360278,0.9633309692144394,8,11,1,0,0,0.2525317771360278,2.581760685890913,1.5810423363000154
1601,Riccardo Marchizza,2022,Sassuolo,Sub,10,277,0,1,0.0,0.1988411583006382,0,3,1,0,0,0.0,0.7481032907962799,0.5492614358663559
1601,Riccardo Marchizza,2021,Empoli,DL,19,1355,0,1,0.3318889923393726,1.6436256654560566,8,12,4,0,0,0.3318889923393726,3.6504641138017178,2.943946831859648
1601,Riccardo Marchizza,2020,Spezia,DL,24,1557,0,2,0.4494059905409813,1.234259394928813,7,15,4,0,0,0.4494059905409813,3.044696416705847,2.131877701729536
