player_id,player_name,season,team,position,games,time,goals,assists,xG,xA,shots,key_passes,yellow,red,npg,npxG,xGChain,xGBuildup
6362,Rick Karsdorp,2023,Roma,Sub,18,1195,0,2,0.4070770991966128,2.538990513421595,8,11,2,0,0,0.4070770991966128,6.8040081867948174,4.409966066479683
6362,Rick Karsdorp,2022,Roma,DMR,13,714,0,0,0.1056079976260662,0.9117363914847374,2,6,0,0,0,0.1056079976260662,2.1953178122639656,1.9626926854252813
6362,Rick Karsdorp,2021,Roma,DR,36,2901,0,2,0.0390581609681248,4.935753049328923,2,43,7,1,0,0.0390581609681248,12.112335225567222,9.895939745008944
6362,Rick Karsdorp,2020,Roma,DMR,34,2552,1,6,1.1770907239988446,5.349184602499008,13,26,2,0,1,1.1770907239988446,15.118667090311646,10.560320269316437
6362,Rick Karsdorp,2018,Roma,MR,11,596,0,1,0.0,0.2738603018224239,0,4,1,0,0,0.0,2.267593748867512,2.083890412002802
6362,Rick Karsdorp,2017,Roma,DR,1,83,0,0,0.0,0.0,0,0,0,0,0,0.0,0.3116250038146972,0.3116250038146972
