player_id,player_name,season,team,position,games,time,goals,assists,xG,xA,shots,key_passes,yellow,red,npg,npxG,xGChain,xGBuildup
10847,Rico Lewis,2025,Manchester City,DR,5,169,0,1,0.0171177797019481,0.8571385145187378,1,2,0,0,0,0.0171177797019481,1.5130915343761444,0.754147857427597
10847,Rico Lewis,2024,Manchester City,DMC,28,1903,1,2,1.6414977870881555,0.3464172556996345,10,7,3,1,1,1.6414977870881555,14.292443186044691,12.876099944114683
10847,Rico Lewis,2023,Manchester City,DL,16,802,2,0,0.8562885001301765,1.764199182391167,5,13,1,0,2,0.8562885001301765,6.614272229373455,4.863891489803791
10847,Rico Lewis,2022,Manchester City,Sub,14,904,0,0,0.2003175821155309,1.379109164699912,5,11,1,0,0,0.2003175821155309,6.51468688249588,5.571969419717789
