player_id,player_name,season,team,position,games,time,goals,assists,xG,xA,shots,key_passes,yellow,red,npg,npxG,xGChain,xGBuildup
750,Riyad Mahrez,2022,Manchester City,Sub,30,1941,5,10,5.864552567712963,6.157492842525244,43,51,2,0,4,5.1033805115148425,18.33359582722187,11.644092932343485
750,Riyad Mahrez,2021,Manchester City,FWR,28,1468,11,5,10.123590916395187,3.9328212067484856,61,40,0,0,7,6.317741796374321,14.36690728366375,6.279024379327893
750,Riyad Mahrez,2020,Manchester City,AMR,27,1961,9,6,6.232445145025849,6.086521776393056,58,45,0,0,9,6.232445145025849,18.8463224247098,9.170802794396876
750,Riyad Mahrez,2019,Manchester City,FWR,33,1938,11,9,8.649655694141984,11.059849355369806,74,60,0,0,10,7.888486390933394,27.765530444681644,13.28587632998824
750,Riyad Mahrez,2018,Manchester City,AMR,27,1333,7,4,6.61693406291306,5.006450802087784,54,24,0,0,7,5.855765061452985,14.370971381664276,6.827348282560706
750,Riyad Mahrez,2017,Leicester,MR,36,2977,12,10,6.613530645146966,7.551042467355728,74,57,2,0,12,6.613530645146966,15.855965666472912,6.466543274000287
750,Riyad Mahrez,2016,Leicester,MR,36,2859,6,3,8.950818019919097,6.248245885595679,76,52,4,0,3,5.144971984438598,12.870516391471028,4.793384972028434
750,Riyad Mahrez,2015,Leicester,ML,37,3087,17,11,11.88214811310172,11.454100407660007,86,68,1,0,13,7.315134212374687,21.18505117855966,7.174406236037612
750,Riyad Mahrez,2014,Leicester,MR,30,2091,4,3,4.923194195143879,6.056509723886848,63,44,0,0,4,4.923194195143879,11.14942330494523,3.29692639131099
