player_id,player_name,season,team,position,games,time,goals,assists,xG,xA,shots,key_passes,yellow,red,npg,npxG,xGChain,xGBuildup
1749,Rob Holding,2022,Arsenal,Sub,14,556,1,0,0.3741819858551025,0.0,5,0,0,0,1,0.3741819858551025,3.300787255167961,3.20217327773571
1749,Rob Holding,2021,Arsenal,DC,15,824,1,0,0.5605965945869684,0.0,4,0,2,1,1,0.5605965945869684,2.167426660656929,2.167426660656929
1749,Rob Holding,2020,Arsenal,DC,30,2548,0,1,0.7339214868843555,0.2006828002631664,14,4,2,0,0,0.7339214868843555,7.403348095715046,7.163188092410564
1749,Rob Holding,2019,Arsenal,DC,8,576,0,0,0.1093560010194778,0.0,2,0,1,0,0,0.1093560010194778,0.4436413124203682,0.4436413124203682
1749,Rob Holding,2018,Arsenal,Sub,10,807,0,0,0.1204104023054242,0.1658618003129959,2,2,1,0,0,0.1204104023054242,2.431091960519552,2.418538983911276
1749,Rob Holding,2017,Arsenal,DC,12,816,0,0,0.1069499999284744,0.0338391996920108,1,2,3,0,0,0.1069499999284744,3.4701873436570168,3.450304947793484
1749,Rob Holding,2016,Arsenal,DC,9,810,0,0,0.5570453740656376,0.1054676994681358,5,3,3,0,0,0.5570453740656376,2.7223821710795164,2.608095182105899
