player_id,player_name,season,team,position,games,time,goals,assists,xG,xA,shots,key_passes,yellow,red,npg,npxG,xGChain,xGBuildup
8765,Roberto Navarro,2025,Athletic Club,Sub,8,287,1,0,0.3666144460439682,0.279833372682333,4,6,1,0,1,0.3666144460439682,0.809299822896719,0.2037190683186054
8765,Roberto Navarro,2024,Mallorca,Sub,23,1302,1,0,2.833723386749625,1.881919821724296,18,13,3,0,1,2.833723386749625,7.154552217572928,3.6579713448882094
8765,Roberto Navarro,2023,Cadiz,Sub,29,2029,1,1,2.999608102254569,3.741502471268177,32,45,0,1,1,2.999608102254569,7.7469913847744465,3.1558670178055763
8765,Roberto Navarro,2022,Real Sociedad,Sub,17,303,0,0,1.17804691568017,1.5835009161382914,12,12,2,0,0,1.17804691568017,2.8150324150919914,0.729510510340333
8765,Roberto Navarro,2021,Real Sociedad,Sub,6,206,0,0,0.4959949068725109,0.0582398995757103,7,1,0,0,0,0.4959949068725109,0.6038888953626156,0.1784086003899574
8765,Roberto Navarro,2020,Real Sociedad,Sub,1,33,0,0,0.0,0.0485242009162902,0,1,0,0,0,0.0,0.1323039978742599,0.1323039978742599
