player_id,player_name,season,team,position,games,time,goals,assists,xG,xA,shots,key_passes,yellow,red,npg,npxG,xGChain,xGBuildup
6351,Robin Hack,2025,Borussia M.Gladbach,AML,3,242,0,0,0.4066634960472584,0.7818083986639977,8,10,0,0,0,0.4066634960472584,1.0721221566200256,0.2032607682049274
6351,Robin Hack,2024,Borussia M.Gladbach,Sub,33,2227,4,7,4.968895967118442,4.546078447252512,58,32,4,0,4,4.968895967118442,12.376857583411038,5.271136090159416
6351,Robin Hack,2023,Borussia M.Gladbach,Sub,29,1357,10,2,4.567830590065569,2.017133677378297,43,23,2,0,10,4.567830590065569,7.399705816060305,1.6435965355485678
6351,Robin Hack,2021,Arminia Bielefeld,Sub,30,1341,0,3,1.9449547976255417,2.4048414267599583,31,18,2,0,0,1.9449547976255417,5.326362544670701,1.6244646916165948
6351,Robin Hack,2017,Hoffenheim,FWL,3,63,1,0,0.0666807014495134,0.0562864989042282,2,1,0,0,1,0.0666807014495134,0.2913150079548359,0.1683470010757446
