player_id,player_name,season,team,position,games,time,goals,assists,xG,xA,shots,key_passes,yellow,red,npg,npxG,xGChain,xGBuildup
6962,Robin Olsen,2024,Aston Villa,Sub,4,211,0,0,0,0.0,0,0,0,0,0,0,0.4604295790195465,0.4604295790195465
6962,Robin Olsen,2023,Aston Villa,GK,5,398,0,0,0,0.0,0,0,0,0,0,0,0.274754025042057,0.274754025042057
6962,Robin Olsen,2022,Aston Villa,Sub,4,277,0,0,0,0.0,0,0,0,0,0,0,0.0297717992216348,0.0297717992216348
6962,Robin Olsen,2021,Aston Villa,GK,1,90,0,0,0,0.0,0,0,0,0,0,0,0.0799197033047676,0.0799197033047676
6962,Robin Olsen,2020,Everton,GK,7,630,0,0,0,0.0,0,0,1,0,0,0,0.8195909857749939,0.8195909857749939
6962,Robin Olsen,2019,Cagliari,GK,17,1530,0,0,0,0.0,0,0,0,1,0,0,0.3852012222632766,0.3852012222632766
6962,Robin Olsen,2018,Roma,GK,27,2430,0,0,0,0.0573744997382164,0,1,2,0,0,0,5.992856077849865,5.935481980443001
