player_id,player_name,season,team,position,games,time,goals,assists,xG,xA,shots,key_passes,yellow,red,npg,npxG,xGChain,xGBuildup
8015,Rodrygo,2025,Real Madrid,AML,7,201,0,0,0.4201886355876922,0.556869387626648,7,5,0,0,0,0.4201886355876922,1.5647393465042114,0.6926538497209549
8015,Rodrygo,2024,Real Madrid,FWR,30,1965,6,5,4.724242024123669,4.003597529605031,54,48,0,0,6,4.724242024123669,17.572716595605016,11.508674619719386
8015,Rodrygo,2023,Real Madrid,FW,34,2426,10,5,12.429995279759169,4.424967087805271,87,46,2,0,10,11.68671764060855,22.53792427107692,10.114376921206713
8015,Rodrygo,2022,Real Madrid,Sub,34,2385,9,8,14.77451155334711,7.274762897752225,98,47,4,0,8,14.0312335267663,27.13535382971168,10.772944938391449
8015,Rodrygo,2021,Real Madrid,Sub,33,1509,4,4,4.440831275656819,3.107159008271992,34,28,4,0,4,4.440831275656819,12.49579444900155,5.530645906925201
8015,Rodrygo,2020,Real Madrid,AMR,22,972,1,6,1.8894016202539208,3.2110455939546227,25,19,0,0,1,1.8894016202539208,7.326450262218714,4.125226836651564
8015,Rodrygo,2019,Real Madrid,Sub,19,1027,2,0,3.101581208407879,1.3419283851981163,16,14,0,0,2,3.101581208407879,6.609298579394817,4.278637690469623
