player_id,player_name,season,team,position,games,time,goals,assists,xG,xA,shots,key_passes,yellow,red,npg,npxG,xGChain,xGBuildup
1277,Roland Sallai,2024,Freiburg,Sub,2,37,0,0,0.175414246506989,0.0436718240380287,3,1,0,0,0,0.175414246506989,0.175414246506989,0.0
1277,Roland Sallai,2023,Freiburg,AMC,27,1875,3,1,7.083729654550552,4.516578245908022,56,30,6,0,3,6.325953006744385,14.219031397253277,4.067937880754471
1277,Roland Sallai,2022,Freiburg,AMC,19,996,1,3,3.211693041957915,1.432769381441176,32,16,6,0,1,3.211693041957915,4.082279880531132,0.7020894680172205
1277,Roland Sallai,2021,Freiburg,Sub,31,1571,4,4,5.911251103505492,4.639351196587086,47,18,1,0,4,5.911251103505492,10.187231222167611,2.667420806363225
1277,Roland Sallai,2020,Freiburg,MC,28,1694,8,3,6.838023686781526,1.383343892171979,47,15,5,0,7,6.080245697870851,8.550057578831911,3.147823303937912
1277,Roland Sallai,2019,Freiburg,Sub,21,1170,2,0,3.173120791092515,0.91549701243639,34,12,2,0,2,3.173120791092515,4.2775292079895735,1.7039513187482953
1277,Roland Sallai,2018,Freiburg,ML,10,518,2,0,1.2873178981244564,0.4139574933797121,14,5,3,0,2,1.2873178981244564,2.0399613808840518,0.6165159977972507
1277,Roland Sallai,2016,Palermo,Sub,21,959,1,0,2.5475246347486973,0.3672052025794983,29,11,3,1,1,2.5475246347486973,3.149570300243795,0.9431794984266162
