player_id,player_name,season,team,position,games,time,goals,assists,xG,xA,shots,key_passes,yellow,red,npg,npxG,xGChain,xGBuildup
6500,Romain Perraud,2025,Lille,DL,7,539,1,1,0.4681371040642261,1.247487656772137,9,12,2,0,1,0.4681371040642261,3.9266301095485687,2.7299872413277626
6500,Romain Perraud,2024,Real Betis,DL,28,2005,2,2,0.5968651231378317,1.941356028430164,20,16,8,1,2,0.5968651231378317,6.984733434394002,5.4319062530994415
6500,Romain Perraud,2023,Nice,Sub,19,326,0,1,0.0474635735154151,0.7586815189570189,2,3,2,0,0,0.0474635735154151,1.1184780057519674,1.0841377433389423
6500,Romain Perraud,2022,Southampton,Sub,29,1842,2,2,1.2091420125216246,2.266822852194309,29,15,4,0,2,1.2091420125216246,4.521617898717523,2.6945367883890867
6500,Romain Perraud,2021,Southampton,DL,20,1630,0,1,0.7305768830701709,0.4040513997897506,19,8,3,0,0,0.7305768830701709,3.1580281164497137,2.5399267859756947
6500,Romain Perraud,2020,Brest,DL,36,3140,3,7,2.713158693164587,3.128287872299552,43,36,4,0,3,2.713158693164587,12.39103933237493,8.96760794147849
6500,Romain Perraud,2019,Brest,DL,20,1668,0,1,0.931080412119627,0.9304575333371758,22,16,1,0,0,0.931080412119627,3.980721699073911,2.6992270909249783
6500,Romain Perraud,2017,Nice,Sub,1,1,0,0,0.0,0.0,0,0,0,0,0,0.0,0.0,0.0
