player_id,player_name,season,team,position,games,time,goals,assists,xG,xA,shots,key_passes,yellow,red,npg,npxG,xGChain,xGBuildup
9069,Romano Schmid,2025,Werder Bremen,AMC,7,602,2,2,2.8805038183927536,2.740229118615389,9,16,0,0,0,0.6071737855672836,3.5782780572772026,1.4266461357474327
9069,Romano Schmid,2024,Werder Bremen,MC,32,2856,5,4,4.85783976316452,6.564444359391928,48,68,3,0,4,4.100063048303127,19.91676950454712,13.533827669918535
9069,Romano Schmid,2023,Werder Bremen,Sub,33,2638,4,6,5.486472093500197,6.0749450866132975,38,51,5,0,4,5.486472093500197,18.433228065259755,10.512278792448342
9069,Romano Schmid,2022,Werder Bremen,Sub,27,1509,1,3,1.517536404542625,1.95889806561172,18,23,3,0,1,1.517536404542625,7.789045225828886,4.613580694422126
9069,Romano Schmid,2020,Werder Bremen,Sub,22,1182,0,3,0.626795805990696,1.530704390257597,18,16,2,0,0,0.626795805990696,3.911596653982997,2.4249870032072067
