player_id,player_name,season,team,position,games,time,goals,assists,xG,xA,shots,key_passes,yellow,red,npg,npxG,xGChain,xGBuildup
3561,Romain Hamouma,2022,Ajaccio,FW,19,1112,2,2,2.73421741463244,1.6926268860697746,15,13,1,2,2,2.73421741463244,4.372078815475106,1.96765991859138
3561,Romain Hamouma,2021,Saint-Etienne,Sub,22,857,2,1,3.110594438388944,1.2452087048441172,23,13,2,0,2,3.110594438388944,6.305973447859287,2.4464446641504765
3561,Romain Hamouma,2020,Saint-Etienne,FW,29,1768,6,1,5.314613754861057,2.8338412577286363,33,33,5,0,6,5.314613754861057,7.933223769068718,1.9255373729392888
3561,Romain Hamouma,2019,Saint-Etienne,AMR,14,870,6,1,3.43308359477669,1.787957826629281,20,17,1,1,6,3.43308359477669,4.389653716236353,1.106362223625183
3561,Romain Hamouma,2018,Saint-Etienne,AMR,27,1620,4,4,3.406473960727453,4.352137707173824,34,31,2,1,4,3.406473960727453,7.757564527913928,1.7278615161776545
3561,Romain Hamouma,2017,Saint-Etienne,FWL,29,1857,5,4,6.994123477488756,5.0546329990029335,43,35,4,0,5,6.994123477488756,14.81440431252122,5.191793389618397
3561,Romain Hamouma,2016,Saint-Etienne,ML,29,1961,7,5,6.874149500392377,5.556456904858351,47,50,2,0,5,5.353963418863714,10.638881400227548,1.898685879074037
3561,Romain Hamouma,2015,Saint-Etienne,FW,24,1599,3,3,3.4895456191152334,4.472434259951115,35,37,4,0,3,3.4895456191152334,8.934168670326471,3.015200348570943
3561,Romain Hamouma,2014,Saint-Etienne,AMR,26,1984,3,8,2.3303688764572144,7.300441365689039,25,40,5,0,3,2.3303688764572144,9.339062205515802,2.2789473459124565
