player_id,player_name,season,team,position,games,time,goals,assists,xG,xA,shots,key_passes,yellow,red,npg,npxG,xGChain,xGBuildup
2356,Roque Mesa,2022,Real Valladolid,MC,29,1631,2,1,1.2065193159505725,0.8873448986560106,26,18,8,1,2,1.2065193159505725,5.951599834486842,4.353925374336541
2356,Roque Mesa,2020,Real Valladolid,Sub,25,1777,1,0,1.5214588176459074,0.8255840353667736,26,16,4,1,0,0.7781807910650969,5.473798850551248,4.473686536774039
2356,Roque Mesa,2019,Leganes,MC,29,2017,1,3,1.4078231193125248,2.120032293722033,27,28,11,0,1,1.4078231193125248,6.647952200844884,3.810352889820933
2356,Roque Mesa,2018,Sevilla,MC,31,1742,2,2,1.3888310082256794,1.6469632908701897,28,19,9,1,2,1.3888310082256794,14.4159779753536,12.720381859689953
2356,Roque Mesa,2017,Swansea,DMC,11,762,0,0,0.1345084989443421,0.1279144017025828,7,5,3,0,0,0.1345084989443421,0.6647782996296883,0.4822509083896875
2356,Roque Mesa,2017,Sevilla,DMC,7,339,0,0,0.027819300070405,0.5832463838160038,1,5,2,0,0,0.027819300070405,1.7566944528371096,1.2668069899082184
2356,Roque Mesa,2016,Las Palmas,DMC,35,3039,1,2,0.9859886895865202,2.0294437119737267,23,19,14,0,1,0.9859886895865202,10.557383097708223,8.857592608779669
2356,Roque Mesa,2015,Las Palmas,MR,34,2847,1,2,1.4041107017546892,1.4375607911497357,34,16,12,0,1,1.4041107017546892,8.039183455519378,5.542577672749758
