player_id,player_name,season,team,position,games,time,goals,assists,xG,xA,shots,key_passes,yellow,red,npg,npxG,xGChain,xGBuildup
6917,Rubén Alcaraz,2023,Cadiz,MC,37,3256,4,1,3.218607753980905,1.4706367831677198,49,21,14,0,1,1.7320524961687624,9.142522914335132,7.632076874375343
6917,Rubén Alcaraz,2022,Cadiz,Sub,31,2059,3,0,3.617601087316871,1.8370729750022288,34,21,9,1,1,1.387767881155014,5.2643252443522215,3.219039767980576
6917,Rubén Alcaraz,2021,Cadiz,Sub,14,1103,2,0,1.2377214133739471,0.7618731986731291,23,14,7,0,2,1.2377214133739471,3.5606241524219517,2.54730037599802
6917,Rubén Alcaraz,2020,Real Valladolid,DMC,30,2177,1,0,1.587028594687581,0.6478455010801554,28,10,10,0,1,1.587028594687581,6.194977027364075,4.656745917163789
6917,Rubén Alcaraz,2019,Real Valladolid,MC,27,1922,2,2,2.062887118197977,0.8255566954612732,33,16,10,0,2,2.062887118197977,6.024392696097493,4.367640158161521
6917,Rubén Alcaraz,2018,Real Valladolid,DMC,34,2979,3,2,3.7584778387099504,0.993112713098526,52,21,13,0,3,3.01519981212914,9.27364455536008,7.906210337765515
