player_id,player_name,season,team,position,games,time,goals,assists,xG,xA,shots,key_passes,yellow,red,npg,npxG,xGChain,xGBuildup
10067,Rubén Sánchez,2025,Espanyol,Sub,4,114,0,0,0.0,0.024271871894598,0,1,0,0,0,0.0,1.5359242968261242,1.5116524249315262
10067,Rubén Sánchez,2022,Espanyol,FWR,18,881,0,2,0.3693666309118271,1.750970916822553,9,7,1,0,0,0.3693666309118271,3.197187576442957,2.1110088294371963
10067,Rubén Sánchez,2021,Espanyol,Sub,4,146,0,1,0.0126735996454954,0.3619619905948639,1,1,0,0,0,0.0126735996454954,0.393998010084033,0.0193629991263151
