player_id,player_name,season,team,position,games,time,goals,assists,xG,xA,shots,key_passes,yellow,red,npg,npxG,xGChain,xGBuildup
5109,Rui Silva,2024,Real Betis,GK,15,1350,0,0,0,0.0839770194143056,0,2,1,0,0,0,1.903590640053153,1.8196136131882668
5109,Rui Silva,2023,Real Betis,GK,28,2479,0,0,0,0.0,0,0,4,0,0,0,2.6925004106014967,2.6925004106014967
5109,Rui Silva,2022,Real Betis,GK,26,2340,0,0,0,0.0,0,0,2,0,0,0,2.800393719226122,2.800393719226122
5109,Rui Silva,2021,Real Betis,GK,22,1964,0,0,0,0.0,0,0,2,0,0,0,3.156215368770063,3.156215368770063
5109,Rui Silva,2020,Granada,GK,32,2880,0,0,0,0.0366313010454177,0,1,1,0,0,0,2.4324074927717447,2.395776191726327
5109,Rui Silva,2019,Granada,GK,35,3150,0,0,0,0.043129900470376,0,2,3,0,0,0,1.210679218173027,1.1675489209592342
