player_id,player_name,season,team,position,games,time,goals,assists,xG,xA,shots,key_passes,yellow,red,npg,npxG,xGChain,xGBuildup
6849,Rui Patrício,2024,Atalanta,GK,3,270,0,0,0,0,0,0,0,0,0,0,0.5274441204965115,0.5274441204965115
6849,Rui Patrício,2023,Roma,GK,23,2070,0,0,0,0,0,0,1,0,0,0,3.0713120894506574,3.0713120894506574
6849,Rui Patrício,2022,Roma,GK,35,3150,0,0,0,0,0,0,1,0,0,0,3.0333296917378902,3.0333296917378902
6849,Rui Patrício,2021,Roma,GK,38,3420,0,0,0,0,0,0,2,0,0,0,3.962579394690693,3.962579394690693
6849,Rui Patrício,2020,Wolverhampton Wanderers,GK,37,3330,0,0,0,0,0,0,1,0,0,0,1.2272863080725074,1.2272863080725074
6849,Rui Patrício,2019,Wolverhampton Wanderers,GK,38,3420,0,0,0,0,0,0,0,0,0,0,2.7981012044474483,2.7981012044474483
6849,Rui Patrício,2018,Wolverhampton Wanderers,GK,37,3330,0,0,0,0,0,0,0,0,0,0,1.1828953111544251,1.1828953111544251
