player_id,player_name,season,team,position,games,time,goals,assists,xG,xA,shots,key_passes,yellow,red,npg,npxG,xGChain,xGBuildup
7947,Ruslan Malinovskiy,2025,Genoa,Sub,6,385,0,1,0.3562816362828016,0.7286962578073144,11,7,4,0,0,0.3562816362828016,0.99824227578938,0.4729302451014519
7947,Ruslan Malinovskiy,2024,Genoa,MC,9,372,0,2,0.2389437360689044,1.3566759591922164,9,7,2,0,0,0.2389437360689044,2.6264201309531927,1.517782198265195
7947,Ruslan Malinovskiy,2023,Genoa,AMC,28,1551,4,1,0.9845063956454396,0.5905360467731953,39,11,7,0,4,0.9845063956454396,3.0354270953685045,2.2007417865097523
7947,Ruslan Malinovskiy,2022,Marseille,Sub,20,1242,1,1,1.9080598559230568,2.676947232335806,34,19,4,0,1,1.9080598559230568,6.036363799124956,4.0645826775580645
7947,Ruslan Malinovskiy,2022,Atalanta,Sub,15,525,1,2,0.6601994037628174,2.1708236187696457,19,12,2,0,1,0.6601994037628174,3.5258130449801683,2.3853710126131773
7947,Ruslan Malinovskiy,2021,Atalanta,AMC,30,1594,6,4,3.4002093067392707,6.823017729446292,57,44,10,0,6,3.4002093067392707,11.134864263236524,5.051349565386772
7947,Ruslan Malinovskiy,2020,Atalanta,Sub,36,1896,8,12,5.490409208461642,10.381323421373963,67,80,3,0,7,4.7291102316230536,20.156991505995396,9.691354820504785
7947,Ruslan Malinovskiy,2019,Atalanta,Sub,34,1500,8,3,4.234773071482778,4.678754461929202,79,46,5,1,8,3.473474057391286,13.985556179657578,9.395588524639606
