player_id,player_name,season,team,position,games,time,goals,assists,xG,xA,shots,key_passes,yellow,red,npg,npxG,xGChain,xGBuildup
6891,Ryan Fredericks,2022,Bournemouth,Sub,12,524,0,0,0.0,0.0990857034921646,0,1,1,0,0,0.0,0.6325642876327038,0.5334782861173153
6891,Ryan Fredericks,2021,West Ham,Sub,7,296,0,0,0.0,0.1166129037737846,0,2,1,0,0,0.0,0.604052297770977,0.550477996468544
6891,Ryan Fredericks,2020,West Ham,DR,14,563,1,1,0.2143374048173427,1.298734413459897,4,12,2,0,1,0.2143374048173427,1.0619318224489689,0.308016499504447
6891,Ryan Fredericks,2019,West Ham,DR,27,2236,0,3,0.1272298973053693,2.988231831230223,3,22,7,0,0,0.1272298973053693,6.535198969766498,5.442846074700356
6891,Ryan Fredericks,2018,West Ham,DR,15,1077,1,0,0.5344902947545052,0.5129355993121862,5,3,5,0,1,0.5344902947545052,2.334495410323143,1.6814142018556597
