player_id,player_name,season,team,position,games,time,goals,assists,xG,xA,shots,key_passes,yellow,red,npg,npxG,xGChain,xGBuildup
10697,Ryan Gravenberch,2025,Liverpool,DMC,7,606,2,1,0.2898444961756468,0.6453477051109076,10,6,2,0,2,0.2898444961756468,3.415790632367134,2.745484232902527
10697,Ryan Gravenberch,2024,Liverpool,DMC,37,3199,0,4,1.3318934980779886,2.415423891507089,20,26,6,1,0,1.3318934980779886,21.408910930156708,19.362357161939144
10697,Ryan Gravenberch,2023,Liverpool,Sub,26,1116,1,0,1.7132481131702662,1.092048980295658,23,15,0,0,1,1.7132481131702662,7.440316876396537,5.028185680508614
10697,Ryan Gravenberch,2023,Bayern Munich,Sub,1,6,0,0,0.0,0.1902855932712555,0,2,1,0,0,0.0,0.5938770174980164,0.4035913944244385
10697,Ryan Gravenberch,2022,Bayern Munich,Sub,24,527,0,0,0.7752301301807165,0.3644072394818067,11,9,1,0,0,0.7752301301807165,5.134856633841991,4.252635369077325
