player_id,player_name,season,team,position,games,time,goals,assists,xG,xA,shots,key_passes,yellow,red,npg,npxG,xGChain,xGBuildup
6144,Sébastien Haller,2024,Leganes,FW,8,404,0,0,0.3581781834363937,0.1350812464952469,4,1,0,0,0,0.3581781834363937,0.4415042549371719,0.0493881031870842
6144,Sébastien Haller,2023,Borussia Dortmund,FW,14,379,0,1,0.5566804856061935,0.4255511723458767,7,5,2,0,0,0.5566804856061935,1.6045382767915726,0.9482564851641656
6144,Sébastien Haller,2022,Borussia Dortmund,Sub,19,1248,9,3,9.811639262363316,2.9800966046750546,34,16,1,0,9,9.053862584754825,11.782302178442478,2.9406321942806244
6144,Sébastien Haller,2020,West Ham,Sub,16,933,3,0,2.5546688437461853,1.1348687317222357,25,10,0,0,3,2.5546688437461853,3.660330254584551,0.8529492989182472
6144,Sébastien Haller,2019,West Ham,FW,32,2248,7,1,8.484900137409568,2.34311880171299,57,24,1,0,7,8.484900137409568,11.102972537279127,2.63970691524446
6144,Sébastien Haller,2018,Eintracht Frankfurt,FW,29,2176,15,9,13.694875746965408,7.365843757987022,54,38,3,0,12,11.421543806791306,18.38963846862316,5.616492498666048
6144,Sébastien Haller,2017,Eintracht Frankfurt,FW,31,2355,9,4,6.976676066406071,3.813451074063778,41,30,2,0,7,5.461122107692063,10.144115582108498,3.3863165993243456
