player_id,player_name,season,team,position,games,time,goals,assists,xG,xA,shots,key_passes,yellow,red,npg,npxG,xGChain,xGBuildup
3354,Sébastien Corchia,2022,Nantes,Sub,22,767,0,1,0.1337889982387423,0.2767510041594505,5,5,3,0,0,0.1337889982387423,1.7417429890483618,1.6404970744624734
3354,Sébastien Corchia,2021,Nantes,Sub,28,1296,0,3,0.4262523995712399,0.6434687003493309,11,12,0,1,0,0.4262523995712399,2.715345990844071,2.279273784719408
3354,Sébastien Corchia,2020,Nantes,DR,25,2071,0,1,0.8775032004341483,2.44866431877017,21,27,3,0,0,0.8775032004341483,4.331237094476819,3.269583067856729
3354,Sébastien Corchia,2019,Espanyol,DR,3,270,0,0,0.1117913164198398,0.8711920082569122,3,7,1,0,0,0.1117913164198398,1.020748008042574,0.3890240043401718
3354,Sébastien Corchia,2017,Sevilla,DR,12,826,0,1,0.3245196938514709,0.5345571972429752,5,5,4,0,0,0.3245196938514709,1.887541776522994,1.2125828098505735
3354,Sébastien Corchia,2016,Lille,DR,38,3418,1,1,1.8024508389644325,2.934146700426936,38,23,4,0,1,1.8024508389644325,7.648454228416085,4.431845419108868
3354,Sébastien Corchia,2015,Lille,AMR,33,2629,2,2,1.746416020207107,1.1491144383326173,22,22,6,0,2,1.746416020207107,5.409889779984951,3.5103584015741944
3354,Sébastien Corchia,2014,Lille,FWR,31,2512,1,1,0.5556567013263702,1.7841661479324102,15,29,5,2,1,0.5556567013263702,2.990101534873247,2.5038086231797934
