player_id,player_name,season,team,position,games,time,goals,assists,xG,xA,shots,key_passes,yellow,red,npg,npxG,xGChain,xGBuildup
9381,Saba Sazonov,2024,Torino,Sub,1,1,0,0,0.0,0.0,0,0,0,0,0,0.0,0.0,0.0
9381,Saba Sazonov,2023,Torino,Sub,12,340,0,0,0.3835054039955139,0.0382866822183132,1,1,2,0,0,0.3835054039955139,0.3872452601790428,0.3489585816860199
9381,Saba Sazonov,2023,Dinamo Moscow,Sub,4,81,0,0,0.0,0.0,0,0,0,0,0,0.0,0.0,0.0
9381,Saba Sazonov,2022,Dinamo Moscow,DC,24,1973,1,0,0.8993256725370884,0.5366989821195602,14,2,9,0,1,0.8993256725370884,5.241039287298918,4.960650050081313
9381,Saba Sazonov,2021,Dinamo Moscow,Sub,6,304,0,0,1.0720769837498665,0.0935641974210739,2,1,0,0,0,1.0720769837498665,1.3947409689426422,0.351712204515934
9381,Saba Sazonov,2020,Zenit St. Petersburg,Sub,1,12,0,0,0.0,0.0,0,0,0,0,0,0.0,0.0,0.0
