player_id,player_name,season,team,position,games,time,goals,assists,xG,xA,shots,key_passes,yellow,red,npg,npxG,xGChain,xGBuildup
7511,Sacha Boey,2025,Bayern Munich,Sub,7,394,0,0,0.283937256783247,0.1832207404077053,4,4,1,0,0,0.283937256783247,2.5863382145762444,2.180355943739414
7511,Sacha Boey,2024,Bayern Munich,DR,13,591,0,2,0.1607282981276512,1.2694266606122255,3,3,1,0,0,0.1607282981276512,4.779234483838081,4.618506237864494
7511,Sacha Boey,2023,Bayern Munich,Sub,2,108,0,0,0.4358054995536804,0.0,1,0,1,0,0,0.4358054995536804,0.5658864602446556,0.1300809681415558
7511,Sacha Boey,2020,Dijon,DR,24,1869,0,1,0.2673175949603319,2.275368293747306,10,18,1,0,0,0.2673175949603319,2.671676190569997,1.981628566980362
7511,Sacha Boey,2020,Rennes,DR,2,124,0,0,0.0625151991844177,0.1332699954509735,1,1,0,1,0,0.0625151991844177,0.3059912007302046,0.172721205279231
7511,Sacha Boey,2019,Rennes,Sub,5,166,0,0,0.0565069988369941,0.0816655978560447,1,2,0,0,0,0.0565069988369941,0.3224290013313293,0.2407639995217323
7511,Sacha Boey,2018,Rennes,Sub,1,13,0,0,0.0,0.0,0,0,0,0,0,0.0,0.0,0.0
