player_id,player_name,season,team,position,games,time,goals,assists,xG,xA,shots,key_passes,yellow,red,npg,npxG,xGChain,xGBuildup
9562,Sacha Delaye,2023,Montpellier,Sub,9,104,0,0,0.2782323099672794,0.1018649041652679,5,2,1,0,0,0.2782323099672794,0.3558684810996055,0.0236500464379787
9562,Sacha Delaye,2022,Montpellier,Sub,3,12,1,0,0.0602614991366863,0.0,2,0,0,0,1,0.0602614991366863,0.0602614991366863,0.0
9562,Sacha Delaye,2021,Montpellier,Sub,11,246,0,1,0.0729378014802932,0.9992130175232888,3,3,0,0,0,0.0729378014802932,1.4419173151254654,0.4106158018112182
9562,Sacha Delaye,2020,Montpellier,Sub,1,4,0,0,0.0,0.0,0,0,0,0,0,0.0,0.1285839974880218,0.1285839974880218
