player_id,player_name,season,team,position,games,time,goals,assists,xG,xA,shots,key_passes,yellow,red,npg,npxG,xGChain,xGBuildup
838,Sadio Mané,2022,Bayern Munich,FW,25,1449,7,5,11.784473165869713,4.721706811338663,54,25,2,0,6,10.26893113553524,19.7928506731987,6.392940312623978
838,Sadio Mané,2021,Liverpool,FWL,34,2833,16,2,16.82961556315422,5.269158905372024,98,39,5,0,16,16.82961556315422,28.448098309338093,11.072973331436517
838,Sadio Mané,2020,Liverpool,FWL,35,2805,11,7,14.828551573678851,7.787754092365503,94,61,3,0,11,14.828551573678851,24.998916164040565,6.057659732177854
838,Sadio Mané,2019,Liverpool,Sub,35,2761,18,7,14.577481213957071,7.235698115080595,77,59,3,0,18,14.577481213957071,25.07319786399603,6.767017947509885
838,Sadio Mané,2018,Liverpool,FWL,36,3100,22,1,16.76279866695404,5.123735151253641,87,45,2,0,22,16.76279866695404,28.401348166167736,8.485083559527993
838,Sadio Mané,2017,Liverpool,FWL,29,2230,10,7,11.518154991790652,5.250220185145736,70,49,3,1,10,11.518154991790652,21.158781994134188,6.351253234781325
838,Sadio Mané,2016,Liverpool,FWR,27,2257,13,5,9.480924274772406,4.445209952071309,57,43,4,0,13,9.480924274772406,20.189119152724743,9.525849785655735
838,Sadio Mané,2015,Southampton,AMC,37,2614,11,6,12.514568300917745,5.139249017462134,86,41,4,2,11,11.753399284556508,17.62727028131485,5.373992749489844
838,Sadio Mané,2014,Southampton,FWL,30,2142,10,3,8.5539753716439,3.982480129227042,60,40,5,0,10,8.5539753716439,14.567278534173964,4.032989708706737
