player_id,player_name,season,team,position,games,time,goals,assists,xG,xA,shots,key_passes,yellow,red,npg,npxG,xGChain,xGBuildup
11157,Sael Kumbedi,2025,Lyon,DR,1,69,0,0,0.0316654555499553,0.0,1,0,1,0,0,0.0316654555499553,0.5758469104766846,0.5758469104766846
11157,Sael Kumbedi,2025,Wolfsburg,Sub,1,23,0,0,0.0,0.0086728660389781,0,1,0,0,0,0.0,0.0086728660389781,0.0
11157,Sael Kumbedi,2024,Lyon,DR,14,971,0,0,0.4896445125341415,0.3195243291556835,4,5,2,0,0,0.4896445125341415,6.196358565241098,5.505651500076056
11157,Sael Kumbedi,2023,Lyon,Sub,17,908,0,1,0.2761745741590857,0.6427205298095942,6,5,4,0,0,0.2761745741590857,2.888322114944458,2.093461785465479
11157,Sael Kumbedi,2022,Lyon,Sub,20,1309,0,2,0.371173607185483,1.5532991020008922,9,10,8,0,0,0.371173607185483,5.197519091889262,4.196516802534461
