player_id,player_name,season,team,position,games,time,goals,assists,xG,xA,shots,key_passes,yellow,red,npg,npxG,xGChain,xGBuildup
3989,Salvatore Molina,2022,Monza,Sub,5,214,0,0,0.0451937988400459,0.1075790002942085,1,2,1,0,0,0.0451937988400459,0.4131043031811714,0.2851753011345863
3989,Salvatore Molina,2020,Crotone,MR,29,2336,1,4,0.756824592128396,2.424864591099322,15,25,1,0,1,0.756824592128396,6.511597356759012,4.643257914111018
3989,Salvatore Molina,2014,Atalanta,Sub,4,176,0,0,0.0815812982618808,0.0836893022060394,2,3,1,0,0,0.0815812982618808,0.1507650017738342,0.0152492001652717
