player_id,player_name,season,team,position,games,time,goals,assists,xG,xA,shots,key_passes,yellow,red,npg,npxG,xGChain,xGBuildup
9493,Sam Greenwood,2022,Leeds,Sub,18,373,1,2,0.6907202005386353,0.9013200886547564,12,12,1,0,1,0.6907202005386353,1.065209049731493,0.6448863409459591
9493,Sam Greenwood,2021,Leeds,Sub,7,222,0,2,0.2259839996695518,0.4314804896712303,4,4,0,0,0,0.2259839996695518,1.2256466001272202,0.6733732083812356
