player_id,player_name,season,team,position,games,time,goals,assists,xG,xA,shots,key_passes,yellow,red,npg,npxG,xGChain,xGBuildup
7069,Saman Ghoddos,2023,Brentford,Sub,19,701,1,0,0.302081985399127,1.0297286342829466,9,10,5,0,1,0.302081985399127,2.3261738447472453,2.0678049931302667
7069,Saman Ghoddos,2022,Brentford,Sub,15,93,0,0,0.0554910004138946,0.2644379809498787,1,4,0,0,0,0.0554910004138946,0.963206484913826,0.9295362625271082
7069,Saman Ghoddos,2021,Brentford,Sub,17,499,1,1,0.7120704911649227,1.1907186191529036,8,6,2,0,1,0.7120704911649227,3.1678579915314917,1.429826844483614
7069,Saman Ghoddos,2019,Amiens,Sub,5,224,1,0,0.7491285987198353,0.4404345005750656,6,5,1,0,1,0.7491285987198353,1.4321435876190662,0.6671879887580872
7069,Saman Ghoddos,2018,Amiens,AMC,27,1845,4,4,2.829409210011363,2.312534373253584,43,35,4,0,4,2.829409210011363,6.64092334639281,3.966038143262267
