player_id,player_name,season,team,position,games,time,goals,assists,xG,xA,shots,key_passes,yellow,red,npg,npxG,xGChain,xGBuildup
7530,Samuele Ricci,2025,AC Milan,Sub,4,144,0,0,0.1575978547334671,0.245153896510601,3,2,0,0,0,0.1575978547334671,1.0584522485733032,0.772819347679615
7530,Samuele Ricci,2024,Torino,MC,34,2863,1,1,1.2636383641511202,0.6732697440311313,22,15,8,1,1,1.2636383641511202,6.681054439395666,4.934482039883733
7530,Samuele Ricci,2023,Torino,MC,32,2425,1,2,1.2500714594498277,2.916640043258667,30,26,6,1,1,1.2500714594498277,9.489967902190983,6.507628761231899
7530,Samuele Ricci,2022,Torino,MC,28,2070,2,1,2.303225079551339,2.2518239337950945,21,16,6,0,2,2.303225079551339,10.326330281794071,7.514573078602552
7530,Samuele Ricci,2021,Empoli,DMC,21,1533,1,1,0.1773576489649713,0.3042088970541954,8,7,1,1,1,0.1773576489649713,4.707128629088402,4.57475833594799
7530,Samuele Ricci,2021,Torino,Sub,12,730,0,0,0.4309668093919754,0.4956891974434256,4,4,1,0,0,0.4309668093919754,1.9643635768443344,1.4176484178751707
