player_id,player_name,season,team,position,games,time,goals,assists,xG,xA,shots,key_passes,yellow,red,npg,npxG,xGChain,xGBuildup
11831,Samu Omorodion,2023,Alaves,Sub,34,1927,8,1,12.339943654835224,1.7976549975574017,64,16,6,0,8,12.339943654835224,14.48784038424492,2.649713395163417
11831,Samu Omorodion,2023,Granada,FW,1,87,1,0,0.9612611532211304,0.0862479135394096,3,2,0,0,1,0.9612611532211304,0.9078715443611144,0.3761745393276214
