player_id,player_name,season,team,position,games,time,goals,assists,xG,xA,shots,key_passes,yellow,red,npg,npxG,xGChain,xGBuildup
10897,Samuele Vignato,2024,Monza,AMC,17,444,0,0,0.2273637987673282,0.0098639708012342,4,1,0,0,0,0.2273637987673282,0.7696044538170099,0.5323766693472862
10897,Samuele Vignato,2023,Monza,Sub,10,332,1,0,1.6053274646401403,0.1686290772631764,7,4,2,0,1,1.6053274646401403,2.085781052708626,0.4161661900579929
10897,Samuele Vignato,2022,Monza,Sub,5,47,0,1,0.0340417139232158,0.3808075487613678,1,2,0,0,0,0.0340417139232158,1.2584771364927292,0.8436278998851776
