player_id,player_name,season,team,position,games,time,goals,assists,xG,xA,shots,key_passes,yellow,red,npg,npxG,xGChain,xGBuildup
6018,Samuel Moutoussamy,2023,Nantes,MC,26,1085,1,0,2.1231555305421352,0.6587613690644503,15,11,2,0,1,2.1231555305421352,5.353673495352268,3.1424327176064253
6018,Samuel Moutoussamy,2022,Nantes,Sub,35,2388,0,2,1.3794666677713394,0.6596695575863123,22,18,8,0,0,1.3794666677713394,7.268351953476667,5.6869204714894295
6018,Samuel Moutoussamy,2021,Nantes,DMC,30,1492,0,1,1.9436213988810775,0.3995585963129997,14,5,5,0,0,1.9436213988810775,4.6015928238630295,2.8246746957302094
6018,Samuel Moutoussamy,2020,Nantes,FW,1,85,0,0,0.050602201372385,0.0,2,0,0,0,0,0.050602201372385,0.050602201372385,0.0209986995905637
6018,Samuel Moutoussamy,2019,Nantes,Sub,17,506,0,0,0.3445641994476318,0.6353172902017832,5,7,0,0,0,0.3445641994476318,1.6073611546307802,0.9965223949402572
6018,Samuel Moutoussamy,2018,Nantes,DMC,28,1650,2,3,2.4907101429998875,1.522030157968402,26,20,0,0,2,2.4907101429998875,6.762948492541909,3.012693030759692
6018,Samuel Moutoussamy,2017,Nantes,Sub,7,435,0,0,0.2204645033925771,0.2442394522950053,5,5,0,0,0,0.2204645033925771,1.6281738094985485,1.1634702160954475
