player_id,player_name,season,team,position,games,time,goals,assists,xG,xA,shots,key_passes,yellow,red,npg,npxG,xGChain,xGBuildup
6773,Samuel Gigot,2024,Lazio,Sub,15,692,2,0,1.3551291171461344,0.0,4,0,2,0,2,1.3551291171461344,3.7404720038175583,3.608620271086693
6773,Samuel Gigot,2023,Marseille,DC,21,1735,3,0,3.78363386914134,0.6496247239410877,19,7,7,1,3,3.78363386914134,7.087280634790659,6.3591769225895405
6773,Samuel Gigot,2022,Marseille,DC,26,1905,2,2,3.368648983538151,0.7552713295444846,12,4,3,2,2,3.368648983538151,8.1128541380167,8.097758159041405
6773,Samuel Gigot,2021,Spartak Moscow,DC,27,2247,2,1,2.157135140150785,1.4035052750259638,21,12,8,0,2,2.157135140150785,6.070019184611738,5.127554065547884
6773,Samuel Gigot,2020,Spartak Moscow,DC,26,2311,3,0,2.368209023028612,0.2697622999548912,22,8,5,1,3,2.368209023028612,5.696481051854789,5.261488414369524
6773,Samuel Gigot,2019,Spartak Moscow,DC,26,2333,4,2,3.1920796800404787,1.3177537955343723,32,14,8,0,4,3.1920796800404787,7.00742607191205,5.606896189972758
6773,Samuel Gigot,2018,Spartak Moscow,DC,9,746,1,1,0.2760115023702383,0.2595097944140434,5,6,1,0,1,0.2760115023702383,1.9591799341142175,1.849576722830534
