player_id,player_name,season,team,position,games,time,goals,assists,xG,xA,shots,key_passes,yellow,red,npg,npxG,xGChain,xGBuildup
8285,Sander Berge,2025,Fulham,DMC,8,691,0,0,0.1351443827152252,0.4731570556759834,1,3,1,0,0,0.1351443827152252,1.533765159547329,1.060608111321926
8285,Sander Berge,2024,Fulham,Sub,31,2242,0,0,0.4260362591594457,0.7261993493884802,3,18,6,0,0,0.4260362591594457,7.763672082684934,6.734488721005619
8285,Sander Berge,2023,Burnley,MC,37,3020,1,2,2.122107489034533,3.1849441323429346,25,29,8,1,1,2.122107489034533,12.192523565143349,8.591317790560424
8285,Sander Berge,2020,Sheffield United,Sub,15,1116,1,1,1.216417072340846,1.7773302253335714,10,14,4,0,0,0.4552479963749647,3.906758504919708,3.0664289398118854
8285,Sander Berge,2019,Sheffield United,MC,14,957,1,1,0.6007534898817539,0.714387908577919,5,2,0,0,1,0.6007534898817539,2.35891617462039,1.2101591117680073
