player_id,player_name,season,team,position,games,time,goals,assists,xG,xA,shots,key_passes,yellow,red,npg,npxG,xGChain,xGBuildup
10878,Sandi Lovric,2025,Udinese,MC,2,67,0,1,0.0680226311087608,0.5196713209152222,1,1,0,0,0,0.0680226311087608,0.3232546746730804,0.255232036113739
10878,Sandi Lovric,2024,Udinese,MC,36,2370,2,3,2.558918621391058,3.452964967116713,49,32,5,0,2,2.558918621391058,9.900501234456897,5.352557154372335
10878,Sandi Lovric,2023,Udinese,MC,29,1995,1,3,3.50694039138034,3.840361265465617,43,43,1,1,1,3.50694039138034,9.013672885019332,4.2419182769954205
10878,Sandi Lovric,2022,Udinese,Sub,37,2375,5,6,3.895120724104345,3.1141071068122983,71,46,4,0,5,3.895120724104345,9.186829634010792,4.413520187139511
