player_id,player_name,season,team,position,games,time,goals,assists,xG,xA,shots,key_passes,yellow,red,npg,npxG,xGChain,xGBuildup
7958,Sandro Tonali,2025,Newcastle United,MC,8,686,0,1,0.2788668535649776,1.714543890208006,10,14,0,0,0,0.2788668535649776,2.486155953258276,1.7045462764799597
7958,Sandro Tonali,2024,Newcastle United,Sub,36,2619,4,2,4.238380494527519,2.1789364712312818,35,28,5,0,4,4.238380494527519,15.48093932121992,11.201060734689236
7958,Sandro Tonali,2023,Newcastle United,MC,8,436,1,0,0.8581285923719406,0.5521692577749491,3,7,2,0,1,0.8581285923719406,3.416136920452118,2.1788286715745926
7958,Sandro Tonali,2022,AC Milan,DMC,34,2720,2,7,2.344867580570281,6.739804450422525,32,62,7,0,2,2.344867580570281,15.118916081264617,10.164697060361505
7958,Sandro Tonali,2021,AC Milan,DMC,36,2623,5,2,4.595865771174431,4.482516514137387,38,44,9,0,5,4.595865771174431,13.69593345746398,6.915457342751324
7958,Sandro Tonali,2020,AC Milan,Sub,25,1342,0,0,0.434503803960979,1.2424729689955711,10,16,1,1,0,0.434503803960979,5.086322391405702,4.761538976803422
7958,Sandro Tonali,2019,Brescia,MC,35,3034,1,7,0.9396829903125764,6.356063158251345,28,67,9,0,1,0.9396829903125764,8.699191463179886,7.521883792243898
