player_id,player_name,season,team,position,games,time,goals,assists,xG,xA,shots,key_passes,yellow,red,npg,npxG,xGChain,xGBuildup
13003,Santiago Mouriño,2025,Villarreal,DR,7,618,0,1,0.2929136585444212,0.0623162630945444,5,2,2,1,0,0.2929136585444212,2.3017891366034746,2.225173206999898
13003,Santiago Mouriño,2024,Alaves,Sub,25,1827,0,1,1.0117421904578805,0.9486839417368174,13,7,7,0,0,1.0117421904578805,2.93726375233382,2.229820301756263
