player_id,player_name,season,team,position,games,time,goals,assists,xG,xA,shots,key_passes,yellow,red,npg,npxG,xGChain,xGBuildup
6289,Santiago Ascacibar,2022,Cremonese,Sub,13,719,0,0,0.3245410975068807,0.2394837979227304,14,8,1,0,0,0.3245410975068807,1.6430711932480335,1.2236735001206398
6289,Santiago Ascacibar,2021,Hertha Berlin,MC,28,2388,0,1,1.2529001161456108,0.4678981006145477,13,11,5,0,0,1.2529001161456108,7.104157496243715,6.448499895632267
6289,Santiago Ascacibar,2020,Hertha Berlin,DMC,13,770,1,0,0.2530157025903463,0.2451797984540462,7,6,2,0,1,0.2530157025903463,2.889634057879448,2.693853121250868
6289,Santiago Ascacibar,2019,Hertha Berlin,DMC,8,631,0,1,0.0222430005669593,0.0422558998689055,2,2,2,0,0,0.0222430005669593,0.5613686926662922,0.5240164920687675
6289,Santiago Ascacibar,2018,VfB Stuttgart,MC,27,2430,0,0,1.2873375210911036,0.5349127063527703,19,13,10,1,0,1.2873375210911036,4.874392293393612,3.249118087813258
6289,Santiago Ascacibar,2017,VfB Stuttgart,Sub,29,2391,0,1,0.2234125696122646,0.7286154832690954,11,9,10,1,0,0.2234125696122646,4.403774598613381,3.539182831533253
