player_id,player_name,season,team,position,games,time,goals,assists,xG,xA,shots,key_passes,yellow,red,npg,npxG,xGChain,xGBuildup
965,Santiago Cazorla,2025,Real Oviedo,Sub,7,171,0,0,0.0,0.2689889445900917,0,3,0,0,0,0.0,0.6486953273415565,0.6486953273415565
965,Santiago Cazorla,2019,Villarreal,DMC,35,2472,11,9,8.852406987920403,7.984716769307852,49,71,3,0,3,2.906182263046503,20.0450070630759,13.102960212156177
965,Santiago Cazorla,2018,Villarreal,ML,35,2651,4,10,4.290626020170748,7.843863552436233,31,72,2,0,2,2.060793812386692,13.49342168495059,10.59121549874544
965,Santiago Cazorla,2016,Arsenal,Sub,8,621,2,2,1.6693916991353035,0.8027662038803101,8,10,2,0,0,0.147053699940443,3.2815439254045486,2.7705690264701843
965,Santiago Cazorla,2015,Arsenal,AML,15,1297,0,3,1.8686606083065271,4.38658672105521,24,38,2,1,0,1.1074920073151588,11.918342888355255,10.464280039072037
965,Santiago Cazorla,2014,Arsenal,ML,37,2999,7,11,10.5907253138721,9.755182644352317,93,78,5,0,1,6.023707624524832,24.657841611653566,16.91333621367812
