player_id,player_name,season,team,position,games,time,goals,assists,xG,xA,shots,key_passes,yellow,red,npg,npxG,xGChain,xGBuildup
8812,Sasa Kalajdzic,2025,Wolverhampton Wanderers,Sub,1,11,0,0,0.0,0.0,0,0,0,0,0,0.0,0.0,0.0
8812,Sasa Kalajdzic,2023,Eintracht Frankfurt,FW,5,331,0,1,0.1673691570758819,0.7296219691634178,2,3,0,0,0,0.1673691570758819,1.3101872503757477,0.5645456090569496
8812,Sasa Kalajdzic,2023,Wolverhampton Wanderers,Sub,11,132,2,0,1.3522434905171394,1.0801250115036964,4,4,0,0,2,1.3522434905171394,2.5644532591104507,0.1592405214905738
8812,Sasa Kalajdzic,2022,VfB Stuttgart,FW,3,241,0,3,0.4039623886346817,0.681012399494648,5,6,1,0,0,0.4039623886346817,1.094398096203804,0.2441340982913971
8812,Sasa Kalajdzic,2022,Wolverhampton Wanderers,FW,1,48,0,0,0.5194780230522156,0.0,1,0,0,0,0,0.5194780230522156,0.0,0.0
8812,Sasa Kalajdzic,2021,VfB Stuttgart,Sub,15,1218,6,1,7.140694715082645,2.7993601858615875,38,21,2,0,5,5.625141762197018,8.273087918758392,2.318673677742481
8812,Sasa Kalajdzic,2020,VfB Stuttgart,Sub,33,2146,16,5,11.238244386389852,3.236812736839056,66,26,1,0,16,11.238244386389852,15.1655996683985,3.606147755868733
