player_id,player_name,season,team,position,games,time,goals,assists,xG,xA,shots,key_passes,yellow,red,npg,npxG,xGChain,xGBuildup
12970,Sebastian Nanasi,2025,Strasbourg,Sub,2,65,0,0,0.0,0.0361981280148029,0,1,0,0,0,0.0,0.0611900947988033,0.0249919686466455
12970,Sebastian Nanasi,2024,Strasbourg,Sub,31,2166,6,4,6.08905141800642,6.048237957060337,29,38,1,0,6,6.08905141800642,16.798728935420513,9.526111859828234
