player_id,player_name,season,team,position,games,time,goals,assists,xG,xA,shots,key_passes,yellow,red,npg,npxG,xGChain,xGBuildup
228,Sebastian Rode,2023,Eintracht Frankfurt,MC,8,45,0,0,0.0,0.0905835554003715,0,1,0,0,0,0.0,0.163885973393917,0.163885973393917
228,Sebastian Rode,2022,Eintracht Frankfurt,MC,27,1440,4,1,0.7823091875761747,0.7808642480522394,9,12,6,0,4,0.7823091875761747,7.431947812438011,6.188614975661039
228,Sebastian Rode,2021,Eintracht Frankfurt,Sub,17,776,1,0,0.8968863133341074,1.1871344037353992,6,12,1,0,1,0.8968863133341074,5.473810974508524,3.9971294589340687
228,Sebastian Rode,2020,Eintracht Frankfurt,MC,27,1634,1,0,0.0740685993805527,1.3847774900496006,3,19,10,0,1,0.0740685993805527,6.772763729095459,5.902805548161268
228,Sebastian Rode,2019,Eintracht Frankfurt,Sub,29,1970,3,3,0.9580091126263142,1.5907359924167397,13,23,6,0,3,0.9580091126263142,7.127661500591785,5.727525976020843
228,Sebastian Rode,2018,Eintracht Frankfurt,MC,12,945,0,0,0.5367702972143888,1.3254223056137562,4,18,4,0,0,0.5367702972143888,2.3423576205968857,1.5303265899419785
228,Sebastian Rode,2016,Borussia Dortmund,DMC,14,572,1,0,0.8529390133917332,0.5680188033729792,5,8,0,0,1,0.8529390133917332,3.4435459785163403,2.865377262234688
228,Sebastian Rode,2015,Bayern Munich,Sub,15,397,1,1,1.3440142329782248,0.1762912981212139,7,3,1,0,1,1.3440142329782248,2.8418215475976467,1.4481305219233036
228,Sebastian Rode,2014,Bayern Munich,Sub,22,951,2,5,1.0762816928327084,3.737343231216073,13,24,2,0,2,1.0762816928327084,9.462074944749476,7.126476176083088
