player_id,player_name,season,team,position,games,time,goals,assists,xG,xA,shots,key_passes,yellow,red,npg,npxG,xGChain,xGBuildup
11835,Senne Lynen,2025,Werder Bremen,DMC,6,529,0,0,0.1670466354116797,0.2291036956012249,2,4,1,0,0,0.1670466354116797,1.3616859763860705,1.191299021244049
11835,Senne Lynen,2024,Werder Bremen,MC,32,2780,0,1,0.9697776082903148,0.5434056557714939,24,8,9,0,0,0.9697776082903148,10.628164935857058,9.579863369464874
11835,Senne Lynen,2023,Werder Bremen,DMC,32,1787,0,3,0.3616187218576669,1.7365689352154732,12,15,6,0,0,0.3616187218576669,6.228365509770811,5.270159992389381
