player_id,player_name,season,team,position,games,time,goals,assists,xG,xA,shots,key_passes,yellow,red,npg,npxG,xGChain,xGBuildup
10721,Sepp van den Berg,2025,Brentford,DC,8,720,0,0,1.3572007566690445,0.0765362456440925,5,1,0,0,0,1.3572007566690445,1.1838865466415882,0.8947502467781305
10721,Sepp van den Berg,2024,Brentford,Sub,31,2602,0,0,2.1477734111249447,1.029765497893095,20,7,3,0,0,2.1477734111249447,11.545481179840865,9.674979363568127
10721,Sepp van den Berg,2023,Mainz 05,Sub,33,2831,3,0,3.7091642525047055,0.5576253132894635,25,7,9,0,3,3.7091642525047055,6.752309799194336,6.562722461298108
10721,Sepp van den Berg,2022,Schalke 04,DC,9,692,1,0,0.2777599543333053,0.1310897469520568,5,2,2,0,1,0.2777599543333053,0.8645213358104229,0.6877231746912003
