player_id,player_name,season,team,position,games,time,goals,assists,xG,xA,shots,key_passes,yellow,red,npg,npxG,xGChain,xGBuildup
2460,Sergio Asenjo,2022,Real Valladolid,GK,10,900,0,0,0,0.0,0,0,0,0,0,0,0.8454583957791328,0.8454583957791328
2460,Sergio Asenjo,2021,Villarreal,GK,6,540,0,0,0,0.0,0,0,1,0,0,0,0.4731416087597608,0.4731416087597608
2460,Sergio Asenjo,2020,Villarreal,GK,36,3240,0,0,0,0.0,0,0,2,0,0,0,7.062065819278359,7.062065819278359
2460,Sergio Asenjo,2019,Villarreal,GK,34,3060,0,0,0,0.0,0,0,2,0,0,0,5.21090548299253,5.21090548299253
2460,Sergio Asenjo,2018,Villarreal,GK,32,2880,0,0,0,0.0,0,0,0,0,0,0,4.228843493387103,4.228843493387103
2460,Sergio Asenjo,2017,Villarreal,GK,23,2070,0,0,0,0.0,0,0,3,0,0,0,2.9760121032595634,2.9760121032595634
2460,Sergio Asenjo,2016,Villarreal,GK,24,2104,0,0,0,0.0,0,0,0,0,0,0,0.7146287988871336,0.7146287988871336
2460,Sergio Asenjo,2015,Villarreal,GK,4,360,0,0,0,0.0,0,0,1,0,0,0,0.342507004737854,0.342507004737854
2460,Sergio Asenjo,2014,Villarreal,GK,34,3055,0,0,0,0.0276187993586063,0,1,1,0,0,0,2.712004384025932,2.6843855883926158
