player_id,player_name,season,team,position,games,time,goals,assists,xG,xA,shots,key_passes,yellow,red,npg,npxG,xGChain,xGBuildup
8979,Sergiño Dest,2022,AC Milan,Sub,8,312,0,0,0.3797862865030765,0.290605703368783,2,4,0,0,0,0.3797862865030765,2.2431370578706264,1.6795950569212437
8979,Sergiño Dest,2021,Barcelona,DR,21,1520,0,3,1.5507133025676012,2.850930977612734,12,18,2,0,0,1.5507133025676012,10.17777343466878,6.136438924819231
8979,Sergiño Dest,2020,Barcelona,Sub,30,1934,2,1,1.9412389257922769,2.0678645791485906,14,23,1,0,2,1.9412389257922769,12.3384333755821,9.082944998517632
