player_id,player_name,season,team,position,games,time,goals,assists,xG,xA,shots,key_passes,yellow,red,npg,npxG,xGChain,xGBuildup
1543,Sergej Milinkovic-Savic,2022,Lazio,MC,36,3044,9,8,7.642115520313382,7.669951910153031,64,42,10,0,9,7.642115520313382,18.009869592264295,9.168152891099451
1543,Sergej Milinkovic-Savic,2021,Lazio,MC,37,3121,11,11,8.492887605912983,7.113518685102463,75,52,4,1,11,8.492887605912983,18.03498783241957,11.111050514504312
1543,Sergej Milinkovic-Savic,2020,Lazio,MC,32,2768,7,10,6.003302904777229,6.28231512196362,63,43,4,0,7,6.003302904777229,17.171504098922014,10.463235314935446
1543,Sergej Milinkovic-Savic,2019,Lazio,MC,37,3038,7,4,5.316485211253166,4.621503926813602,87,47,9,0,7,5.316485211253166,15.961734548211098,9.44918805360794
1543,Sergej Milinkovic-Savic,2018,Lazio,MC,31,2416,5,3,6.05473905056715,4.726377381011844,76,48,7,1,5,6.05473905056715,15.795118460431697,8.495804086327553
1543,Sergej Milinkovic-Savic,2017,Lazio,MC,35,2856,12,3,6.583664470817894,6.250788372009993,91,51,8,0,12,6.583664470817894,18.66026286408305,11.146417804062366
1543,Sergej Milinkovic-Savic,2016,Lazio,MC,34,2733,4,7,5.644219217821956,3.673988582566381,69,40,8,0,4,5.644219217821956,13.225580379366876,6.196377348154783
1543,Sergej Milinkovic-Savic,2015,Lazio,Sub,25,1645,1,0,1.8751159813255072,1.4319383464753628,36,20,5,1,1,1.8751159813255072,6.054325978271663,3.7107279766350985
