player_id,player_name,season,team,position,games,time,goals,assists,xG,xA,shots,key_passes,yellow,red,npg,npxG,xGChain,xGBuildup
2571,Sergio Canales,2022,Real Betis,Sub,31,2432,4,3,4.655821478925645,5.269131166860461,39,56,2,2,3,3.912543452344835,12.74706557393074,5.691056125797331
2571,Sergio Canales,2021,Real Betis,DMC,34,2830,5,8,3.963192025199533,5.698898285627365,54,64,6,0,5,3.963192025199533,15.202885108068584,8.913203915581107
2571,Sergio Canales,2020,Real Betis,AML,31,2509,8,6,5.708787698298693,7.230448530986905,47,60,4,0,6,3.4790803976356983,12.321420669555664,6.189744429662824
2571,Sergio Canales,2019,Real Betis,MR,36,3177,6,6,6.674357369542122,5.886787068098784,52,79,5,0,3,3.70150525867939,13.783817037940024,8.091821176931262
2571,Sergio Canales,2018,Real Betis,MC,32,2660,7,2,7.552457028068602,5.525014162994921,66,56,7,0,5,6.0659015821293,13.073965049348772,5.755136671476066
2571,Sergio Canales,2017,Real Sociedad,FWR,36,1921,4,5,3.68601181358099,5.778794072568417,67,56,4,0,4,3.68601181358099,11.397714225575328,5.645110473036766
2571,Sergio Canales,2016,Real Sociedad,Sub,31,986,0,4,0.9998995075002312,2.976382903754711,20,35,2,0,0,0.9998995075002312,5.373940613120794,3.2190749999135733
2571,Sergio Canales,2015,Real Sociedad,Sub,16,906,0,0,1.1532960943877697,1.0825320966541767,24,11,3,0,0,1.1532960943877697,5.282969960942864,3.9613895379006863
2571,Sergio Canales,2014,Real Sociedad,MC,36,2564,4,3,4.253075687214732,1.959999457933009,56,32,3,0,4,4.253075687214732,8.201281307265162,3.519133117981255
