player_id,player_name,season,team,position,games,time,goals,assists,xG,xA,shots,key_passes,yellow,red,npg,npxG,xGChain,xGBuildup
1078,Sergi Canos,2024,Valencia,Sub,17,326,0,1,0.4507795954123139,0.1964062564074993,11,4,3,0,0,0.4507795954123139,0.7551172645762563,0.2356214402243495
1078,Sergi Canos,2023,Valencia,Sub,27,1245,1,2,3.1207109168171883,2.454174777492881,43,12,1,0,1,3.1207109168171883,6.818596877157688,2.015315644443035
1078,Sergi Canos,2022,Brentford,Sub,5,55,0,0,0.0599079988896846,0.0176229998469352,1,1,0,0,0,0.0599079988896846,0.0775309987366199,0.0
1078,Sergi Canos,2021,Brentford,DMR,31,2128,3,2,3.4899188801646237,2.1664950996637344,33,17,6,1,3,3.4899188801646237,6.9550468772649765,2.181806704029441
1078,Sergi Canos,2015,Liverpool,Sub,1,7,0,0,0.0,0.0,0,0,0,0,0,0.0,0.0,0.0
