player_id,player_name,season,team,position,games,time,goals,assists,xG,xA,shots,key_passes,yellow,red,npg,npxG,xGChain,xGBuildup
7528,Sergio Camello,2025,Rayo Vallecano,Sub,5,116,0,0,1.2196971029043198,0.0789303481578826,6,3,1,1,0,1.2196971029043198,1.332352951169014,0.0581423118710517
7528,Sergio Camello,2024,Rayo Vallecano,Sub,23,1150,3,2,3.9392457250505686,2.3095762208104134,32,19,2,0,3,3.9392457250505686,6.908401124179363,1.970676053315401
7528,Sergio Camello,2023,Rayo Vallecano,Sub,31,1686,3,1,4.553138293325901,1.6020972728729248,34,20,3,0,3,4.553138293325901,9.425828685984015,3.8848830573260784
7528,Sergio Camello,2022,Rayo Vallecano,FW,38,2442,6,5,7.05746890977025,2.189080720767379,76,28,1,0,6,7.05746890977025,9.704236967489123,1.7313141617923975
7528,Sergio Camello,2019,Atletico Madrid,Sub,2,21,0,0,0.0,0.0,0,0,0,0,0,0.0,0.0,0.0
7528,Sergio Camello,2018,Atletico Madrid,Sub,1,42,1,0,0.6629999876022339,0.075084201991558,3,1,0,0,1,0.6629999876022339,0.718675971031189,0.0
