player_id,player_name,season,team,position,games,time,goals,assists,xG,xA,shots,key_passes,yellow,red,npg,npxG,xGChain,xGBuildup
2095,Sergio Busquets,2022,Barcelona,MC,30,2359,0,4,0.354838153347373,2.581171413883567,9,25,6,1,0,0.354838153347373,18.166228680871427,16.97447824385017
2095,Sergio Busquets,2021,Barcelona,MC,36,3212,2,0,0.5658083986490965,1.695990601554513,14,34,12,0,2,0.5658083986490965,22.12473162263632,20.508094489574432
2095,Sergio Busquets,2020,Barcelona,DMC,36,2557,0,5,0.4975560940802097,3.6546789561398327,3,30,9,0,0,0.4975560940802097,22.45806336775422,19.786133628338572
2095,Sergio Busquets,2019,Barcelona,MC,33,2510,2,2,1.4375016000121832,3.164087627083063,10,22,10,0,2,1.4375016000121832,22.74610883370042,20.19105975329876
2095,Sergio Busquets,2018,Barcelona,MC,35,2726,0,1,0.2723759091459214,1.6206660773605108,8,15,10,0,0,0.2723759091459214,20.59284838102758,19.162236278876662
2095,Sergio Busquets,2017,Barcelona,MC,31,2604,1,4,0.7376673836261034,1.7641702145338058,5,24,8,0,1,0.7376673836261034,22.402658661827445,21.18860800564289
2095,Sergio Busquets,2016,Barcelona,MC,33,2696,0,3,0.1360528003424406,0.6265261983498931,4,14,9,0,0,0.1360528003424406,20.818531215190887,20.248296201229092
2095,Sergio Busquets,2015,Barcelona,MC,35,2914,0,4,0.2142805000767111,3.509569553658366,6,19,6,0,0,0.2142805000767111,24.988793153315783,23.06886607781053
2095,Sergio Busquets,2014,Barcelona,MC,33,2493,1,2,0.7489578146487474,1.5559155829250813,7,17,7,0,1,0.7489578146487474,22.83164554834366,22.19501729682088
