player_id,player_name,season,team,position,games,time,goals,assists,xG,xA,shots,key_passes,yellow,red,npg,npxG,xGChain,xGBuildup
10455,Shamar Nicholson,2024,Spartak Moscow,Sub,9,246,3,0,2.2428286895155907,0.0771054551005363,7,2,1,0,3,2.2428286895155907,2.363740213215351,0.7413420230150223
10455,Shamar Nicholson,2023,Clermont Foot,Sub,26,1489,4,3,6.594864312559366,1.191740025766194,40,18,2,0,3,5.074674028903246,7.210880653001368,1.2717416286468506
10455,Shamar Nicholson,2022,Spartak Moscow,FW,22,814,3,1,7.018027741461992,2.061957571655512,27,15,2,0,3,7.018027741461992,10.719850156456232,1.997284255921841
10455,Shamar Nicholson,2021,Spartak Moscow,Sub,12,766,5,1,3.844614239409566,0.9988610967993736,31,8,1,0,5,3.844614239409566,5.387578399851918,1.140656789764762
