player_id,player_name,season,team,position,games,time,goals,assists,xG,xA,shots,key_passes,yellow,red,npg,npxG,xGChain,xGBuildup
7882,Sheraldo Becker,2025,Osasuna,Sub,4,62,0,0,0.1076851412653923,0.2503879070281982,2,2,0,0,0,0.1076851412653923,0.3580730408430099,0.0
7882,Sheraldo Becker,2024,Real Sociedad,FWL,22,996,2,1,1.8835409861058,1.7872297391295433,22,8,1,1,2,1.8835409861058,4.543094903230667,1.0016518905758858
7882,Sheraldo Becker,2023,Real Sociedad,Sub,15,769,2,2,1.9461984522640705,1.6168914884328842,21,8,1,0,2,1.9461984522640705,3.5689502712339163,0.4457260128110647
7882,Sheraldo Becker,2023,Union Berlin,Sub,11,664,0,1,0.977994905784726,2.1538064759224653,16,12,0,0,0,0.977994905784726,3.856623947620392,1.7708171596750617
7882,Sheraldo Becker,2022,Union Berlin,FW,34,2638,11,7,5.706978755071759,5.149274218827486,67,43,4,0,11,5.706978755071759,12.626208378002048,2.6656901137903333
7882,Sheraldo Becker,2021,Union Berlin,Sub,28,1773,4,6,2.784585020504892,8.289485907182097,38,42,4,0,4,2.784585020504892,12.65719303674996,3.9168817959725857
7882,Sheraldo Becker,2020,Union Berlin,FWR,18,1125,3,3,1.5635078512132168,3.85877588018775,31,18,2,0,3,1.5635078512132168,5.874143165536225,1.0159601951017976
7882,Sheraldo Becker,2019,Union Berlin,Sub,13,534,0,2,0.2263659015297889,0.9381841775029898,6,8,1,0,0,0.2263659015297889,1.3358668349683285,0.6969457007944584
