player_id,player_name,season,team,position,games,time,goals,assists,xG,xA,shots,key_passes,yellow,red,npg,npxG,xGChain,xGBuildup
12847,Sidiki Chérif,2025,Angers,AMC,8,419,1,0,1.0893501937389374,0.0,15,0,2,0,1,1.0893501937389374,1.63444297388196,0.7804840952157974
12847,Sidiki Chérif,2024,Angers,FW,7,316,0,0,0.6688119219616055,0.1973147243261337,5,2,0,0,0,0.6688119219616055,1.313505083322525,0.4473784565925598
