player_id,player_name,season,team,position,games,time,goals,assists,xG,xA,shots,key_passes,yellow,red,npg,npxG,xGChain,xGBuildup
10236,Silvan Hefti,2023,Montpellier,DR,11,711,0,1,0.2166466685011983,1.4108116924762726,4,4,1,0,0,0.2166466685011983,2.4090773798525333,1.2318535577505827
10236,Silvan Hefti,2023,Genoa,DMR,6,104,0,0,0.0,0.0,0,0,0,0,0,0.0,0.0,0.0
10236,Silvan Hefti,2021,Genoa,DMR,16,1293,0,0,0.1986233033239841,0.6189385950565338,5,10,1,0,0,0.1986233033239841,4.908678361214697,4.265501462854445
