player_id,player_name,season,team,position,games,time,goals,assists,xG,xA,shots,key_passes,yellow,red,npg,npxG,xGChain,xGBuildup
11710,Simon Adingra,2025,Sunderland,FWL,6,278,0,0,0.0756939277052879,0.5374916773289442,1,5,1,0,0,0.0756939277052879,0.952572226524353,0.4418194890022278
11710,Simon Adingra,2024,Brighton,Sub,29,1081,2,2,3.1380675714463,2.066323732957244,34,16,0,0,2,3.1380675714463,5.763067487627268,2.168390834704041
11710,Simon Adingra,2023,Brighton,Sub,31,2256,6,1,5.096701676025987,3.30205356515944,52,33,3,0,6,5.096701676025987,13.104233894497156,6.308099476620555
