player_id,player_name,season,team,position,games,time,goals,assists,xG,xA,shots,key_passes,yellow,red,npg,npxG,xGChain,xGBuildup
139,Simon Zoller,2023,Bochum,Sub,1,38,0,0,0.0,0.0,0,0,0,0,0,0.0,0.0,0.0
139,Simon Zoller,2022,Bochum,AMR,27,1481,3,2,4.253587335348129,0.8861771766096354,31,11,5,0,3,4.253587335348129,5.685781069099903,0.9288454409688712
139,Simon Zoller,2021,Bochum,FW,10,591,3,2,1.782903304323554,1.0747246984392405,11,7,3,0,3,1.782903304323554,3.1668269895017147,0.3300348967313766
139,Simon Zoller,2017,FC Cologne,Sub,17,965,2,1,3.18171046115458,0.2963992953300476,9,10,3,0,2,3.18171046115458,3.7871748246252537,0.3279762025922537
139,Simon Zoller,2016,FC Cologne,Sub,26,1018,2,2,1.9295525206252933,1.03561469912529,13,8,3,0,2,1.9295525206252933,6.339315928518772,3.5024449676275253
139,Simon Zoller,2015,FC Cologne,Sub,24,1222,6,1,3.551990397274494,1.3758282186463475,30,9,4,0,6,3.551990397274494,5.198843751102686,0.3554187938570976
139,Simon Zoller,2014,FC Cologne,Sub,9,481,1,0,1.0221460182219744,0.1476335981860757,9,4,1,0,1,1.0221460182219744,1.6670088982209563,0.4972285032272339
