player_id,player_name,season,team,position,games,time,goals,assists,xG,xA,shots,key_passes,yellow,red,npg,npxG,xGChain,xGBuildup
8916,Simone Bastoni,2023,Empoli,Sub,16,747,1,0,0.3763941302895546,0.5595345050096512,7,12,3,0,1,0.3763941302895546,2.5678741931915283,2.1126374639570717
8916,Simone Bastoni,2022,Spezia,MC,19,1219,2,4,0.9478605585172772,1.814117493107915,22,18,7,0,2,0.9478605585172772,4.247494320385158,2.1587811075150967
8916,Simone Bastoni,2021,Spezia,MC,31,2305,3,3,1.7832793220877647,4.567909301258624,28,47,5,1,3,1.7832793220877647,8.112965440377593,5.33487554686144
8916,Simone Bastoni,2020,Spezia,DL,22,1538,1,6,1.203152857720852,2.627112690359354,21,29,7,0,1,1.203152857720852,5.448463845998049,2.7633594553917646
