player_id,player_name,season,team,position,games,time,goals,assists,xG,xA,shots,key_passes,yellow,red,npg,npxG,xGChain,xGBuildup
11090,Siriné Doucouré,2023,Lorient,Sub,11,422,1,3,1.0782809853553772,1.028350254520774,9,10,2,0,1,1.0782809853553772,2.625079123303294,1.155181280337274
11090,Siriné Doucouré,2022,Lorient,Sub,12,105,0,1,0.6417881920933723,0.8075737841427326,7,5,0,0,0,0.6417881920933723,1.4447268843650818,0.6345501858741045
