player_id,player_name,season,team,position,games,time,goals,assists,xG,xA,shots,key_passes,yellow,red,npg,npxG,xGChain,xGBuildup
6846,Sofiane Diop,2025,Nice,Sub,8,458,4,1,2.56407043710351,1.019122842699289,14,9,2,0,3,1.80397529900074,4.615898817777634,1.9146568235009909
6846,Sofiane Diop,2024,Nice,Sub,28,1018,6,4,5.546077464707196,3.113060377538204,22,24,3,0,6,5.546077464707196,12.031490011140704,5.0469088442623615
6846,Sofiane Diop,2023,Nice,Sub,10,505,0,0,1.517579635605216,0.7088201846927404,14,8,0,0,0,1.517579635605216,2.643633309751749,0.7353029139339924
6846,Sofiane Diop,2022,Nice,Sub,22,1227,1,4,2.9139396473765373,2.045290249399841,28,21,1,0,1,2.9139396473765373,6.946544351056218,2.732600029557944
6846,Sofiane Diop,2022,Monaco,AMC,1,68,1,0,0.7190600037574768,0.0987287014722824,2,3,0,0,1,0.7190600037574768,0.8639159798622131,0.0809570029377937
6846,Sofiane Diop,2021,Monaco,ML,30,1964,6,4,4.796193252317607,3.680231688544154,37,38,6,0,6,4.796193252317607,12.846877448260784,6.368626523762941
6846,Sofiane Diop,2020,Monaco,Sub,32,2044,7,1,4.430874202400446,2.7328585255891085,44,29,4,0,7,4.430874202400446,13.733498271554708,8.00008738040924
6846,Sofiane Diop,2018,Monaco,AMC,13,745,0,0,0.74135279096663,0.9168632281944156,10,8,1,0,0,0.74135279096663,3.13769821356982,1.6146544925868511
