player_id,player_name,season,team,position,games,time,goals,assists,xG,xA,shots,key_passes,yellow,red,npg,npxG,xGChain,xGBuildup
7358,Souleyman Doumbia,2022,Angers,DL,24,1800,0,0,0.9084608890116216,1.7667528009042144,7,12,2,1,0,0.9084608890116216,7.46665227971971,5.532434033229947
7358,Souleyman Doumbia,2021,Angers,ML,27,2248,0,1,0.9683768004179,1.9822372877970336,15,16,10,1,0,0.9683768004179,5.816879278048873,4.21057165786624
7358,Souleyman Doumbia,2020,Angers,DL,27,2222,0,1,0.5786763578653336,1.970107111148536,7,16,8,0,0,0.5786763578653336,6.8818131145089865,4.412730691023171
7358,Souleyman Doumbia,2019,Angers,DL,5,450,0,1,0.0,0.2308366242796182,0,4,2,0,0,0.0,0.746250981464982,0.6109258979558945
7358,Souleyman Doumbia,2019,Rennes,DL,1,90,0,0,0.0,0.0396635010838508,0,1,0,0,0,0.0,0.0396635010838508,0.0396635010838508
7358,Souleyman Doumbia,2018,Rennes,DL,7,613,0,0,0.0,0.0152848996222019,0,1,0,0,0,0.0,0.9728882983326912,0.9728882983326912
