player_id,player_name,season,team,position,games,time,goals,assists,xG,xA,shots,key_passes,yellow,red,npg,npxG,xGChain,xGBuildup
7831,Stefan Lainer,2024,Borussia M.Gladbach,Sub,21,720,1,0,0.5535152684897184,0.7025620490312576,4,9,2,0,1,0.5535152684897184,2.882321199402213,1.7727866303175688
7831,Stefan Lainer,2023,Borussia M.Gladbach,Sub,15,739,0,1,0.3713122233748436,0.6658202558755875,3,8,2,0,0,0.3713122233748436,2.527795072644949,1.812662582844496
7831,Stefan Lainer,2022,Borussia M.Gladbach,Sub,17,819,0,0,0.911996278911829,1.0357914343476295,6,8,2,0,0,0.911996278911829,4.927086777985096,3.378446452319622
7831,Stefan Lainer,2021,Borussia M.Gladbach,DR,21,1497,1,2,0.5220086015760899,2.555904906243086,10,13,2,0,1,0.5220086015760899,7.867721138522029,5.563105959445238
7831,Stefan Lainer,2020,Borussia M.Gladbach,DMR,33,2783,2,2,1.9452806999906895,3.743686866015196,25,37,2,0,2,1.9452806999906895,10.005759201943874,7.10742350295186
7831,Stefan Lainer,2019,Borussia M.Gladbach,DR,31,2717,1,3,1.9478805884718893,4.174466349184513,15,36,9,0,1,1.9478805884718893,15.139617467299104,12.12240009009838
