player_id,player_name,season,team,position,games,time,goals,assists,xG,xA,shots,key_passes,yellow,red,npg,npxG,xGChain,xGBuildup
8786,Stefan Ortega Moreno,2024,Manchester City,GK,13,1096,0,0,0,0.0,0,0,1,0,0,0,2.8627792466431856,2.8627792466431856
8786,Stefan Ortega Moreno,2023,Manchester City,GK,9,626,0,0,0,0.0,0,0,0,0,0,0,1.7157262079417706,1.7157262079417706
8786,Stefan Ortega Moreno,2022,Manchester City,GK,3,270,0,0,0,0.0,0,0,0,0,0,0,0.4219337403774261,0.4219337403774261
8786,Stefan Ortega Moreno,2021,Arminia Bielefeld,GK,33,2970,0,0,0,0.198719996958971,0,5,1,0,0,0,2.1753453044220805,2.048474506475032
8786,Stefan Ortega Moreno,2020,Arminia Bielefeld,GK,34,3060,0,1,0,0.2559500951319933,0,5,1,0,0,0,3.450949050486088,3.218182855285704
