player_id,player_name,season,team,position,games,time,goals,assists,xG,xA,shots,key_passes,yellow,red,npg,npxG,xGChain,xGBuildup
8101,Stefano Turati,2025,Sassuolo,GK,1,90,0,0,0,0,0,0,0,0,0,0,0.0071920319460332,0.0071920319460332
8101,Stefano Turati,2024,Monza,GK,30,2678,0,0,0,0,0,0,1,0,0,0,4.33682818338275,4.33682818338275
8101,Stefano Turati,2023,Frosinone,GK,31,2748,0,0,0,0,0,0,0,0,0,0,1.893377254717052,1.893377254717052
8101,Stefano Turati,2019,Sassuolo,GK,2,180,0,0,0,0,0,0,0,0,0,0,0.4919656962156296,0.4919656962156296
