player_id,player_name,season,team,position,games,time,goals,assists,xG,xA,shots,key_passes,yellow,red,npg,npxG,xGChain,xGBuildup
9227,Steffen Tigges,2023,FC Cologne,FW,25,684,3,0,3.279848057776689,1.5322761107236147,22,10,0,0,3,3.279848057776689,4.251582372933626,0.5208778474479914
9227,Steffen Tigges,2022,FC Cologne,FW,30,1595,6,1,5.619470227509737,2.0866267140954733,35,17,1,0,6,5.619470227509737,9.970635317265987,3.29516938328743
9227,Steffen Tigges,2021,Borussia Dortmund,Sub,9,90,3,0,0.99225658737123,0.5132499933242798,4,1,0,0,3,0.99225658737123,1.5985657759010792,0.1955177970230579
9227,Steffen Tigges,2020,Borussia Dortmund,Sub,6,40,0,0,0.2904390855692327,0.0245255008339881,4,1,0,0,0,0.2904390855692327,0.2782875983975827,0.0
