player_id,player_name,season,team,position,games,time,goals,assists,xG,xA,shots,key_passes,yellow,red,npg,npxG,xGChain,xGBuildup
7054,Steven Skrzybski,2024,Holstein Kiel,Sub,23,1313,5,3,3.263728693127632,3.969407096039504,32,21,0,0,5,3.263728693127632,9.242973761167375,4.136365515645593
7054,Steven Skrzybski,2020,Schalke 04,Sub,13,392,0,0,0.9617210309952496,0.1504611074924469,8,2,2,0,0,0.2039446048438549,0.5221204161643982,0.1793463043868541
7054,Steven Skrzybski,2019,Fortuna Duesseldorf,AMR,11,529,1,2,1.23697249032557,0.2998511977493763,14,6,0,0,1,1.23697249032557,1.5224795751273632,0.0800854992121458
7054,Steven Skrzybski,2018,Schalke 04,Sub,12,673,3,1,2.9246146455407143,1.1222229041159153,17,8,1,0,3,2.9246146455407143,5.557726468890905,2.667970046401024
