player_id,player_name,season,team,position,games,time,goals,assists,xG,xA,shots,key_passes,yellow,red,npg,npxG,xGChain,xGBuildup
458,Steve Cook,2022,Nottingham Forest,Sub,12,958,0,0,0.1638485975563526,0.7961927652359009,3,3,4,0,0,0.1638485975563526,0.6675907094031572,0.6675907094031572
458,Steve Cook,2019,Bournemouth,DC,29,2431,1,0,0.6190798981115222,0.6960187861695886,12,4,6,1,1,0.6190798981115222,3.9237448014318943,3.79790960624814
458,Steve Cook,2018,Bournemouth,DC,31,2788,1,1,1.461019229143858,1.145970832556486,21,11,3,0,1,1.461019229143858,6.203706539236009,5.4173038033768535
458,Steve Cook,2017,Bournemouth,DC,34,2761,2,1,1.360102791339159,1.0196236222982409,21,4,5,0,2,1.360102791339159,3.275392532348633,2.954977236688137
458,Steve Cook,2016,Bournemouth,DC,38,3420,2,0,1.654715915210545,0.4837766960263252,29,3,5,0,2,1.654715915210545,6.486318210139871,6.173630646429956
458,Steve Cook,2015,Bournemouth,DC,36,3199,4,0,2.054982926696539,0.914485789835453,25,6,5,0,4,2.054982926696539,4.234161352738738,4.040296068415046
