player_id,player_name,season,team,position,games,time,goals,assists,xG,xA,shots,key_passes,yellow,red,npg,npxG,xGChain,xGBuildup
6893,Stuart Armstrong,2022,Southampton,Sub,32,1408,2,1,2.106476968154311,2.606352062895894,23,18,6,0,2,2.106476968154311,6.877064095810056,2.4147079661488533
6893,Stuart Armstrong,2021,Southampton,Sub,25,1456,2,0,2.761914007365704,1.620189094915986,38,25,1,0,2,2.761914007365704,6.535929229110479,3.463350588455796
6893,Stuart Armstrong,2020,Southampton,MR,33,2791,4,5,2.6400083750486374,2.901357291266322,54,35,3,0,4,2.6400083750486374,10.028466776013374,6.737704178318381
6893,Stuart Armstrong,2019,Southampton,Sub,30,1711,5,3,3.114440331235528,2.009652117267251,46,18,4,0,5,3.114440331235528,7.972704950720072,3.8451911360025406
6893,Stuart Armstrong,2018,Southampton,AMC,29,1424,3,2,2.1171701848506927,1.6480889040976765,32,29,2,0,3,2.1171701848506927,6.378683723509312,3.5986439930275083
