player_id,player_name,season,team,position,games,time,goals,assists,xG,xA,shots,key_passes,yellow,red,npg,npxG,xGChain,xGBuildup
7799,Sven Michel,2023,Augsburg,FW,22,552,2,1,2.41439189016819,0.9980124924331903,14,12,2,0,1,0.898838497698307,1.8230030369013548,0.0929197650402784
7799,Sven Michel,2022,Union Berlin,Sub,21,444,3,1,1.4810891952365637,0.4516268298029899,16,7,2,0,2,0.7233122196048498,1.3788023237138989,0.2479215618222952
7799,Sven Michel,2021,Union Berlin,Sub,13,320,3,1,1.3760786028578875,1.1095850188285112,9,5,2,0,3,1.3760786028578875,2.9682284891605377,0.8217598125338554
7799,Sven Michel,2019,Paderborn,FW,29,1358,5,1,5.699808646924794,1.6490980200469494,42,20,7,0,5,5.699808646924794,8.141388983931392,2.485199217684567
