player_id,player_name,season,team,position,games,time,goals,assists,xG,xA,shots,key_passes,yellow,red,npg,npxG,xGChain,xGBuildup
7439,Tahith Chong,2023,Luton,MC,33,1978,4,0,3.5191842010244727,0.43756147287786,30,9,4,0,4,3.5191842010244727,5.8977455431595445,3.575332073494792
7439,Tahith Chong,2020,Werder Bremen,AMC,13,378,0,1,0.328814497217536,0.7071620263159275,9,6,1,0,0,0.328814497217536,1.3429810144007206,0.859144926071167
7439,Tahith Chong,2019,Manchester United,Sub,3,29,0,0,0.0718816965818405,0.0,1,0,0,0,0,0.0718816965818405,0.085999596863985,0.0141179002821445
7439,Tahith Chong,2018,Manchester United,Sub,2,35,0,0,0.2937690019607544,0.0,2,0,0,0,0,0.2937690019607544,0.4904190003871918,0.1966490000486374
