player_id,player_name,season,team,position,games,time,goals,assists,xG,xA,shots,key_passes,yellow,red,npg,npxG,xGChain,xGBuildup
7814,Taiwo Awoniyi,2025,Nottingham Forest,FW,1,47,0,0,0.0510065332055091,0.0628774762153625,1,1,0,0,0,0.0510065332055091,0.1138840094208717,0.0
7814,Taiwo Awoniyi,2024,Nottingham Forest,Sub,26,363,1,0,2.418665297329426,0.0885970722883939,10,2,0,0,1,2.418665297329426,2.95575431548059,0.4484919551759958
7814,Taiwo Awoniyi,2023,Nottingham Forest,Sub,20,1066,6,3,5.060870740562677,1.6294344998896122,22,10,2,0,6,5.060870740562677,6.060688458383083,1.5500111253932118
7814,Taiwo Awoniyi,2022,Nottingham Forest,Sub,27,1426,10,1,8.0510318800807,1.02802275121212,35,10,2,0,10,8.0510318800807,7.681166335940361,0.7168999258428812
7814,Taiwo Awoniyi,2021,Union Berlin,FW,31,2227,15,1,14.85024681314826,2.319056000560522,67,27,1,0,13,13.334689881652594,17.147334314882755,4.154074305668473
7814,Taiwo Awoniyi,2020,Union Berlin,FW,21,1376,5,2,6.514472082257271,1.2689972091466188,29,20,0,0,5,6.514472082257271,7.922865437343717,1.548149587586522
7814,Taiwo Awoniyi,2019,Mainz 05,Sub,12,461,1,0,2.81378585845232,0.6991350054740906,14,5,1,0,1,2.81378585845232,4.071490801870823,0.7432955969125032
