player_id,player_name,season,team,position,games,time,goals,assists,xG,xA,shots,key_passes,yellow,red,npg,npxG,xGChain,xGBuildup
7931,Takehiro Tomiyasu,2024,Arsenal,Sub,1,3,0,0,0.1668418496847152,0.0,1,0,0,0,0,0.1668418496847152,0.0,0.0
7931,Takehiro Tomiyasu,2023,Arsenal,Sub,22,1106,2,1,1.6189159248024223,0.5923872366547585,17,6,0,1,2,1.6189159248024223,3.8184002935886383,3.4134652838110924
7931,Takehiro Tomiyasu,2022,Arsenal,Sub,21,632,0,1,0.1446346025913953,0.6008766107261181,3,4,2,0,0,0.1446346025913953,2.292558498680592,2.1198897063732147
7931,Takehiro Tomiyasu,2021,Arsenal,DR,21,1688,0,1,0.3872380005195737,0.9992056842893362,11,12,2,0,0,0.3872380005195737,8.340697228908539,7.47922095656395
7931,Takehiro Tomiyasu,2021,Bologna,Sub,1,6,0,0,0.0,0.0820987969636917,0,1,0,0,0,0.0,0.0820987969636917,0.0820987969636917
7931,Takehiro Tomiyasu,2020,Bologna,DC,31,2721,2,0,2.285686256363988,0.4302975963801145,16,8,4,0,2,2.285686256363988,8.129145577549934,7.272032214328647
7931,Takehiro Tomiyasu,2019,Bologna,DR,29,2538,1,3,1.0880007734522223,1.6583876218646765,19,18,8,0,1,1.0880007734522223,8.02414703834802,6.780545285902917
