player_id,player_name,season,team,position,games,time,goals,assists,xG,xA,shots,key_passes,yellow,red,npg,npxG,xGChain,xGBuildup
8239,Takumi Minamino,2025,Monaco,AMC,8,497,2,2,1.744977742433548,1.176289051771164,8,3,1,0,2,1.744977742433548,3.5975254476070404,0.6895957440137863
8239,Takumi Minamino,2024,Monaco,MR,31,2269,6,3,9.756513360887766,6.754444919526577,56,40,4,0,6,9.756513360887766,22.925799012184143,7.210842279717326
8239,Takumi Minamino,2023,Monaco,AMC,30,2159,10,6,7.044541770592332,5.270321061834693,61,34,4,0,10,7.044541770592332,17.90679496154189,7.167916463688016
8239,Takumi Minamino,2022,Monaco,ML,18,724,1,3,2.5049427524209023,1.7491028010845184,22,10,2,0,1,2.5049427524209023,5.099047638475895,2.1437489576637745
8239,Takumi Minamino,2021,Liverpool,Sub,11,162,3,0,1.763352945446968,0.5603136941790581,7,2,1,0,3,1.763352945446968,2.6374892964959145,0.3138282969594002
8239,Takumi Minamino,2020,Southampton,ML,10,728,2,0,1.6592615246772766,0.810821782797575,13,5,1,0,2,1.6592615246772766,4.672861024737358,2.313303977251053
8239,Takumi Minamino,2020,Liverpool,Sub,9,276,1,0,1.265478752553463,0.0,7,0,0,0,1,1.265478752553463,1.869202110916376,0.6259782910346985
8239,Takumi Minamino,2019,Liverpool,Sub,10,233,0,0,0.8382361009716988,0.0161428991705179,8,1,0,0,0,0.8382361009716988,1.212131518870592,0.4311888106167316
