player_id,player_name,season,team,position,games,time,goals,assists,xG,xA,shots,key_passes,yellow,red,npg,npxG,xGChain,xGBuildup
6087,Takuma Asano,2025,Mallorca,AMR,5,269,1,0,0.5835999920964241,0.0,3,0,1,0,1,0.5835999920964241,0.6382756978273392,0.4914108011871576
6087,Takuma Asano,2024,Mallorca,FWR,21,1071,2,1,2.957052057608962,0.93105398863554,28,6,0,0,2,2.957052057608962,6.2074980661273,2.5558740701526403
6087,Takuma Asano,2023,Bochum,AMC,29,2048,6,1,9.964158710092306,1.63044754229486,63,21,2,0,6,9.964158710092306,9.919001955538988,2.151080192998052
6087,Takuma Asano,2022,Bochum,AMC,25,1742,3,2,6.078744154423475,2.3218653481453657,51,22,1,0,3,6.078744154423475,8.61979965120554,1.970587301068008
6087,Takuma Asano,2021,Bochum,FWR,27,1629,3,4,3.9566245628520846,2.298952300101518,33,20,1,0,3,3.9566245628520846,7.468266390264034,1.5511839278042316
6087,Takuma Asano,2018,Hannover 96,FW,13,707,0,0,1.3248417992144823,0.4295525103807449,13,2,0,0,0,1.3248417992144823,1.869839297607541,0.2570984959602356
6087,Takuma Asano,2017,VfB Stuttgart,MR,15,712,1,0,2.049574911594391,1.21784720569849,17,10,1,0,1,2.049574911594391,3.2034822255373,0.2117650005966425
