player_id,player_name,season,team,position,games,time,goals,assists,xG,xA,shots,key_passes,yellow,red,npg,npxG,xGChain,xGBuildup
702,Tammy Abraham,2024,AC Milan,Sub,28,1173,3,4,7.742781264707446,2.491778311319649,28,15,1,0,2,6.220183564350009,9.880658481270077,2.144726501777768
702,Tammy Abraham,2024,Roma,Sub,1,1,0,0,0.0,0.0,0,0,0,0,0,0.0,0.0186407677829265,0.0186407677829265
702,Tammy Abraham,2023,Roma,Sub,8,230,1,0,0.694375567138195,0.1508842362090945,4,3,1,0,1,0.694375567138195,0.4077750099822879,0.0144925015047192
702,Tammy Abraham,2022,Roma,FW,38,2199,8,3,12.646193861961365,4.972163491882384,61,33,2,0,8,12.646193861961365,14.22906332835555,1.6856992188841105
702,Tammy Abraham,2021,Roma,FW,37,3122,17,4,20.96668929792941,4.464711452834308,94,37,9,0,14,18.68278823234141,20.72292594239116,2.7717350060120225
702,Tammy Abraham,2020,Chelsea,FW,22,1027,6,1,6.1891482546925545,0.7214870899915695,32,9,0,0,6,6.1891482546925545,7.901167066767812,2.122331554070115
702,Tammy Abraham,2019,Chelsea,FW,34,2233,15,3,18.08280211687088,2.9130469039082527,88,21,2,0,15,18.08280211687088,19.84192240051925,1.5461503937840462
702,Tammy Abraham,2017,Swansea,FWR,31,1706,5,1,6.159964485093951,1.444298505783081,42,12,0,0,5,6.159964485093951,7.57333542779088,1.3030468244105575
702,Tammy Abraham,2015,Chelsea,Sub,2,51,0,0,0.1651079952716827,0.0,2,0,0,0,0,0.1651079952716827,0.1651079952716827,0.0
