player_id,player_name,season,team,position,games,time,goals,assists,xG,xA,shots,key_passes,yellow,red,npg,npxG,xGChain,xGBuildup
9885,Tanner Tessmann,2025,Lyon,DMC,8,639,1,0,1.2560622803866863,0.950508899986744,13,5,0,0,1,1.2560622803866863,6.708614479750395,5.404342028312385
9885,Tanner Tessmann,2024,Lyon,Sub,25,1218,1,0,1.1945595405995846,0.7345803249627352,18,7,3,0,1,1.1945595405995846,6.685452917590737,5.700867963954806
9885,Tanner Tessmann,2021,Venezia,Sub,20,652,0,0,0.5620827917009592,0.2254335042089224,8,5,1,1,0,0.5620827917009592,1.0263835098594427,0.5720698572695255
