player_id,player_name,season,team,position,games,time,goals,assists,xG,xA,shots,key_passes,yellow,red,npg,npxG,xGChain,xGBuildup
9929,Théo Le Bris,2025,Lorient,Sub,7,390,2,1,0.969673449639231,0.4979898780584335,6,5,0,0,2,0.969673449639231,1.831768746022135,0.8126438409090042
9929,Théo Le Bris,2023,Lorient,ML,26,1498,0,2,1.003899421542883,1.312765806913376,13,13,2,0,0,1.003899421542883,5.161802479997277,3.0794665943831205
9929,Théo Le Bris,2022,Lorient,Sub,27,1453,2,2,1.203011091798544,0.9853778360411524,10,14,0,0,2,1.203011091798544,3.7392540825530887,2.3191452277824283
9929,Théo Le Bris,2021,Lorient,Sub,4,57,0,0,0.0,0.0,0,0,0,0,0,0.0,0.0118076000362634,0.0118076000362634
