player_id,player_name,season,team,position,games,time,goals,assists,xG,xA,shots,key_passes,yellow,red,npg,npxG,xGChain,xGBuildup
10906,Thórir Helgason,2025,Lecce,Sub,2,29,0,0,0.1546875089406967,0.0518675670027732,1,1,0,0,0,0.1546875089406967,0.2058380506932735,0.0511505398899316
10906,Thórir Helgason,2024,Lecce,Sub,21,1156,0,4,1.3021719567477703,0.9663341771811248,16,22,0,0,0,1.3021719567477703,2.938693890348077,1.4568527415394783
10906,Thórir Helgason,2022,Lecce,Sub,12,200,0,0,0.0525697795674204,0.5119712520390749,2,4,0,0,0,0.0525697795674204,0.1699342830106616,0.1628697030246257
