player_id,player_name,season,team,position,games,time,goals,assists,xG,xA,shots,key_passes,yellow,red,npg,npxG,xGChain,xGBuildup
13358,Thiago Almada,2025,Atletico Madrid,AML,4,244,1,0,0.8058495447039604,0.5146486163139343,4,4,0,0,1,0.8058495447039604,2.3396006375551224,1.03367617726326
13358,Thiago Almada,2024,Lyon,Sub,16,934,1,4,1.9897623993456364,2.407982617616653,23,22,3,0,1,1.9897623993456364,9.874508246779442,7.28525160998106
