player_id,player_name,season,team,position,games,time,goals,assists,xG,xA,shots,key_passes,yellow,red,npg,npxG,xGChain,xGBuildup
8647,Thibault De Smet,2025,Paris FC,DL,6,417,0,0,0.1370316911488771,0.0364340208470821,2,1,0,0,0,0.1370316911488771,1.6538501009345057,1.5969182178378103
8647,Thibault De Smet,2024,Reims,Sub,5,181,0,0,0.1091358661651611,0.0,1,0,0,0,0,0.1091358661651611,0.2354586198925972,0.2354586198925972
8647,Thibault De Smet,2023,Reims,Sub,27,1852,0,0,0.1750782243907451,0.7101392019540071,4,14,7,1,0,0.1750782243907451,5.10480585321784,4.743182646110654
8647,Thibault De Smet,2022,Reims,DL,22,1767,0,1,0.0,1.1664715483784676,0,11,2,0,0,0.0,6.427227809093893,5.667203198187053
8647,Thibault De Smet,2020,Reims,DL,8,500,0,0,0.0,0.1845104023814201,0,4,3,0,0,0.0,0.8964887894690037,0.7950645061209798
