player_id,player_name,season,team,position,games,time,goals,assists,xG,xA,shots,key_passes,yellow,red,npg,npxG,xGChain,xGBuildup
12916,Thierno Barry,2025,Everton,Sub,8,217,0,0,0.6798037737607956,0.0139465760439634,4,1,0,0,0,0.6798037737607956,1.1575448494404554,1.018334537744522
12916,Thierno Barry,2024,Villarreal,Sub,35,2322,11,4,15.059573616832497,3.666274566203356,73,24,4,0,10,14.316296067088842,19.066308550536636,4.0202120169997215
