player_id,player_name,season,team,position,games,time,goals,assists,xG,xA,shots,key_passes,yellow,red,npg,npxG,xGChain,xGBuildup
8058,Thierry Correia,2025,Valencia,Sub,4,207,0,0,0.0150191895663738,0.0343992672860622,1,1,0,0,0,0.0150191895663738,0.6242482401430607,0.5898489728569984
8058,Thierry Correia,2024,Valencia,DR,11,782,0,0,0.5705060213804245,0.2970562316477299,7,5,1,0,0,0.5705060213804245,2.8547055907547474,2.229785397648812
8058,Thierry Correia,2023,Valencia,DR,31,2180,0,2,0.8264532443135977,2.285063786432147,5,18,4,1,0,0.8264532443135977,8.928189212456346,7.467619983479381
8058,Thierry Correia,2022,Valencia,DR,27,2032,0,0,0.2858555009588599,1.2046468276530504,6,15,5,0,0,0.2858555009588599,6.855276469141245,6.060521706938744
8058,Thierry Correia,2021,Valencia,DR,19,1441,0,1,0.3782728062942624,1.1281057875603435,3,8,5,0,0,0.3782728062942624,4.372700920328498,2.970443120226264
8058,Thierry Correia,2020,Valencia,Sub,29,2144,1,1,0.3595939017832279,1.1651449976488948,8,18,4,1,1,0.3595939017832279,5.049726083874703,3.917215147987008
8058,Thierry Correia,2019,Valencia,DR,4,257,0,0,0.0167158003896474,0.1408310979604721,1,2,0,0,0,0.0167158003896474,1.4496000837534666,1.350903106853366
