player_id,player_name,season,team,position,games,time,goals,assists,xG,xA,shots,key_passes,yellow,red,npg,npxG,xGChain,xGBuildup
3751,Thomas Henry,2023,Verona,Sub,18,287,3,0,3.1893111262470484,0.088482798077166,14,3,2,2,3,2.428012298420072,2.4909921092912555,0.3665539622306824
3751,Thomas Henry,2022,Verona,FW,16,1047,2,0,2.1148635437712078,1.166583752259612,18,13,4,0,2,2.1148635437712078,4.558824530802667,1.7198138618841767
3751,Thomas Henry,2021,Venezia,FW,33,2138,9,3,7.637231107801199,2.638835303485393,51,20,4,1,9,7.637231107801199,8.767545774579048,0.9426808916032314
3751,Thomas Henry,2015,Nantes,Sub,2,25,0,0,0.0,0.0,0,0,1,0,0,0.0,0.0,0.0
