player_id,player_name,season,team,position,games,time,goals,assists,xG,xA,shots,key_passes,yellow,red,npg,npxG,xGChain,xGBuildup
3490,Thomas Mangani,2022,Ajaccio,MC,26,1308,1,1,1.812545582652092,1.539126643911004,11,27,4,1,0,0.2923552831634879,2.0850162971764803,1.880623493343592
3490,Thomas Mangani,2021,Angers,MC,33,2196,7,2,5.437244972214103,1.3420683974400165,17,29,6,0,1,0.8768744934350252,5.547455945983529,5.131336934864521
3490,Thomas Mangani,2020,Angers,MC,35,2725,3,3,3.0928651317954063,2.8241952303797007,24,43,3,0,0,0.8128448538482189,8.389177832752466,6.752797408029437
3490,Thomas Mangani,2019,Angers,MC,24,1876,2,2,1.6708717877045274,3.0118885785341263,29,49,0,0,2,1.6708717877045274,6.04861409496516,3.788013339042664
3490,Thomas Mangani,2018,Angers,DMC,29,1598,3,0,3.8164113024249673,2.3447742834687237,21,34,2,1,0,0.7760303029790521,3.600154428742826,1.8649462135508657
3490,Thomas Mangani,2017,Angers,MC,35,3032,2,6,3.497477162629366,6.229535223916173,37,63,7,0,1,2.737382162362337,12.122184701263905,7.294237589463592
3490,Thomas Mangani,2016,Angers,MC,34,2860,3,8,4.123672321438789,8.352964811958373,39,98,3,0,1,2.603482320904732,12.98464672267437,8.428922875784338
3490,Thomas Mangani,2015,Angers,AMC,33,2514,5,4,5.798409854993224,4.920270435512066,33,60,5,1,2,1.9979397486895325,6.087404914200306,3.3686428535729647
3490,Thomas Mangani,2014,Chievo,MC,1,47,0,0,0.0,0.0,0,0,1,0,0,0.0,0.0091131804510951,0.0091131804510951
