player_id,player_name,season,team,position,games,time,goals,assists,xG,xA,shots,key_passes,yellow,red,npg,npxG,xGChain,xGBuildup
8922,Thomas Ouwejan,2022,Schalke 04,DL,17,897,0,1,0.1202574018388986,1.0852834060788157,5,18,1,0,0,0.1202574018388986,2.153340104967356,1.7265265863388777
8922,Thomas Ouwejan,2020,Udinese,Sub,15,396,0,2,0.1375488983467221,1.4767006197944283,6,10,0,0,0,0.1375488983467221,1.788974612951279,1.446834814734757
