player_id,player_name,season,team,position,games,time,goals,assists,xG,xA,shots,key_passes,yellow,red,npg,npxG,xGChain,xGBuildup
13396,Tiago Gabriel,2025,Lecce,DC,7,550,1,0,0.953274630010128,0,5,0,1,0,1,0.953274630010128,0.6238088458776474,0.6238088458776474
13396,Tiago Gabriel,2024,Lecce,Sub,2,92,0,0,0.0,0,0,0,0,0,0,0.0,0.0453136339783668,0.0453136339783668
