player_id,player_name,season,team,position,games,time,goals,assists,xG,xA,shots,key_passes,yellow,red,npg,npxG,xGChain,xGBuildup
7184,Tim Ream,2023,Fulham,DC,18,1513,1,0,0.960849940776825,0.0,1,0,2,1,1,0.960849940776825,4.037653112784028,4.037653112784028
7184,Tim Ream,2022,Fulham,DC,33,2900,1,0,0.4944004062563181,0.0717986021190881,3,3,2,0,1,0.4944004062563181,6.860465005040169,6.813478998839855
7184,Tim Ream,2020,Fulham,DC,7,630,0,0,0.0,0.0,0,0,0,0,0,0.0,0.8088045045733452,0.8088045045733452
7184,Tim Ream,2018,Fulham,DC,26,2057,0,0,0.0195435993373394,0.2394211962819099,1,3,1,0,0,0.0195435993373394,2.7600171994417906,2.5205960031598806
