player_id,player_name,season,team,position,games,time,goals,assists,xG,xA,shots,key_passes,yellow,red,npg,npxG,xGChain,xGBuildup
6142,Tim Kleindienst,2024,Borussia M.Gladbach,FW,31,2756,16,7,15.641376122832298,6.164368532598019,75,28,3,1,15,14.125822767615318,22.16408023238182,5.898254873231053
6142,Tim Kleindienst,2023,FC Heidenheim,FW,33,2892,12,3,16.78191621415317,2.5056460234336555,83,27,6,0,10,15.2663627397269,15.012215526308864,3.2841085717082024
6142,Tim Kleindienst,2018,Freiburg,Sub,4,198,0,0,0.6907774973660707,0.0855600014328956,5,1,0,0,0,0.6907774973660707,0.2183295972645282,0.0388390999287366
6142,Tim Kleindienst,2017,Freiburg,FW,22,1130,2,3,3.5704245865345,2.1720297019928694,44,9,2,0,2,3.5704245865345,4.155070763081312,0.5308601129800081
