player_id,player_name,season,team,position,games,time,goals,assists,xG,xA,shots,key_passes,yellow,red,npg,npxG,xGChain,xGBuildup
10862,Tim Oermann,2024,Bochum,Sub,28,2125,0,2,0.1584799885749817,0.6627056673169136,9,7,0,0,0,0.1584799885749817,4.387439666315913,3.703292796388269
10862,Tim Oermann,2023,Bochum,Sub,16,722,0,0,0.1127656446769833,0.4802052900195122,5,4,2,0,0,0.1127656446769833,0.9638971257954836,0.4773730952292681
10862,Tim Oermann,2022,Bochum,DC,4,191,0,0,0.0,0.0,0,0,0,0,0,0.0,0.0,0.0
