player_id,player_name,season,team,position,games,time,goals,assists,xG,xA,shots,key_passes,yellow,red,npg,npxG,xGChain,xGBuildup
6403,Timo Hübers,2025,FC Cologne,DC,7,591,0,0,0.0,0.0,0,0,0,0,0,0.0,2.0205610003322363,2.0205610003322363
6403,Timo Hübers,2023,FC Cologne,DC,31,2782,0,0,1.9536213167011736,0.5741186980158091,22,6,6,0,0,1.9536213167011736,5.162680794484913,4.701751452870667
6403,Timo Hübers,2022,FC Cologne,DC,29,2555,3,0,1.793745718896389,0.108840798959136,15,2,8,0,3,1.793745718896389,7.382432838901877,7.347853546962142
6403,Timo Hübers,2021,FC Cologne,DC,20,1746,1,0,1.8176306085661051,0.0,9,0,7,0,1,1.8176306085661051,3.30898773111403,3.30898773111403
6403,Timo Hübers,2017,Hannover 96,DC,5,450,0,1,0.1225742008537054,0.3190420065075159,4,4,2,0,0,0.1225742008537054,1.2457274217158556,1.0563406143337488
