player_id,player_name,season,team,position,games,time,goals,assists,xG,xA,shots,key_passes,yellow,red,npg,npxG,xGChain,xGBuildup
8701,Timothee Pembele,2024,Le Havre,DC,20,1099,1,0,1.1886742673814297,0.0972016714513301,8,3,3,0,1,1.1886742673814297,3.378208953887224,2.296531153842807
8701,Timothee Pembele,2022,Paris Saint Germain,DMR,5,275,0,1,0.264719009399414,0.199104692786932,3,2,0,0,0,0.264719009399414,0.739122711122036,0.2752982079982757
8701,Timothee Pembele,2021,Bordeaux,Sub,26,1416,1,1,1.394147491082549,2.9050029516220093,18,14,3,0,1,1.394147491082549,5.151114884763956,2.374386578798294
8701,Timothee Pembele,2020,Paris Saint Germain,DC,6,379,1,0,0.7890267744660378,0.1139396987855434,4,2,1,0,1,0.7890267744660378,1.6142199635505676,0.9298177883028984
