player_id,player_name,season,team,position,games,time,goals,assists,xG,xA,shots,key_passes,yellow,red,npg,npxG,xGChain,xGBuildup
71,Timo Baumgartl,2022,Union Berlin,DC,8,556,0,1,0.1534512005746364,0.1087887808680534,4,3,2,0,0,0.1534512005746364,1.5625516418367624,1.3962008450180292
71,Timo Baumgartl,2021,Union Berlin,DC,25,2169,1,2,1.76564871519804,1.3793817153200507,13,8,5,0,1,1.76564871519804,5.547213569283485,5.156827509403229
71,Timo Baumgartl,2018,VfB Stuttgart,DC,18,1620,1,0,0.2185275983065366,0.1227176394313573,5,5,2,0,1,0.2185275983065366,3.459077769890428,3.3363607423380017
71,Timo Baumgartl,2017,VfB Stuttgart,DC,29,2610,0,0,0.3819963978603482,0.2361682998016476,7,7,4,0,0,0.3819963978603482,3.036411738023162,2.763995027169585
71,Timo Baumgartl,2015,VfB Stuttgart,DC,19,1547,0,0,1.1966309128329158,0.0,7,0,3,0,0,1.1966309128329158,3.2848660685122013,2.491904053837061
71,Timo Baumgartl,2014,VfB Stuttgart,Sub,20,1646,0,0,0.6159206815063953,0.6395853981375694,4,2,1,0,0,0.6159206815063953,1.585881787352264,1.585881787352264
