player_id,player_name,season,team,position,games,time,goals,assists,xG,xA,shots,key_passes,yellow,red,npg,npxG,xGChain,xGBuildup
9,Tobias Kempe,2023,Darmstadt,Sub,24,1352,3,2,3.4581127744168043,2.227647320367396,21,28,1,0,0,1.1847827080637217,4.2387461783364415,2.438204400241375
9,Tobias Kempe,2015,Darmstadt,Sub,31,1263,0,3,1.5520326970145106,2.9050873438827693,30,30,0,0,0,1.5520326970145106,4.155971409752965,2.1787559278309345
