player_id,player_name,season,team,position,games,time,goals,assists,xG,xA,shots,key_passes,yellow,red,npg,npxG,xGChain,xGBuildup
258,Tolga Cigerci,2022,Hertha Berlin,Sub,11,696,0,1,0.1927287895232439,0.2375660054385662,9,5,2,0,0,0.1927287895232439,1.1408729124814272,0.9637418240308762
258,Tolga Cigerci,2015,Hertha Berlin,DMC,18,1041,0,2,1.3482666052877903,1.410845011472702,25,10,2,0,0,1.3482666052877903,4.038333598524332,2.073361910879612
258,Tolga Cigerci,2014,Hertha Berlin,Sub,2,76,0,0,0.0203751996159553,0.0192328002303838,1,1,0,0,0,0.0203751996159553,0.1131969969719648,0.0735889971256256
