player_id,player_name,season,team,position,games,time,goals,assists,xG,xA,shots,key_passes,yellow,red,npg,npxG,xGChain,xGBuildup
6835,Tom Cairney,2025,Fulham,Sub,5,177,0,0,0.2342386394739151,0.0414549373090267,5,1,1,0,0,0.2342386394739151,0.8213228955864906,0.6838863864541054
6835,Tom Cairney,2024,Fulham,Sub,25,568,2,0,0.7964487187564373,1.6266533425077796,11,10,3,1,2,0.7964487187564373,6.079954030923545,5.425033033825457
6835,Tom Cairney,2023,Fulham,MC,34,1427,1,4,1.009905599988997,3.1143901832401752,17,25,3,0,1,1.009905599988997,9.088703569956124,7.377049610950053
6835,Tom Cairney,2022,Fulham,Sub,33,929,2,0,1.549193875864148,1.6246961504220965,21,12,2,0,2,1.549193875864148,5.840297954156995,3.505937293171882
6835,Tom Cairney,2020,Fulham,DMC,10,762,1,1,0.5839640917256474,0.9888519793748856,12,17,2,0,1,0.5839640917256474,3.385561529546976,2.849907993339002
6835,Tom Cairney,2018,Fulham,MC,31,2207,1,1,1.145194413140416,3.003989930264652,24,40,0,0,1,1.145194413140416,8.619476376101375,6.14206922147423
