player_id,player_name,season,team,position,games,time,goals,assists,xG,xA,shots,key_passes,yellow,red,npg,npxG,xGChain,xGBuildup
10289,Tom Bischof,2025,Bayern Munich,Sub,5,118,0,1,0.3037449568510055,0.5044256113469601,4,4,0,0,0,0.3037449568510055,1.4439183622598648,0.7581702396273613
10289,Tom Bischof,2024,Hoffenheim,Sub,31,2593,5,2,2.185795512981713,4.426293452270329,51,49,5,0,5,2.185795512981713,11.751291548833253,8.606690591201186
10289,Tom Bischof,2023,Hoffenheim,Sub,13,141,0,2,0.1920338720083236,0.722013883292675,5,5,0,0,0,0.1920338720083236,0.794271819293499,0.4643583446741104
10289,Tom Bischof,2022,Hoffenheim,Sub,11,306,0,0,0.9362808931618928,1.1524579226970673,7,5,0,0,0,0.9362808931618928,2.284682849422097,0.3431813418865204
10289,Tom Bischof,2021,Hoffenheim,Sub,1,11,0,0,0.0,0.0,0,0,0,0,0,0.0,0.0,0.0
