player_id,player_name,season,team,position,games,time,goals,assists,xG,xA,shots,key_passes,yellow,red,npg,npxG,xGChain,xGBuildup
11846,Tomás Cvancara,2024,Borussia M.Gladbach,Sub,28,787,2,0,4.362291850149632,0.7786419615149498,24,6,3,1,2,4.362291850149632,5.480261135846376,1.0503884851932526
11846,Tomás Cvancara,2023,Borussia M.Gladbach,FW,21,869,4,1,6.688829250633717,1.123583059757948,36,7,4,0,3,5.173275910317898,6.333817396312952,0.9938469901680946
