player_id,player_name,season,team,position,games,time,goals,assists,xG,xA,shots,key_passes,yellow,red,npg,npxG,xGChain,xGBuildup
6902,Toma Basic,2025,Lazio,DMC,3,229,0,1,0.1047925949096679,0.3696148693561554,4,1,0,0,0,0.1047925949096679,0.8321799486875534,0.4280030447989702
6902,Toma Basic,2023,Salernitana,MC,15,1172,0,0,0.444509937427938,0.4180284962058067,12,16,5,0,0,0.444509937427938,2.664844237267971,2.298974396660924
6902,Toma Basic,2022,Lazio,MC,25,458,1,0,1.3812793558463454,0.3819729760289192,11,8,2,0,1,1.3812793558463454,1.81150477938354,0.5725897885859013
6902,Toma Basic,2021,Lazio,Sub,29,953,0,2,1.5776849826797843,1.048076719045639,16,6,3,0,0,1.5776849826797843,4.117382510565221,2.073049093596637
6902,Toma Basic,2021,Bordeaux,DMC,3,217,0,1,0.0698777008801698,0.3002593070268631,2,5,0,0,0,0.0698777008801698,0.2521367967128753,0.0858386978507042
6902,Toma Basic,2020,Bordeaux,MC,34,2614,4,1,4.137580655515194,1.6794919157400727,45,25,7,0,4,4.137580655515194,7.065873179584742,4.512381052598357
6902,Toma Basic,2019,Bordeaux,Sub,15,999,1,3,1.0136520098894837,3.218557506799698,17,23,4,0,1,1.0136520098894837,1.896384768188,0.6174884010106325
6902,Toma Basic,2018,Bordeaux,Sub,23,1326,2,0,1.6093287086114287,2.2513079289346933,20,21,3,0,2,1.6093287086114287,3.4736305978149176,1.657603921368718
