player_id,player_name,season,team,position,games,time,goals,assists,xG,xA,shots,key_passes,yellow,red,npg,npxG,xGChain,xGBuildup
6292,Tomas Koubek,2023,Augsburg,GK,3,270,0,0,0,0.0,0,0,0,0,0,0,0.3146742433309555,0.3146742433309555
6292,Tomas Koubek,2022,Augsburg,GK,11,990,0,0,0,0.0,0,0,0,0,0,0,0.6914921347051859,0.6914921347051859
6292,Tomas Koubek,2019,Augsburg,GK,24,2160,0,0,0,0.0299041997641325,0,1,2,0,0,0,2.561487957835197,2.531583758071065
6292,Tomas Koubek,2018,Rennes,GK,33,2923,0,0,0,0.0191543996334075,0,1,1,0,0,0,2.6116495123133063,2.5924951126798987
6292,Tomas Koubek,2017,Rennes,GK,34,3060,0,0,0,0.0,0,0,0,0,0,0,2.020144938491285,2.020144938491285
