player_id,player_name,season,team,position,games,time,goals,assists,xG,xA,shots,key_passes,yellow,red,npg,npxG,xGChain,xGBuildup
8288,Tomas Soucek,2025,West Ham,Sub,5,322,0,0,0.2247637435793876,0.0290671605616807,5,1,0,1,0,0.2247637435793876,0.968081183731556,0.7315283305943012
8288,Tomas Soucek,2024,West Ham,MC,35,2586,9,1,8.068854354321957,0.947371281683445,55,14,8,0,9,8.068854354321957,13.590047078207135,5.360286621376872
8288,Tomas Soucek,2023,West Ham,DMC,37,2885,7,2,7.466816443949938,2.1494441609829664,42,20,7,0,7,7.466816443949938,12.123065176419914,6.039048316888511
8288,Tomas Soucek,2022,West Ham,DMC,36,2839,2,3,3.82576912175864,1.9310189355164769,34,15,3,0,2,3.82576912175864,8.626211040653288,5.910706527531147
8288,Tomas Soucek,2021,West Ham,DMC,35,3062,5,1,5.503859954886138,2.1671802196651697,44,21,3,0,5,5.503859954886138,9.545725675299764,5.433625217527151
8288,Tomas Soucek,2020,West Ham,DMC,38,3420,10,1,8.98297917842865,2.444754745811224,64,18,7,1,10,8.98297917842865,16.998424904420972,8.716955738142133
8288,Tomas Soucek,2019,West Ham,MC,13,1042,3,0,2.418373892083764,0.3432556027546525,20,5,0,0,3,2.418373892083764,3.8731955541297793,2.1858298731967807
