player_id,player_name,season,team,position,games,time,goals,assists,xG,xA,shots,key_passes,yellow,red,npg,npxG,xGChain,xGBuildup
8496,Tommy Doyle,2024,Wolverhampton Wanderers,Sub,24,431,0,1,0.3624565312638879,0.3475889293476939,9,7,1,0,0,0.3624565312638879,2.1030837008729577,1.6141937281936407
8496,Tommy Doyle,2023,Wolverhampton Wanderers,Sub,26,1175,0,0,0.4136425852775574,0.6756884949281812,14,8,2,0,0,0.4136425852775574,4.574842236936092,4.24587644636631
8496,Tommy Doyle,2019,Manchester City,Sub,1,13,0,0,0.0776005014777183,0.0,1,0,0,0,0,0.0776005014777183,0.0776005014777183,0.0
