player_id,player_name,season,team,position,games,time,goals,assists,xG,xA,shots,key_passes,yellow,red,npg,npxG,xGChain,xGBuildup
6919,Toni Villa,2023,Girona,Sub,2,8,0,0,0.0255176350474357,0.0,1,0,0,0,0,0.0255176350474357,0.0255176350474357,0.0
6919,Toni Villa,2022,Girona,Sub,24,885,1,3,0.9882051516324282,1.4199504032731056,17,14,2,0,1,0.9882051516324282,6.731224741786718,4.782840562984347
6919,Toni Villa,2022,Real Valladolid,ML,2,90,0,0,0.0,0.0128388004377484,0,1,0,0,0,0.0,0.0717763006687164,0.0589375011622905
6919,Toni Villa,2020,Real Valladolid,FW,21,961,2,0,0.792506193742156,1.0350760202854872,15,13,2,0,2,0.792506193742156,3.1563077736645937,1.8611063864082096
6919,Toni Villa,2019,Real Valladolid,Sub,23,1381,0,1,1.0911893881857395,1.6831789016723633,19,11,4,0,0,1.0911893881857395,3.8542639929801226,1.3053080011159182
6919,Toni Villa,2018,Real Valladolid,AML,26,1783,2,2,1.941327470354736,2.6932565877214074,35,24,3,0,2,1.941327470354736,6.476711839437485,3.3441330436617136
