player_id,player_name,season,team,position,games,time,goals,assists,xG,xA,shots,key_passes,yellow,red,npg,npxG,xGChain,xGBuildup
6615,Trevoh Chalobah,2025,Chelsea,DC,7,580,2,0,1.17244878038764,0.1219667047262191,8,2,1,1,2,1.17244878038764,2.4654477313160896,2.349044151604176
6615,Trevoh Chalobah,2024,Crystal Palace,DC,12,1073,3,0,1.7686007991433144,0.8455903567373753,11,4,1,0,3,1.7686007991433144,3.0016904920339584,2.4729873836040497
6615,Trevoh Chalobah,2024,Chelsea,DC,13,910,0,1,0.7798374388366938,1.3063816148787737,7,4,2,0,0,0.7798374388366938,3.111036829650402,3.052821956574917
6615,Trevoh Chalobah,2023,Chelsea,Sub,13,944,1,0,0.3591152802109718,0.0749409683048725,2,2,1,0,1,0.3591152802109718,4.417237082496285,4.417237082496285
6615,Trevoh Chalobah,2022,Chelsea,DC,25,1598,0,0,0.7949223592877388,0.1997714750468731,9,4,4,0,0,0.7949223592877388,7.1020578518509865,7.018729008734226
6615,Trevoh Chalobah,2021,Chelsea,DC,20,1459,3,1,1.1775850867852569,0.26596400141716,9,4,2,0,3,1.1775850867852569,7.682923499494791,7.4314879067242146
6615,Trevoh Chalobah,2020,Lorient,Sub,29,2239,2,2,2.3505295999348164,0.7462743204087019,14,8,5,0,2,2.3505295999348164,6.2536472817882895,5.526634823530912
