player_id,player_name,season,team,position,games,time,goals,assists,xG,xA,shots,key_passes,yellow,red,npg,npxG,xGChain,xGBuildup
7524,Tuta,2024,Eintracht Frankfurt,DC,30,2281,2,1,1.848554100841284,0.4717372804880142,12,5,8,0,2,1.848554100841284,9.006036313250661,8.54725087992847
7524,Tuta,2023,Eintracht Frankfurt,DC,30,2617,1,2,1.6428968962281942,2.177085487172008,18,12,1,2,1,1.6428968962281942,8.827466882765293,6.959281526505947
7524,Tuta,2022,Eintracht Frankfurt,DC,31,2717,2,1,2.1293888464570045,0.7720028860494494,17,5,8,0,2,2.1293888464570045,10.755547817796469,9.43330561183393
7524,Tuta,2021,Eintracht Frankfurt,DC,26,2197,4,0,2.7060751542449,0.1449834015220403,15,4,2,1,4,2.7060751542449,3.5845465920865536,3.426265887916088
7524,Tuta,2020,Eintracht Frankfurt,Sub,19,1458,0,0,0.1601960975676775,0.2054970022290945,4,4,5,0,0,0.1601960975676775,4.022965032607317,3.9651259388774633
