player_id,player_name,season,team,position,games,time,goals,assists,xG,xA,shots,key_passes,yellow,red,npg,npxG,xGChain,xGBuildup
7352,Tyler Adams,2025,Bournemouth,DMC,8,705,0,0,0.1894892938435077,0.0353313945233821,6,1,4,0,0,0.1894892938435077,2.865612585097552,2.763090390712023
7352,Tyler Adams,2024,Bournemouth,Sub,28,1965,0,3,1.4070341289043429,1.5068945437669754,9,18,7,0,0,1.4070341289043429,7.6065224930644035,5.169210600666702
7352,Tyler Adams,2023,Bournemouth,Sub,3,111,0,0,0.0,0.0976069122552871,0,1,0,0,0,0.0,0.5493647493422031,0.4517578370869159
7352,Tyler Adams,2022,Leeds,DMC,24,2159,0,0,0.0683434996753931,1.370405713096261,4,24,4,1,0,0.0683434996753931,6.9535529762506485,5.69552486948669
7352,Tyler Adams,2021,RasenBallsport Leipzig,DMC,24,1334,0,1,0.1287791971117258,0.4541254118084907,2,7,5,0,0,0.1287791971117258,6.526537517085671,5.961885208263993
7352,Tyler Adams,2020,RasenBallsport Leipzig,MC,27,1852,1,1,1.3859658017754557,0.8873330187052488,7,14,3,0,1,1.3859658017754557,8.371892359107733,6.737106043845415
7352,Tyler Adams,2019,RasenBallsport Leipzig,DR,14,955,0,0,0.3667478933930397,0.6637948155403137,7,7,0,0,0,0.3667478933930397,4.395739044994116,3.7200320176780224
7352,Tyler Adams,2018,RasenBallsport Leipzig,MC,10,724,0,2,0.0632618013769388,1.0548764187842607,2,5,0,0,0,0.0632618013769388,3.944855034351349,3.3885050117969517
