player_id,player_name,season,team,position,games,time,goals,assists,xG,xA,shots,key_passes,yellow,red,npg,npxG,xGChain,xGBuildup
12573,Tyrique George,2025,Chelsea,Sub,3,136,0,0,0.4901871606707573,0.0,2,0,2,0,0,0.4901871606707573,0.192907802760601,0.1594291031360626
12573,Tyrique George,2024,Chelsea,Sub,8,162,1,1,0.3738933689892292,1.0261513106524944,3,6,1,0,1,0.3738933689892292,1.885858304798603,0.5690330639481544
