player_id,player_name,season,team,position,games,time,goals,assists,xG,xA,shots,key_passes,yellow,red,npg,npxG,xGChain,xGBuildup
9877,Tyronne Ebuehi,2024,Empoli,Sub,4,64,0,0,0.0,0.0,0,0,0,0,0,0.0,0.3135741949081421,0.3135741949081421
9877,Tyronne Ebuehi,2023,Empoli,DR,15,1093,0,1,0.2627561595290899,0.5964694246649742,5,11,0,0,0,0.2627561595290899,2.2221295442432165,1.6675625070929527
9877,Tyronne Ebuehi,2022,Empoli,Sub,26,1942,2,4,3.1933015547692776,1.993508921004832,19,12,0,0,2,3.1933015547692776,4.917498379014432,3.341418521478772
9877,Tyronne Ebuehi,2021,Venezia,DR,19,1139,0,0,0.4408076964318752,0.5406170971691608,7,5,1,1,0,0.4408076964318752,2.6024926863610744,1.7319371812045574
