player_id,player_name,season,team,position,games,time,goals,assists,xG,xA,shots,key_passes,yellow,red,npg,npxG,xGChain,xGBuildup
5141,Unai García,2024,Osasuna,Sub,3,67,0,0,0.0,0.0,0,0,0,0,0,0.0,0.0,0.0
5141,Unai García,2023,Osasuna,DC,9,558,1,0,0.0831124559044838,0.0066396472975611,2,1,3,1,1,0.0831124559044838,1.044558867812157,1.044558867812157
5141,Unai García,2022,Osasuna,DC,21,1729,0,1,0.2141022589057684,0.094149800017476,5,3,6,1,0,0.2141022589057684,3.433698173612356,3.325839877128601
5141,Unai García,2021,Osasuna,DC,18,1402,0,0,0.3105439059436321,0.0786875002086162,7,3,5,0,0,0.3105439059436321,0.4576648045331239,0.4232889078557491
5141,Unai García,2020,Osasuna,DC,17,1246,0,0,0.3543995078653097,0.4441731926053762,5,3,3,0,0,0.3543995078653097,2.546972882002592,2.139007586054504
5141,Unai García,2019,Osasuna,Sub,8,534,1,0,0.1418419927358627,0.0619297996163368,2,1,0,0,1,0.1418419927358627,0.4575745165348053,0.4575745165348053
5141,Unai García,2016,Osasuna,DC,22,1871,0,0,0.5391734056174755,0.0176509991288185,9,1,4,0,0,0.5391734056174755,0.8608003361150622,0.7807018337771297
