player_id,player_name,season,team,position,games,time,goals,assists,xG,xA,shots,key_passes,yellow,red,npg,npxG,xGChain,xGBuildup
8861,Urko Gonzalez,2025,Espanyol,Sub,7,318,0,0,0.1240171939134597,0.0437503550201654,2,2,0,0,0,0.1240171939134597,0.5875345263630152,0.5281075406819582
8861,Urko Gonzalez,2025,Real Sociedad,Sub,1,6,0,0,0.0,0.0,0,0,0,0,0,0.0,0.0,0.0
8861,Urko Gonzalez,2024,Espanyol,Sub,17,1394,0,2,0.6779213137924671,0.8731456827372313,4,10,1,0,0,0.6779213137924671,3.598057383671403,2.2631248515099287
8861,Urko Gonzalez,2024,Real Sociedad,MC,1,47,0,0,0.0,0.0,0,0,1,0,0,0.0,0.0,0.0
8861,Urko Gonzalez,2023,Real Sociedad,MC,5,160,0,0,0.0588453002274036,0.0,2,0,1,0,0,0.0588453002274036,0.0596905937418341,0.0373143693432211
8861,Urko Gonzalez,2020,Real Sociedad,Sub,2,49,0,0,0.0,0.0886491984128952,0,1,1,0,0,0.0,0.1229680031538009,0.0343183018267154
