player_id,player_name,season,team,position,games,time,goals,assists,xG,xA,shots,key_passes,yellow,red,npg,npxG,xGChain,xGBuildup
7330,Uros Racic,2023,Sassuolo,Sub,22,800,1,1,0.9443234698846936,0.2370237335562706,17,6,1,0,1,0.9443234698846936,2.0256251273676757,1.1354438262060285
7330,Uros Racic,2021,Valencia,Sub,28,1169,0,0,0.9880660027265548,0.2522738818079233,16,5,1,1,0,0.9880660027265548,2.177790712565184,1.379451498389244
7330,Uros Racic,2020,Valencia,Sub,31,2199,1,1,1.586312159895897,0.2244924027472734,37,9,6,0,1,1.586312159895897,5.118706841021776,3.8183678910136223
