player_id,player_name,season,team,position,games,time,goals,assists,xG,xA,shots,key_passes,yellow,red,npg,npxG,xGChain,xGBuildup
2298,Víctor Ruiz,2022,Real Betis,DC,10,546,0,0,0.04069310054183,0.2758769989013672,1,1,0,0,0,0.04069310054183,0.5371403936296701,0.5371403936296701
2298,Víctor Ruiz,2021,Real Betis,DC,18,1427,0,0,1.1911942875012755,0.1548217013478279,7,6,2,0,0,1.1911942875012755,2.8719696048647165,2.795102110132575
2298,Víctor Ruiz,2020,Real Betis,Sub,27,2148,2,0,1.5286895371973517,0.0480844993144273,4,2,9,0,2,1.5286895371973517,4.940837206318975,4.901782209053636
2298,Víctor Ruiz,2018,Villarreal,DC,22,1978,0,0,0.3386472957208752,0.407441396266222,8,3,10,0,0,0.3386472957208752,5.171293143182993,5.171293143182993
2298,Víctor Ruiz,2017,Villarreal,DC,27,2417,2,1,1.1696073077619076,0.1070834994316101,5,3,9,1,2,1.1696073077619076,9.093526380136607,9.031139420345426
2298,Víctor Ruiz,2016,Villarreal,DC,28,2368,1,1,1.2847480028867722,1.1323086731135843,5,6,4,2,1,1.2847480028867722,4.838081732392311,4.362192124128342
2298,Víctor Ruiz,2015,Villarreal,DC,35,2986,0,0,0.6343905963003635,0.0,4,0,9,0,0,0.6343905963003635,4.832218235358596,4.832218235358596
2298,Víctor Ruiz,2014,Villarreal,DC,25,2202,0,2,1.341834394261241,1.0048228912055492,7,3,5,0,0,1.341834394261241,3.800113433972001,3.048607727512717
