player_id,player_name,season,team,position,games,time,goals,assists,xG,xA,shots,key_passes,yellow,red,npg,npxG,xGChain,xGBuildup
11080,Valentín Carboni,2025,Genoa,AMR,7,250,0,0,0.471296870149672,0.2461020871996879,4,3,1,0,0,0.471296870149672,0.8331510797142982,0.1419897396117448
11080,Valentín Carboni,2024,Marseille,Sub,4,97,0,0,0.0491521507501602,0.1342877671122551,2,3,1,0,0,0.0491521507501602,0.2410234194248914,0.0851595979183912
11080,Valentín Carboni,2023,Monza,Sub,31,1137,2,3,2.1189415901899338,1.994642379693687,23,24,2,0,2,2.1189415901899338,4.993029025383294,2.265473666600883
11080,Valentín Carboni,2022,Inter,Sub,5,16,0,0,0.0,0.0151193998754024,0,1,0,0,0,0.0,0.1119282022118568,0.0968087017536163
