player_id,player_name,season,team,position,games,time,goals,assists,xG,xA,shots,key_passes,yellow,red,npg,npxG,xGChain,xGBuildup
5615,Valentin Rosier,2025,Osasuna,DMR,8,616,0,1,0.0949355037882924,0.5920623131096363,3,4,1,1,0,0.0949355037882924,0.9480654262006284,0.4437444414943456
5615,Valentin Rosier,2024,Leganes,DR,32,2583,1,2,1.0204768180847168,1.1147922053933144,13,12,8,0,1,1.0204768180847168,4.845664316788316,3.539426350966096
5615,Valentin Rosier,2023,Nice,Sub,3,36,0,0,0.018322754651308,0.121520310640335,1,2,0,0,0,0.018322754651308,0.0863124653697013,0.0863124653697013
5615,Valentin Rosier,2018,Dijon,DMR,18,1457,0,4,0.3499790020287037,1.5251938207075,13,12,2,0,0,0.3499790020287037,4.651691734790802,3.6694178031757474
5615,Valentin Rosier,2017,Dijon,DR,36,2777,0,3,0.821274109184742,2.206057857722044,16,16,5,0,0,0.821274109184742,8.996879315935075,6.90625227522105
5615,Valentin Rosier,2016,Dijon,DR,3,270,0,0,0.0284256003797054,0.0,1,0,0,0,0,0.0284256003797054,0.1754049956798553,0.1469790041446685
