player_id,player_name,season,team,position,games,time,goals,assists,xG,xA,shots,key_passes,yellow,red,npg,npxG,xGChain,xGBuildup
6352,Valentino Lazaro,2025,Torino,DR,6,428,0,0,0.0,0.2173151951283216,0,4,1,0,0,0.0,0.9423453640192748,0.7250301837921143
6352,Valentino Lazaro,2024,Torino,DML,33,2335,0,6,1.252574815414846,3.495082600042224,16,33,6,0,0,1.252574815414846,7.490926083177328,5.380676664412022
6352,Valentino Lazaro,2023,Torino,Sub,35,1966,0,4,2.348205342888832,3.1190716549754143,18,34,3,0,0,2.348205342888832,7.661769658327103,4.8102430403232574
6352,Valentino Lazaro,2022,Torino,Sub,23,1388,0,3,0.4718340002000332,2.9764944091439247,7,30,4,0,0,0.4718340002000332,4.73222528398037,2.8800638541579247
6352,Valentino Lazaro,2020,Borussia M.Gladbach,Sub,22,1230,2,0,1.8091706074774263,1.2182256765663624,15,17,3,0,2,1.8091706074774263,6.592180976644158,3.7790784128010273
6352,Valentino Lazaro,2019,Newcastle United,Sub,13,455,1,0,0.4934957902878523,0.1779981963336467,4,6,0,1,1,0.4934957902878523,1.674841365776956,1.1888012019917369
6352,Valentino Lazaro,2019,Inter,Sub,6,324,0,1,0.1080638021230697,0.9663954991847276,3,9,2,0,0,0.1080638021230697,1.4363029971718788,0.8304870054125786
6352,Valentino Lazaro,2018,Hertha Berlin,DMR,31,2743,3,6,2.172508511692285,6.642009380273521,20,55,6,0,3,2.172508511692285,12.85730930324644,7.494640043005347
6352,Valentino Lazaro,2017,Hertha Berlin,Sub,26,1853,2,5,2.243489167653024,4.143410543911159,18,28,4,0,2,2.243489167653024,8.635853382758796,3.668198965489864
