player_id,player_name,season,team,position,games,time,goals,assists,xG,xA,shots,key_passes,yellow,red,npg,npxG,xGChain,xGBuildup
13072,Vasilije Adzic,2025,Juventus,Sub,3,108,1,0,0.1976209161803126,0.117588423192501,5,3,0,0,1,0.1976209161803126,0.1811620462685823,0.0775598147884011
13072,Vasilije Adzic,2024,Juventus,Sub,6,33,0,0,0.0272424314171075,0.0,1,0,0,0,0,0.0272424314171075,0.0982828885316848,0.0710404552519321
