player_id,player_name,season,team,position,games,time,goals,assists,xG,xA,shots,key_passes,yellow,red,npg,npxG,xGChain,xGBuildup
9002,Vedat Muriqi,2025,Mallorca,FW,8,648,5,0,3.1497289948165417,0.0586354443803429,23,2,1,1,4,2.406451385468245,3.534153118729592,1.6530853658914566
9002,Vedat Muriqi,2024,Mallorca,FW,29,2081,7,2,10.985502218827603,2.699738325551152,54,27,1,2,5,8.755669390782714,10.095736857503653,1.4222737727686765
9002,Vedat Muriqi,2023,Mallorca,FW,29,2335,7,2,11.220534628257155,3.225141496397555,66,34,4,0,6,8.990829708054662,9.76861596852541,2.220715753734112
9002,Vedat Muriqi,2022,Mallorca,FW,35,2980,15,3,13.942932915873826,2.4056402393616736,75,21,6,1,11,10.226548311300576,12.27048505935818,1.9334499863907693
9002,Vedat Muriqi,2021,Mallorca,FW,16,1440,5,3,4.59363416582346,0.9894160870462656,50,13,6,0,3,3.107074629515409,4.710656549781561,1.6065959744155407
9002,Vedat Muriqi,2021,Lazio,Sub,11,186,0,0,0.807509783655405,0.0,4,0,1,0,0,0.807509783655405,0.8750349255278707,0.0675256000831723
9002,Vedat Muriqi,2020,Lazio,Sub,27,809,1,0,3.27034236304462,0.6183624006807804,31,9,1,0,1,3.27034236304462,5.9164584800601006,2.1868573799729347
