player_id,player_name,season,team,position,games,time,goals,assists,xG,xA,shots,key_passes,yellow,red,npg,npxG,xGChain,xGBuildup
13449,Victor Nelsson,2025,Verona,DC,7,630,0,0,0.0240738559514284,0,2,0,0,0,0,0.0240738559514284,0.6731283022090793,0.6592773944139481
13449,Victor Nelsson,2024,Roma,Sub,4,179,0,0,0.0469137728214263,0,1,0,0,0,0,0.0469137728214263,0.5982119515538216,0.5982119515538216
