player_id,player_name,season,team,position,games,time,goals,assists,xG,xA,shots,key_passes,yellow,red,npg,npxG,xGChain,xGBuildup
11867,Victor Boniface,2025,Werder Bremen,Sub,5,95,0,1,0.2725934721529484,0.5415151715278625,4,1,1,0,0,0.2725934721529484,1.3387495130300522,0.5705916583538055
11867,Victor Boniface,2024,Bayer Leverkusen,FW,19,1031,8,1,9.102240042760968,1.1899061873555183,51,10,2,0,8,8.344463424757123,8.272871671244502,2.321392834186554
11867,Victor Boniface,2023,Bayer Leverkusen,FW,23,1565,14,8,16.99027242511511,4.492216352373362,80,22,2,0,10,13.959327064454556,21.300463762134317,4.196672234684229
