player_id,player_name,season,team,position,games,time,goals,assists,xG,xA,shots,key_passes,yellow,red,npg,npxG,xGChain,xGBuildup
5311,Vincent Sierro,2024,Toulouse,Sub,29,2433,5,1,4.2572588147595525,4.276940012350678,32,32,4,0,3,2.7370685283094645,10.605566969141364,7.885466464795172
5311,Vincent Sierro,2023,Toulouse,MC,30,2268,6,2,5.410428666509688,2.150746964849532,36,31,8,0,2,1.609952942468226,5.913235186599195,4.690571770071983
5311,Vincent Sierro,2022,Toulouse,Sub,15,659,0,0,0.560492854565382,0.5631404938176274,8,11,3,0,0,0.560492854565382,1.8645720519125464,1.6224837228655815
5311,Vincent Sierro,2017,Freiburg,MC,4,214,0,0,0.1953855939209461,0.1190427020192146,4,4,0,0,0,0.1953855939209461,0.2532228045165539,0.0361346006393432
