player_id,player_name,season,team,position,games,time,goals,assists,xG,xA,shots,key_passes,yellow,red,npg,npxG,xGChain,xGBuildup
10898,Warren Bondo,2025,Cremonese,Sub,7,521,0,0,0.0183408614248037,0.0,1,0,1,0,0,0.0183408614248037,1.259604763239622,1.2412639036774635
10898,Warren Bondo,2024,Monza,MC,20,1629,0,0,0.391531279310584,0.2598392628133297,13,5,3,1,0,0.391531279310584,4.977187432348728,4.508400667458773
10898,Warren Bondo,2024,AC Milan,DMC,4,168,0,0,0.0308240782469511,0.0618202611804008,1,1,1,0,0,0.0308240782469511,1.956470087170601,1.8638257533311844
10898,Warren Bondo,2023,Monza,Sub,25,1456,1,1,1.0160550205036998,0.5501793222501874,17,7,9,0,1,1.0160550205036998,5.249609800055623,3.849331934005022
10898,Warren Bondo,2022,Monza,Sub,4,50,0,0,0.046109601855278,0.0,1,0,1,0,0,0.046109601855278,0.046109601855278,0.046109601855278
