player_id,player_name,season,team,position,games,time,goals,assists,xG,xA,shots,key_passes,yellow,red,npg,npxG,xGChain,xGBuildup
5545,Wilfred Ndidi,2024,Leicester,DMC,28,2368,0,5,1.973463961854577,2.7866385113447905,22,17,8,0,0,1.973463961854577,8.735264824703336,5.421601940877736
5545,Wilfred Ndidi,2022,Leicester,MC,27,1691,0,0,0.1515615982934832,0.0530797010287642,7,3,4,0,0,0.1515615982934832,2.460558785125613,2.331264717504382
5545,Wilfred Ndidi,2021,Leicester,DMC,19,1621,0,0,0.5835882108658552,0.0764130018651485,14,2,4,0,0,0.5835882108658552,4.509538160637021,4.185820620507002
5545,Wilfred Ndidi,2020,Leicester,DC,26,2181,1,4,0.5960322907194495,1.3334988076239824,16,16,6,0,1,0.5960322907194495,10.230051901191471,8.725674789398909
5545,Wilfred Ndidi,2019,Leicester,DMC,32,2679,2,1,1.727272005751729,0.5916656069457531,26,15,6,0,2,1.727272005751729,10.079844063147902,9.054950127378106
5545,Wilfred Ndidi,2018,Leicester,DMC,38,3305,2,0,3.119846511632204,1.6935293599963188,55,22,8,0,2,3.119846511632204,10.33212916413322,7.799395915586501
5545,Wilfred Ndidi,2017,Leicester,MC,33,2902,0,3,1.5658826967701316,0.5101174954324961,41,11,6,2,0,1.5658826967701316,7.971068240702152,6.808556106872857
5545,Wilfred Ndidi,2016,Leicester,MC,17,1523,2,1,1.8456833129748704,0.9799964837729932,31,6,0,0,2,1.8456833129748704,2.9463370591402054,1.896820118650794
