player_id,player_name,season,team,position,games,time,goals,assists,xG,xA,shots,key_passes,yellow,red,npg,npxG,xGChain,xGBuildup
6251,Wilfried Kanga,2022,Hertha Berlin,Sub,23,1422,2,0,4.186748491600156,1.91642850311473,25,21,3,0,2,4.186748491600156,7.606491172686219,1.922127762809396
6251,Wilfried Kanga,2020,Angers,FW,2,138,0,0,0.290037989616394,0.0,1,0,0,0,0,0.290037989616394,0.290037989616394,0.0
6251,Wilfried Kanga,2019,Angers,Sub,4,58,0,0,0.3250486999750137,0.0948328971862793,3,2,0,0,0,0.3250486999750137,0.3939517904073,0.076449790969491
6251,Wilfried Kanga,2018,Angers,FW,18,463,2,0,1.9791654292494056,0.3300200961530208,19,7,3,0,2,1.9791654292494056,2.2525039138272405,0.1350599005818367
6251,Wilfried Kanga,2017,Angers,Sub,9,162,0,0,0.1113198027014732,0.0,2,0,0,0,0,0.1113198027014732,0.20772660151124,0.0964067000895738
