player_id,player_name,season,team,position,games,time,goals,assists,xG,xA,shots,key_passes,yellow,red,npg,npxG,xGChain,xGBuildup
7472,Wilfried Stephane Singo,2024,Monaco,Sub,27,2081,1,2,1.493426522240043,1.6436891136690974,17,7,4,0,1,1.493426522240043,7.051111828535795,5.828755911439657
7472,Wilfried Stephane Singo,2023,Monaco,DC,25,2183,1,1,0.6674047829583287,1.1527590109035373,19,14,8,1,1,0.6674047829583287,6.803115203976631,6.192444387823343
7472,Wilfried Stephane Singo,2022,Torino,DMR,31,2072,2,1,3.652390486560762,1.941884404048324,33,23,8,0,2,3.652390486560762,7.952180841937661,4.87803422473371
7472,Wilfried Stephane Singo,2021,Torino,DMR,35,2634,3,4,2.903010945767164,2.645374685525894,41,23,5,1,3,2.903010945767164,11.567621937021611,7.48501567915082
7472,Wilfried Stephane Singo,2020,Torino,Sub,28,1855,1,2,1.1385453073307872,3.503697570413351,10,24,2,1,1,1.1385453073307872,7.574752674438059,5.378603741526604
7472,Wilfried Stephane Singo,2019,Torino,Sub,4,127,1,0,0.1254153028130531,0.1019959971308708,2,3,0,0,1,0.1254153028130531,0.978918083012104,0.7952839732170105
