player_id,player_name,season,team,position,games,time,goals,assists,xG,xA,shots,key_passes,yellow,red,npg,npxG,xGChain,xGBuildup
10870,Williot Swedberg,2025,Celta Vigo,FWL,6,235,0,0,0.3875354565680027,0.1478705555200576,2,1,1,0,0,0.3875354565680027,1.0571207143366337,0.5217147134244442
10870,Williot Swedberg,2024,Celta Vigo,Sub,32,1329,4,5,5.415778731927276,2.35014989040792,32,16,1,0,4,5.415778731927276,9.57019367441535,3.778790196403861
10870,Williot Swedberg,2023,Celta Vigo,Sub,15,421,5,0,2.655545361340046,0.2127302475273609,12,3,1,0,5,2.655545361340046,3.393190272152424,0.6375101953744888
10870,Williot Swedberg,2022,Celta Vigo,Sub,4,50,0,0,0.0,0.0,0,0,1,0,0,0.0,0.0959212034940719,0.0959212034940719
