player_id,player_name,season,team,position,games,time,goals,assists,xG,xA,shots,key_passes,yellow,red,npg,npxG,xGChain,xGBuildup
6332,Willem Geubbels,2025,Paris FC,FW,7,372,1,0,1.7738278284668922,0.2881810516119003,13,3,0,0,1,1.7738278284668922,2.3519308231770992,0.6401423700153828
6332,Willem Geubbels,2021,Nantes,Sub,22,508,2,1,1.6210116874426603,1.0849898010492325,12,3,1,0,2,1.6210116874426603,3.0142302941530943,0.3970061875879764
6332,Willem Geubbels,2020,Monaco,Sub,14,267,1,0,1.1336353812366724,0.2946745967492461,6,3,3,1,1,1.1336353812366724,1.9410453215241432,0.5286022033542395
6332,Willem Geubbels,2018,Monaco,Sub,1,7,0,0,0.0,0.0,0,0,0,0,0,0.0,0.0,0.0
6332,Willem Geubbels,2017,Lyon,Sub,2,29,0,0,0.0,0.0,0,0,0,0,0,0.0,0.0,0.0
