player_id,player_name,season,team,position,games,time,goals,assists,xG,xA,shots,key_passes,yellow,red,npg,npxG,xGChain,xGBuildup
4984,Wladimiro Falcone,2025,Lecce,GK,7,630,0,0,0,0.0,0,0,1,0,0,0,0.2328309752047062,0.2328309752047062
4984,Wladimiro Falcone,2024,Lecce,GK,38,3420,0,0,0,0.0,0,0,2,0,0,0,2.4041416253894567,2.4041416253894567
4984,Wladimiro Falcone,2023,Lecce,GK,38,3420,0,0,0,0.0,0,0,0,0,0,0,2.945461377501488,2.945461377501488
4984,Wladimiro Falcone,2022,Lecce,GK,38,3420,0,0,0,0.088120786473155,0,3,2,0,0,0,0.8154107015579939,0.7272898014634848
4984,Wladimiro Falcone,2021,Sampdoria,GK,10,851,0,0,0,0.0,0,0,2,0,0,0,0.1824249010533094,0.1824249010533094
4984,Wladimiro Falcone,2019,Sampdoria,GK,2,180,0,0,0,0.0,0,0,1,0,0,0,0.2515490055084228,0.2515490055084228
