player_id,player_name,season,team,position,games,time,goals,assists,xG,xA,shots,key_passes,yellow,red,npg,npxG,xGChain,xGBuildup
7267,Woo-Yeong Jeong,2025,Union Berlin,Sub,6,131,0,0,0.2547577768564224,0.1110798548907041,4,2,0,0,0,0.2547577768564224,0.6416625529527664,0.3160024955868721
7267,Woo-Yeong Jeong,2024,Union Berlin,Sub,23,1308,3,2,2.6452455278486013,1.5804441962391138,25,17,2,0,3,2.6452455278486013,5.976339317858219,2.3333379440009594
7267,Woo-Yeong Jeong,2023,VfB Stuttgart,AMC,26,552,2,3,2.605867937207222,2.102066401392221,18,9,1,0,2,2.605867937207222,7.995916116982698,3.448712017387152
7267,Woo-Yeong Jeong,2022,Freiburg,Sub,26,622,1,1,2.3447846341878176,1.0569153632968664,13,6,2,0,1,2.3447846341878176,3.8197363168001175,1.5174751058220863
7267,Woo-Yeong Jeong,2021,Freiburg,AMC,32,1811,5,2,6.645955413579941,1.9295140989124773,51,24,1,0,5,6.645955413579941,10.3489071149379,3.118131233379245
7267,Woo-Yeong Jeong,2020,Freiburg,MC,26,803,4,0,1.5147909242659807,1.1904618060216308,14,13,0,0,4,1.5147909242659807,5.029625874012709,2.826802945695817
7267,Woo-Yeong Jeong,2018,Bayern Munich,Sub,1,2,0,0,0.0617334991693496,0.0,1,0,0,0,0,0.0617334991693496,0.0617334991693496,0.0
