player_id,player_name,season,team,position,games,time,goals,assists,xG,xA,shots,key_passes,yellow,red,npg,npxG,xGChain,xGBuildup
12782,Woyo Coulibaly,2025,Sassuolo,Sub,3,136,0,0,0.0,0.0896693244576454,0,1,0,0,0,0.0,0.1073677241802215,0.1073677241802215
12782,Woyo Coulibaly,2024,Parma Calcio 1913,DR,14,1082,0,1,0.1118743168190121,1.3046283889561892,3,8,1,1,0,0.1118743168190121,3.635269640013576,2.4448944218456745
12782,Woyo Coulibaly,2024,Leicester,Sub,4,107,0,0,0.0745922476053237,0.0,2,0,1,0,0,0.0745922476053237,0.0910294447094202,0.0164371971040964
