player_id,player_name,season,team,position,games,time,goals,assists,xG,xA,shots,key_passes,yellow,red,npg,npxG,xGChain,xGBuildup
8700,Xavi Simons,2025,Tottenham,FWL,5,344,0,1,0.1809112150222063,0.7939793430268764,4,6,1,0,0,0.1809112150222063,0.963183719664812,0.6675036298111081
8700,Xavi Simons,2025,RasenBallsport Leipzig,MC,1,90,0,0,0.0,0.029227266088128,0,1,0,0,0,0.0,0.2565662562847137,0.2565662562847137
8700,Xavi Simons,2024,RasenBallsport Leipzig,AMC,25,2171,10,6,6.223592175170779,6.1870312336832285,50,50,5,0,10,6.223592175170779,16.81583746895194,6.952227101661265
8700,Xavi Simons,2023,RasenBallsport Leipzig,AMC,32,2738,8,11,7.734520580619574,10.540094953030348,81,79,9,1,7,6.218967225402594,23.96453043073416,12.515338407829404
8700,Xavi Simons,2021,Paris Saint Germain,Sub,6,120,0,0,0.2220939993858337,0.116287000477314,2,1,1,0,0,0.2220939993858337,0.461500596255064,0.1231195963919162
8700,Xavi Simons,2020,Paris Saint Germain,Sub,1,1,0,0,0.0381091982126235,0.0,1,0,0,0,0,0.0381091982126235,0.0511564016342163,0.0130471996963024
