player_id,player_name,season,team,position,games,time,goals,assists,xG,xA,shots,key_passes,yellow,red,npg,npxG,xGChain,xGBuildup
13005,Yáser Asprilla,2025,Girona,FWL,9,433,0,0,0.4875558419153094,1.4089287929236889,12,6,0,0,0,0.4875558419153094,1.0716028595343232,0.5949766971170902
13005,Yáser Asprilla,2024,Girona,Sub,27,1392,3,1,1.981335196644068,3.059433316811919,38,24,2,0,3,1.981335196644068,8.957312654703856,5.047165253199637
