player_id,player_name,season,team,position,games,time,goals,assists,xG,xA,shots,key_passes,yellow,red,npg,npxG,xGChain,xGBuildup
13561,Yan Diomande,2025,RasenBallsport Leipzig,FWL,7,313,0,0,1.0403154157102108,0.2603700533509254,6,4,2,0,0,1.0403154157102108,3.3474695533514023,2.674674190580845
13561,Yan Diomande,2024,Leganes,Sub,10,544,2,1,1.26889605820179,0.8170663304626942,11,14,1,0,2,1.26889605820179,3.6484999284148216,2.5935563445091248
