player_id,player_name,season,team,position,games,time,goals,assists,xG,xA,shots,key_passes,yellow,red,npg,npxG,xGChain,xGBuildup
7280,Yan Valery,2022,Angers,MR,30,2516,0,0,1.0679281391203403,1.7324819825589657,13,12,3,0,0,1.0679281391203403,5.71737601980567,4.344684931449592
7280,Yan Valery,2022,Southampton,DC,1,48,0,0,0.0,0.0,0,0,0,0,0,0.0,0.0,0.0
7280,Yan Valery,2021,Southampton,DC,5,368,0,0,0.025073199532926,0.2550509870052337,2,1,0,0,0,0.025073199532926,1.1389364823698995,1.1138634905219078
7280,Yan Valery,2020,Southampton,Sub,3,95,0,0,0.2929132953286171,0.0916099995374679,2,1,0,0,0,0.2929132953286171,0.4703279882669449,0.1774140000343322
7280,Yan Valery,2019,Southampton,DMR,11,796,0,0,0.2561568021774292,1.1431159973144531,3,2,1,0,0,0.2561568021774292,3.589542504400015,2.7539024017751217
7280,Yan Valery,2018,Southampton,MR,23,1714,2,1,0.7205072194337845,0.2549123987555504,6,6,3,1,2,0.7205072194337845,2.899165909737349,1.940354097634554
