player_id,player_name,season,team,position,games,time,goals,assists,xG,xA,shots,key_passes,yellow,red,npg,npxG,xGChain,xGBuildup
6874,Yann Gboho,2025,Toulouse,FWL,8,646,3,1,1.7299139276146889,0.7103198077529669,13,12,0,0,3,1.7299139276146889,3.126523155719042,0.7672033943235874
6874,Yann Gboho,2024,Toulouse,FWL,31,2363,5,4,5.3993131052702665,4.477638784796,50,30,2,0,5,5.3993131052702665,15.485309845767915,7.489163148216903
6874,Yann Gboho,2023,Toulouse,Sub,16,1215,3,2,1.632133223116398,1.9749648943543436,23,17,1,0,3,1.632133223116398,5.7997128292918205,2.677903775125742
6874,Yann Gboho,2020,Rennes,Sub,10,290,0,0,0.6722263917326927,0.2028738986700773,9,5,0,0,0,0.6722263917326927,1.621075812727213,0.7645258195698261
6874,Yann Gboho,2019,Rennes,Sub,8,219,1,1,0.3033478036522865,0.2055905014276504,3,5,1,0,1,0.3033478036522865,0.6545152142643929,0.1455769017338752
