player_id,player_name,season,team,position,games,time,goals,assists,xG,xA,shots,key_passes,yellow,red,npg,npxG,xGChain,xGBuildup
2272,Yannick Carrasco,2023,Atletico Madrid,DML,3,234,0,1,0.0718080624938011,0.2317299097776413,2,4,0,0,0,0.0718080624938011,0.996244352310896,0.8823320083320141
2272,Yannick Carrasco,2022,Atletico Madrid,Sub,35,2342,7,3,8.940640585497022,4.486889308318496,67,45,2,0,6,8.197362976148725,16.778101973235607,6.28173135779798
2272,Yannick Carrasco,2021,Atletico Madrid,FW,34,2604,6,6,5.40252916701138,7.216075102798641,50,54,5,0,4,3.91598211415112,13.68930010125041,5.746005650609732
2272,Yannick Carrasco,2020,Atletico Madrid,ML,30,2201,6,10,5.159881298430264,6.878618946298957,43,47,6,0,6,5.159881298430264,15.148708229884503,6.383345818147063
2272,Yannick Carrasco,2019,Atletico Madrid,Sub,15,620,1,2,1.393680039793253,1.0548993963748217,17,11,2,0,1,1.393680039793253,2.199940752238035,0.2895148973912
2272,Yannick Carrasco,2017,Atletico Madrid,MR,17,894,3,4,2.4963010773062706,2.72284023091197,25,17,3,0,3,2.4963010773062706,5.760901879519224,1.3277409160509706
2272,Yannick Carrasco,2016,Atletico Madrid,AML,35,2270,10,4,7.762834068387747,3.405597505159676,85,34,5,0,10,7.019558098167181,12.585497761145234,4.025112464092672
2272,Yannick Carrasco,2015,Atletico Madrid,Sub,29,1486,4,1,5.049719326198101,2.889008641242981,54,21,5,0,4,5.049719326198101,9.372952362522485,4.459323139861226
2272,Yannick Carrasco,2014,Monaco,AMR,36,2817,6,10,7.214000787120312,8.080856824293733,77,57,6,0,6,7.214000787120312,15.83202021755278,5.931406550109386
