player_id,player_name,season,team,position,games,time,goals,assists,xG,xA,shots,key_passes,yellow,red,npg,npxG,xGChain,xGBuildup
6414,Yann Bisseck,2025,Inter,DC,1,90,0,0,0.1351870447397232,0.0,2,0,0,0,0,0.1351870447397232,0.1579448282718658,0.0690296664834022
6414,Yann Bisseck,2024,Inter,DC,27,1646,3,2,2.454003557562828,1.4668675772845745,21,7,4,0,3,2.454003557562828,9.753132335841656,8.009181194007397
6414,Yann Bisseck,2023,Inter,Sub,16,880,2,0,0.8390006460249424,0.49121755361557,12,1,0,0,2,0.8390006460249424,8.877967856824398,8.467975687235594
6414,Yann Bisseck,2017,FC Cologne,DC,3,151,0,0,0.0,0.0,0,0,0,0,0,0.0,0.1811279952526092,0.1811279952526092
