player_id,player_name,season,team,position,games,time,goals,assists,xG,xA,shots,key_passes,yellow,red,npg,npxG,xGChain,xGBuildup
5062,Yeray Álvarez,2024,Athletic Club,DC,21,1784,1,0,0.6109129982069135,0.4750778339803219,9,4,4,0,1,0.6109129982069135,4.334911390207708,4.297147526405752
5062,Yeray Álvarez,2023,Athletic Club,Sub,19,1145,0,0,0.2445644773542881,0.1286869943141937,7,3,1,1,0,0.2445644773542881,2.1471067517995834,2.045874582603574
5062,Yeray Álvarez,2022,Athletic Club,DC,28,2343,1,1,0.5225457046180964,1.3482149224728346,8,14,7,1,1,0.5225457046180964,5.639123940840364,4.689123958349228
5062,Yeray Álvarez,2021,Athletic Club,DC,22,1859,0,0,0.2920424966141581,0.2042300030589103,7,4,6,0,0,0.2920424966141581,7.186842768453062,7.095446448773146
5062,Yeray Álvarez,2020,Athletic Club,DC,23,1947,1,0,0.4605799959972501,0.4038511049002409,10,6,6,0,1,0.4605799959972501,4.227621585130692,4.054893493652344
5062,Yeray Álvarez,2019,Athletic Club,DC,32,2810,0,0,1.0378558821976185,0.5710195042192936,12,5,2,0,0,1.0378558821976185,4.2362056048586965,4.116469004191458
5062,Yeray Álvarez,2018,Athletic Club,DC,30,2614,0,0,1.9259799364954235,0.0957994982600212,11,2,10,0,0,1.9259799364954235,4.378936521708965,4.32991012185812
5062,Yeray Álvarez,2017,Athletic Club,DC,8,673,0,0,0.036906398832798,0.0684271994978189,1,2,2,0,0,0.036906398832798,1.3099958151578903,1.241568611934781
5062,Yeray Álvarez,2016,Athletic Club,Sub,26,2270,0,0,1.22118847258389,0.345283905044198,13,7,3,0,0,1.22118847258389,3.598114615306258,3.4722102098166943
