player_id,player_name,season,team,position,games,time,goals,assists,xG,xA,shots,key_passes,yellow,red,npg,npxG,xGChain,xGBuildup
9958,Yerson Mosquera,2025,Wolverhampton Wanderers,DC,3,147,0,0,0.0540430732071399,0.0,2,0,0,0,0,0.0540430732071399,0.3248246014118194,0.290688157081604
9958,Yerson Mosquera,2024,Wolverhampton Wanderers,DC,5,448,0,0,0.4660062603652477,0.094501007348299,2,2,2,0,0,0.4660062603652477,1.0699441889300942,0.9818695159628988
9958,Yerson Mosquera,2023,Villarreal,Sub,16,1231,2,1,1.1751275416463614,0.2924861721694469,10,5,4,0,2,1.1751275416463614,5.195367939770222,5.021152634173632
