player_id,player_name,season,team,position,games,time,goals,assists,xG,xA,shots,key_passes,yellow,red,npg,npxG,xGChain,xGBuildup
11945,Ylber Ramadani,2025,Lecce,MC,7,611,0,0,0.520720424130559,0.1753948330879211,7,2,1,0,0,0.520720424130559,1.0997768379747868,0.4678755663335323
11945,Ylber Ramadani,2024,Lecce,DMC,29,1831,1,1,0.5368887726217508,0.8912339806556702,17,16,3,0,1,0.5368887726217508,5.1174457632005215,3.889126590453088
11945,Ylber Ramadani,2023,Lecce,MC,34,2989,1,0,1.12616962287575,0.8014742638915777,31,16,13,0,1,1.12616962287575,7.142113093286753,5.900680987164378
