player_id,player_name,season,team,position,games,time,goals,assists,xG,xA,shots,key_passes,yellow,red,npg,npxG,xGChain,xGBuildup
5786,Yoane Wissa,2024,Brentford,FW,35,2943,18,4,20.731059528887272,3.4494741149246693,90,28,5,0,18,20.731059528887272,27.726778712123632,5.426989254541695
5786,Yoane Wissa,2023,Brentford,FW,34,2556,12,3,11.16999962553382,3.828521143645048,67,29,7,0,12,11.16999962553382,16.368419870734215,4.587590790353715
5786,Yoane Wissa,2022,Brentford,FWL,38,1583,7,3,5.207585535943508,2.6399280801415443,32,13,3,0,7,5.207585535943508,11.27296715322882,4.301408238708973
5786,Yoane Wissa,2021,Brentford,Sub,30,1230,7,1,3.4018343733623624,0.6705948002636433,32,9,0,0,7,3.4018343733623624,4.416324868798256,1.8253055810928345
5786,Yoane Wissa,2020,Lorient,AML,38,2693,10,4,13.373511863872409,3.575345213524997,59,29,2,0,6,9.573037549853323,14.744663499295712,3.5842560827732086
5786,Yoane Wissa,2016,Angers,Sub,2,25,0,0,0.0,0.0,0,0,0,0,0,0.0,0.0,0.0
