player_id,player_name,season,team,position,games,time,goals,assists,xG,xA,shots,key_passes,yellow,red,npg,npxG,xGChain,xGBuildup
12402,Yoram Zague,2024,Paris Saint Germain,DL,4,183,0,0,0.0493090897798538,0.114050805568695,1,2,0,0,0,0.0493090897798538,1.2584923692047596,1.0951324738562107
12402,Yoram Zague,2023,Paris Saint Germain,DL,5,368,1,0,0.6070328187197447,0.3410272859036922,2,3,1,0,1,0.6070328187197447,2.492417186498642,1.5856580473482609
