player_id,player_name,season,team,position,games,time,goals,assists,xG,xA,shots,key_passes,yellow,red,npg,npxG,xGChain,xGBuildup
12424,Yorbe Vertessen,2024,Union Berlin,Sub,17,713,1,0,1.427236683666706,1.9219457749277356,27,15,2,0,1,1.427236683666706,3.096983138471842,1.279122594743967
12424,Yorbe Vertessen,2023,Union Berlin,FW,13,575,3,2,3.0108204130083323,1.4330097809433937,24,7,1,0,3,3.0108204130083323,5.26316960901022,1.617756225168705
