player_id,player_name,season,team,position,games,time,goals,assists,xG,xA,shots,key_passes,yellow,red,npg,npxG,xGChain,xGBuildup
6878,Youcef Atal,2023,Nice,DR,6,373,1,0,0.1423671059310436,0.8520295917987823,4,4,2,0,1,0.1423671059310436,1.1009004674851894,0.6346094384789467
6878,Youcef Atal,2022,Nice,Sub,18,767,1,0,1.4544092044234276,1.6745661851018667,13,11,1,0,1,1.4544092044234276,4.838114235550165,2.6096006417647004
6878,Youcef Atal,2021,Nice,DR,17,1142,2,1,0.7145372927188873,1.0196653082966805,13,12,4,0,2,0.7145372927188873,4.669596111401916,3.4651320707052946
6878,Youcef Atal,2020,Nice,DR,18,975,1,0,0.455918206833303,0.7396606812253594,8,5,1,0,1,0.455918206833303,3.129815003834665,2.4790047900751238
6878,Youcef Atal,2019,Nice,Sub,13,1007,1,1,1.2164778877049685,1.237761321477592,19,10,4,0,1,1.2164778877049685,3.347302063368261,1.8123888447880745
6878,Youcef Atal,2018,Nice,DR,29,2253,6,0,4.61465997248888,2.497494438663125,36,23,8,0,6,3.8545649722218513,9.87826065067202,4.609422911889851
