player_id,player_name,season,team,position,games,time,goals,assists,xG,xA,shots,key_passes,yellow,red,npg,npxG,xGChain,xGBuildup
11339,Youssouf Ndayishimiye,2024,Nice,Sub,23,1937,3,0,1.6072323191910982,0.1666938588023185,11,5,5,0,3,1.6072323191910982,9.904364317655563,9.751041492447255
11339,Youssouf Ndayishimiye,2023,Nice,MC,23,1715,0,0,1.2197498939931393,0.8034768821671605,14,11,6,1,0,1.2197498939931393,6.716884715482593,6.466902259737253
11339,Youssouf Ndayishimiye,2022,Nice,Sub,10,568,1,0,0.3837110921740532,0.0741780996322631,8,1,2,0,1,0.3837110921740532,1.6969555765390396,1.636540174484253
