player_id,player_name,season,team,position,games,time,goals,assists,xG,xA,shots,key_passes,yellow,red,npg,npxG,xGChain,xGBuildup
9893,Youssef Maleh,2024,Empoli,MC,22,1524,0,1,0.9958969270810484,0.900695376098156,17,12,3,1,0,0.9958969270810484,3.4599987901747227,2.395837927237153
9893,Youssef Maleh,2023,Empoli,MC,34,2639,0,1,0.9273026809096336,2.1609607758000493,18,34,11,0,0,0.9273026809096336,6.281802204437554,3.827223476953805
9893,Youssef Maleh,2022,Lecce,Sub,17,674,0,1,0.2345477044582367,0.2612168341875076,6,6,3,0,0,0.2345477044582367,1.1095774546265602,0.7367440108209848
9893,Youssef Maleh,2022,Fiorentina,MC,7,306,0,0,0.6258455999195576,0.3647667989134788,7,6,2,0,0,0.6258455999195576,1.4957304075360298,0.6124168895184994
9893,Youssef Maleh,2021,Fiorentina,MC,28,998,2,3,2.406449559144676,1.68216123431921,21,14,5,0,2,2.406449559144676,6.695532388985157,3.0059035811573267
