player_id,player_name,season,team,position,games,time,goals,assists,xG,xA,shots,key_passes,yellow,red,npg,npxG,xGChain,xGBuildup
12761,Yukinari Sugawara,2025,Werder Bremen,DR,6,525,0,1,0.7783017829060555,0.1842858605086803,10,4,0,0,0,0.7783017829060555,1.434027198702097,0.7540153358131647
12761,Yukinari Sugawara,2024,Southampton,DMR,30,1533,1,1,0.4496091231703758,3.2835169788450003,14,17,4,0,1,0.4496091231703758,5.613592414185405,4.167844578623772
