player_id,player_name,season,team,position,games,time,goals,assists,xG,xA,shots,key_passes,yellow,red,npg,npxG,xGChain,xGBuildup
7756,Yusuf Yazici,2023,Lille,Sub,27,1318,5,2,6.340119296684861,2.655162677168846,40,18,5,0,5,6.340119296684861,8.720471452921629,2.335673050954938
7756,Yusuf Yazici,2022,Lille,Sub,4,205,1,1,0.577972587198019,0.3698712959885597,5,8,0,0,1,0.577972587198019,2.134386003017425,1.2457006983458996
7756,Yusuf Yazici,2021,CSKA Moscow,FW,10,805,8,0,5.362075291574001,1.1932912226766348,30,23,2,0,5,3.099255092442036,4.324008177965879,1.0456629917025566
7756,Yusuf Yazici,2021,Lille,MC,15,498,1,1,0.9630154529586434,1.661999959498644,10,11,3,0,1,0.9630154529586434,1.3300097975879908,0.3010433986783027
7756,Yusuf Yazici,2020,Lille,Sub,32,1069,7,4,4.712144263088703,3.51848744507879,44,36,1,0,7,4.712144263088703,8.429730590432882,2.2704688906669617
7756,Yusuf Yazici,2019,Lille,Sub,18,836,1,4,2.1712838914245367,2.6269868537783623,21,24,0,1,0,1.411187885329127,3.868088738061488,1.969608310610056
