player_id,player_name,season,team,position,games,time,goals,assists,xG,xA,shots,key_passes,yellow,red,npg,npxG,xGChain,xGBuildup
8689,Yvan Neyou,2025,Getafe,Sub,3,47,0,0,0.0,0.0,0,0,2,0,0,0.0,0.0,0.0
8689,Yvan Neyou,2024,Leganes,DMC,30,2344,1,1,0.4572473959997296,0.7096966840326786,16,13,14,0,1,0.4572473959997296,5.066599708050489,4.101959167979658
8689,Yvan Neyou,2021,Saint-Etienne,MC,16,947,0,0,0.1258572014048695,0.639104101806879,6,7,2,1,0,0.1258572014048695,1.6092297984287145,0.9404933992773294
8689,Yvan Neyou,2020,Saint-Etienne,DMC,31,2469,1,2,1.1752024088054895,2.3264434076845646,30,15,9,0,1,1.1752024088054895,8.31392362061888,5.370348289608955
