player_id,player_name,season,team,position,games,time,goals,assists,xG,xA,shots,key_passes,yellow,red,npg,npxG,xGChain,xGBuildup
5609,Yves Bissouma,2024,Tottenham,MC,28,1404,2,0,0.4450572794303298,0.292962247505784,11,6,7,0,2,0.4450572794303298,5.60918369051069,5.173720224760473
5609,Yves Bissouma,2023,Tottenham,DMC,28,2120,0,0,1.1663736272603271,0.4049058575183153,24,10,8,2,0,1.1663736272603271,11.2580073364079,10.58978133648634
5609,Yves Bissouma,2022,Tottenham,Sub,23,988,0,0,0.1294596353545785,0.4400514382869005,6,8,6,0,0,0.1294596353545785,4.439508566632867,4.140980340540409
5609,Yves Bissouma,2021,Brighton,MC,26,2134,1,2,1.05012384429574,0.844827288761735,21,8,10,0,1,1.05012384429574,8.46087761502713,6.945664497092366
5609,Yves Bissouma,2020,Brighton,MC,36,3121,1,0,1.0768232634291053,1.081232002004981,42,16,8,1,1,1.0768232634291053,9.739855950698256,8.210505489259958
5609,Yves Bissouma,2019,Brighton,Sub,22,1270,1,0,0.4054245175793767,0.1357409004122018,16,4,4,0,1,0.4054245175793767,3.3690175376832485,2.931569099426269
5609,Yves Bissouma,2018,Brighton,Sub,28,1757,0,0,1.7799655944108963,0.9938525147736073,31,13,5,0,0,1.7799655944108963,4.9765729252249,3.1750617306679487
5609,Yves Bissouma,2017,Lille,Sub,24,1556,2,1,2.052620105445385,0.7561026141047478,41,11,3,0,2,2.052620105445385,6.764458355493844,4.873623277060688
5609,Yves Bissouma,2016,Lille,MC,23,746,1,0,0.5369638931006193,0.3861588966101408,19,11,4,1,1,0.5369638931006193,1.55419759452343,1.0226824060082436
