player_id,player_name,season,team,position,games,time,goals,assists,xG,xA,shots,key_passes,yellow,red,npg,npxG,xGChain,xGBuildup
6030,Zanka,2023,Brentford,Sub,14,1082,1,0,0.6000314559787512,0.9500103443861008,8,6,4,0,1,0.6000314559787512,4.571010607294738,3.7045516846701503
6030,Zanka,2022,Brentford,DC,18,1082,0,0,0.4019469805061817,0.2393823862075805,5,3,2,0,0,0.4019469805061817,2.812157953158021,2.583403604105115
6030,Zanka,2021,Brentford,Sub,8,514,1,0,0.1421730071306228,0.076792798936367,2,2,2,0,1,0.1421730071306228,1.8502167314291,1.8271526284515855
6030,Zanka,2019,Fortuna Duesseldorf,Sub,9,489,0,1,0.0,0.0732057988643646,0,1,1,0,0,0.0,0.6684013046324253,0.6684013046324253
6030,Zanka,2018,Huddersfield,DC,24,2151,3,1,1.4841625727713108,0.3927206974476576,8,8,6,0,3,1.4841625727713108,2.341266484931112,1.4670754009857774
6030,Zanka,2017,Huddersfield,DC,38,3420,0,2,2.267965890467167,0.8845456931740046,13,9,6,0,0,2.267965890467167,5.24671055842191,4.0332754431292415
