{
  "accuracy": [
    0.4093567132949829,
    0.44005846977233887,
    0.44005846977233887,
    0.47514620423316956,
    0.48391813039779663,
    0.4868420958518982,
    0.5,
    0.49707603454589844,
    0.5365496873855591,
    0.5394737124443054,
    0.5394737124443054,
    0.5789473652839661,
    0.5409356951713562,
    0.5511695742607117,
    0.5774853825569153,
    0.5687134265899658,
    0.5745614171028137,
    0.6052631735801697,
    0.5921052694320679,
    0.6008771657943726,
    0.6081871390342712,
    0.6023392081260681,
    0.6228070259094238,
    0.6125730872154236,
    0.628654956817627,
    0.6169590353965759,
    0.6067251563072205,
    0.621345043182373
  ],
  "loss": [
    1.5263233184814453,
    1.324897289276123,
    1.244300365447998,
    1.161860466003418,
    1.10410737991333,
    1.0893328189849854,
    1.0449806451797485,
    1.0430045127868652,
    0.9899815917015076,
    1.0017306804656982,
    0.9878426790237427,
    0.9269213676452637,
    0.9773514866828918,
    0.954739511013031,
    0.9497630000114441,
    0.9080951809883118,
    0.9213048219680786,
    0.8695961833000183,
    0.8756569027900696,
    0.8808782696723938,
    0.865753710269928,
    0.8778618574142456,
    0.8768371343612671,
    0.8702452182769775,
    0.8483152389526367,
    0.8709526062011719,
    0.8557071685791016,
    0.8679018020629883
  ],
  "val_accuracy": [
    0.40789473056793213,
    0.429824560880661,
    0.46052631735801697,
    0.429824560880661,
    0.43421053886413574,
    0.5087719559669495,
    0.5,
    0.5087719559669495,
    0.5,
    0.5043859481811523,
    0.5219298005104065,
    0.530701756477356,
    0.5131579041481018,
    0.5087719559669495,
    0.5043859481811523,
    0.5175438523292542,
    0.5219298005104065,
    0.5438596606254578,
    0.5175438523292542,
    0.5131579041481018,
    0.5175438523292542,
    0.5219298005104065,
    0.5131579041481018,
    0.5219298005104065,
    0.5219298005104065,
    0.5175438523292542,
    0.5131579041481018,
    0.5175438523292542
  ],
  "val_loss": [
    1.2289938926696777,
    1.1259819269180298,
    1.0879937410354614,
    1.07456636428833,
    1.0615887641906738,
    1.040915608406067,
    1.0268795490264893,
    1.0166995525360107,
    1.0139127969741821,
    1.0151127576828003,
    1.0043294429779053,
    1.007889986038208,
    1.0042328834533691,
    0.9965441226959229,
    0.9953212141990662,
    0.9988033771514893,
    0.998501181602478,
    0.9904752969741821,
    0.9924720525741577,
    0.9866862893104553,
    0.9784912467002869,
    0.9730504751205444,
    0.9788241982460022,
    0.9929395318031311,
    0.9992265701293945,
    0.99764484167099,
    0.997955858707428,
    0.9992902874946594
  ],
  "learning_rate": [
    0.0010000000474974513,
    0.0010000000474974513,
    0.0010000000474974513,
    0.0010000000474974513,
    0.0010000000474974513,
    0.0010000000474974513,
    0.0010000000474974513,
    0.0010000000474974513,
    0.0010000000474974513,
    0.0010000000474974513,
    0.0010000000474974513,
    0.0010000000474974513,
    0.0010000000474974513,
    0.0010000000474974513,
    0.0010000000474974513,
    0.0010000000474974513,
    0.0010000000474974513,
    0.0010000000474974513,
    0.0010000000474974513,
    0.0010000000474974513,
    0.0010000000474974513,
    0.0010000000474974513,
    0.0010000000474974513,
    0.0010000000474974513,
    0.0010000000474974513,
    0.0005000000237487257,
    0.0005000000237487257,
    0.0005000000237487257
  ]
}