player_id,player_name,season,team,position,games,time,goals,assists,xG,xA,shots,key_passes,yellow,red,npg,npxG,xGChain,xGBuildup
10973,Íñigo Eguaras,2022,,MC,7,526,0,1,0.0138643998652696,0.5513638965785503,1,6,2,0,0,0.0138643998652696,1.4056383091956377,1.226984707638621
10973,Íñigo Eguaras,2022,,DMC,3,228,0,0,0.0674315989017486,0.0646349005401134,2,4,2,0,0,0.0674315989017486,0.8316667936742306,0.7268500030040741
10973,Íñigo Eguaras,2022,,Sub,15,182,1,0,0.7385057955980301,0.0313234999775886,4,1,2,0,1,0.7385057955980301,1.157248911447823,0.8840456055477262
