player_id,player_name,season,team,position,games,time,goals,assists,xG,xA,shots,key_passes,yellow,red,npg,npxG,xGChain,xGBuildup
12822,Álex Valle,2025,,DL,5,449,0,0,0.1164294518530368,0.0191131066530942,3,1,1,0,0,0.1164294518530368,1.439733650535345,1.3513949513435364
12822,Álex Valle,2025,,Sub,2,41,0,0,0.0,0.0,0,0,0,0,0,0.0,0.0930638313293457,0.0930638313293457
12822,Álex Valle,2024,,DL,12,998,0,0,0.3290951885282993,0.4866377115249634,9,10,2,0,0,0.3290951885282993,3.5840908735990524,2.974116440862417
12822,Álex Valle,2024,,Sub,3,44,0,0,0.0,0.0318774618208408,0,1,0,0,0,0.0,0.0965726226568222,0.0965726226568222
