player_id,player_name,season,team,position,games,time,goals,assists,xG,xA,shots,key_passes,yellow,red,npg,npxG,xGChain,xGBuildup
5191,Álvaro Fernández,2024,,GK,8,720,0,0,0.0,0.0515916943550109,0,1,2,0,0,0.0,0.3452037097886204,0.3452037097886204
5191,Álvaro Fernández,2024,,Sub,1,24,0,0,0.0,0.0,0,0,0,0,0,0.0,0.0,0.0
5191,Álvaro Fernández,2022,,GK,11,990,0,0,0.0,0.1514959931373596,0,1,0,0,0,0.0,0.9482991993427276,0.796803206205368
5191,Álvaro Fernández,2021,,GK,12,1080,0,0,0.0,0.0,0,0,0,0,0,0.0,0.3428560979664325,0.3428560979664325
5191,Álvaro Fernández,2020,,GK,22,1980,0,0,0.026911599561572,0.0159561000764369,1,1,0,0,0,0.026911599561572,1.138697512447834,1.1227414086461067
5191,Álvaro Fernández,2016,,Sub,1,43,0,0,0.0,0.0,0,0,0,0,0,0.0,0.0,0.0
