player_id,player_name,season,team,position,games,time,goals,assists,xG,xA,shots,key_passes,yellow,red,npg,npxG,xGChain,xGBuildup
13033,Ümit Akdag,2024,,DC,5,398,0,0,0.0767529448494315,0.054871579632163,2,2,2,0,0,0.0767529448494315,0.483117438852787,0.4469531401991844
13033,Ümit Akdag,2024,,Sub,3,59,0,0,0.0,0.0,0,0,0,0,0,0.0,0.1006641611456871,0.1006641611456871
13033,Ümit Akdag,2024,,DL,1,57,0,0,0.0,0.0,0,0,0,0,0,0.0,0.0398234240710735,0.0398234240710735
