player_id,player_name,season,team,position,games,time,goals,assists,xG,xA,shots,key_passes,yellow,red,npg,npxG,xGChain,xGBuildup
10156,Ángel Algobia,2022,,MC,11,810,0,0,0.1933819055557251,0.0490418002009391,4,2,1,0,0,0.1933819055557251,0.8100727088749409,0.630067503079772
10156,Ángel Algobia,2022,,Sub,15,310,0,0,0.0743688000366091,0.3708563856780529,3,3,2,0,0,0.0743688000366091,1.6749089462682605,1.2603451609611511
