player_id,player_name,season,team,position,games,time,goals,assists,xG,xA,shots,key_passes,yellow,red,npg,npxG,xGChain,xGBuildup
13374,ﾃ］gel Ortiz,2025,,DR,1,90,0,0,0.0,0.0,0,0,0,0,0,0.0,0.0100772539153695,0.0100772539153695
13374,ﾃ］gel Ortiz,2025,,Sub,1,9,0,0,0.0,0.0,0,0,0,0,0,0.0,0.0,0.0
13374,ﾃ］gel Ortiz,2024,,DR,4,348,0,1,0.0122336903586983,0.3685908541083336,1,3,0,0,0,0.0122336903586983,0.925836980342865,0.5572461187839508
13374,ﾃ］gel Ortiz,2024,,Sub,1,4,0,0,0.04275768622756,0.0,1,0,0,0,0,0.04275768622756,0.1371722817420959,0.0944145992398262
