player_id,player_name,season,team,position,games,time,goals,assists,xG,xA,shots,key_passes,yellow,red,npg,npxG,xGChain,xGBuildup
11818,Ângelo,2023,,AMR,4,306,0,1,0.0926888585090637,0.9899453222751616,3,8,0,0,0,0.0926888585090637,1.7812758088111875,1.456268846988678
11818,Ângelo,2023,,Sub,10,200,0,1,0.4157390538603067,0.4740464463829994,4,8,1,0,0,0.4157390538603067,2.1779346521943808,1.4571183007210493
11818,Ângelo,2023,,FWR,2,180,0,0,0.0082293888553977,0.0,1,0,1,0,0,0.0082293888553977,0.5465681292116642,0.5383387543261051
11818,Ângelo,2023,,MR,2,147,0,0,0.0712046697735786,0.0550422840751707,1,2,0,0,0,0.0712046697735786,0.2115078046917915,0.1564655229449272
11818,Ângelo,2023,,ML,1,90,0,1,0.0,1.238588571548462,0,4,0,0,0,0.0,1.4262341260910034,0.1876455396413803
11818,Ângelo,2023,,AML,1,80,0,0,0.0,0.3691941797733307,0,3,0,0,0,0.0,0.3337511122226715,0.2782835662364959
11818,Ângelo,2023,,FWL,1,62,0,0,0.0,0.0210959408432245,0,1,0,0,0,0.0,0.0210959408432245,0.0
