player_id,player_name,season,team,position,games,time,goals,assists,xG,xA,shots,key_passes,yellow,red,npg,npxG,xGChain,xGBuildup
12079,Óscar Estupiñán,2023,,FW,4,239,0,0,0.2219967693090438,0.0096615748479962,5,1,0,0,0,0.2219967693090438,0.2080323137342929,0
12079,Óscar Estupiñán,2023,,Sub,2,20,0,0,0.0471544973552227,0.0,1,0,0,0,0,0.0471544973552227,0.0471544973552227,0
