player_id,player_name,season,team,position,games,time,goals,assists,xG,xA,shots,key_passes,yellow,red,npg,npxG,xGChain,xGBuildup
11816,Abakar Sylla,2024,,DC,10,796,1,0,0.6310701929032803,0.0,5,0,2,0,1,0.6310701929032803,2.9495666678994894,2.9495666678994894
11816,Abakar Sylla,2024,,Sub,11,148,0,0,0.0,0.0580236352980136,0,1,0,1,0,0.0,0.4554843306541443,0.4554843306541443
11816,Abakar Sylla,2023,,DC,19,1682,2,0,2.2495461450889707,0.2037947885692119,10,5,3,0,2,2.2495461450889707,5.214358264580369,5.133856536820531
11816,Abakar Sylla,2023,,Sub,3,116,0,0,0.0096405521035194,0.0,1,0,1,0,0,0.0096405521035194,0.706556648015976,0.6969160884618759
