player_id,player_name,season,team,position,games,time,goals,assists,xG,xA,shots,key_passes,yellow,red,npg,npxG,xGChain,xGBuildup
11046,Abdallah Sima,2025,,Sub,3,61,1,0,0.0862142741680145,0.0559176206588745,1,2,1,0,1,0.0862142741680145,0.1441413909196853,0.0882237702608108
11046,Abdallah Sima,2024,,FWL,8,541,1,0,1.3706381898373363,0.0,12,0,0,0,1,1.3706381898373363,1.291453955695033,0.4954192191362381
11046,Abdallah Sima,2024,,AML,4,295,2,0,1.8006766736507416,0.4766342043876648,9,4,1,0,2,1.8006766736507416,1.2546762526035309,0.0766031891107559
11046,Abdallah Sima,2024,,Sub,13,260,2,2,2.471315450966358,0.9731915621086956,10,4,1,0,2,2.471315450966358,3.551601846702397,0.7466933336108923
11046,Abdallah Sima,2024,,ML,2,133,1,0,2.053102970123291,0.2500438373535871,7,5,0,0,1,2.053102970123291,2.1845338940620422,0.0
11046,Abdallah Sima,2022,,FW,16,1260,3,0,2.308451635763049,0.9834410101175308,20,6,0,0,3,2.308451635763049,4.6158925332129,2.1675209049135447
11046,Abdallah Sima,2022,,Sub,15,303,1,1,0.9199271500110626,0.6348279640078545,10,5,0,0,1,0.9199271500110626,2.194077953696251,0.8210881520062685
11046,Abdallah Sima,2022,,FWR,2,171,1,0,1.0044350326061249,0.0972953988239169,5,2,0,0,1,1.0044350326061249,1.182457000017166,0.0807263031601905
11046,Abdallah Sima,2022,,AML,1,90,0,0,0.2283850014209747,0.090873397886753,4,2,0,0,0,0.2283850014209747,0.2197989970445633,0.0
