player_id,player_name,season,team,position,games,time,goals,assists,xG,xA,shots,key_passes,yellow,red,npg,npxG,xGChain,xGBuildup
13904,Abdoulaye Faye,2025,,DC,6,531,0,0,0.4847129695117473,0,6,0,5,0,0,0.4847129695117473,1.6301908567547798,1.6301908567547798
13904,Abdoulaye Faye,2025,,Sub,1,38,0,0,0.0,0,0,0,0,0,0,0.0,0.3180446028709411,0.3180446028709411
