player_id,player_name,season,team,position,games,time,goals,assists,xG,xA,shots,key_passes,yellow,red,npg,npxG,xGChain,xGBuildup
10307,Abdu Conté,2022,,DL,6,499,0,1,0.0,0.364421010017395,0,5,0,0,0,0.0,0.7462610900402069,0.5048950016498566
10307,Abdu Conté,2022,,DML,5,443,0,1,0.1619573011994362,0.4814660102128982,2,4,0,0,0,0.1619573011994362,1.0736548881977797,0.4713560119271278
10307,Abdu Conté,2022,,DC,3,203,0,0,0.0,0.0,0,0,0,0,0,0.0,0.2042407020926475,0.2042407020926475
10307,Abdu Conté,2022,,Sub,4,93,1,0,0.4047499895095825,0.7480158060789108,2,4,0,0,1,0.4047499895095825,1.1160118132829666,0.0490886010229587
10307,Abdu Conté,2022,,ML,1,79,0,0,0.0,0.0632475987076759,0,1,0,0,0,0.0,0.2329729944467544,0.2329729944467544
10307,Abdu Conté,2021,,DL,11,867,0,1,0.1724198013544082,1.1665454022586346,4,5,0,0,0,0.1724198013544082,2.168990071862936,0.8668312020599842
10307,Abdu Conté,2021,,DML,3,241,0,0,0.0840933993458747,0.4589940011501312,1,2,1,0,0,0.0840933993458747,0.543087400496006,0.4363729953765869
10307,Abdu Conté,2021,,DC,2,180,0,0,0.0,0.0197334997355937,0,1,1,0,0,0.0,0.0606914013624191,0.0409579016268253
10307,Abdu Conté,2021,,ML,1,90,0,0,0.0,0.572172999382019,0,2,0,0,0,0.0,0.572172999382019,0.0669758021831512
