player_id,player_name,season,team,position,games,time,goals,assists,xG,xA,shots,key_passes,yellow,red,npg,npxG,xGChain,xGBuildup
11318,Abner,2025,,DL,5,407,0,0,0.7956679463386536,0.3998046759516001,5,3,2,0,0,0.7956679463386536,3.663830995559693,2.762218914926052
11318,Abner,2024,,DL,9,793,1,0,0.0884760310873389,0.1970466449856758,3,2,0,0,1,0.0884760310873389,3.923115306533873,3.6375926434993744
11318,Abner,2024,,DML,3,227,0,0,0.1632645390927791,0.1786282546818256,3,6,1,0,0,0.1632645390927791,0.5879591554403305,0.3453636430203914
11318,Abner,2024,,Sub,7,74,0,1,0.7545261383056641,0.7189509719610214,1,3,0,0,0,0.7545261383056641,1.623295322060585,0.868769183754921
11318,Abner,2023,,DL,15,1240,0,1,0.1778232231736183,0.8201594017446041,4,6,3,0,0,0.1778232231736183,3.7703902944922447,3.462953016161918
11318,Abner,2023,,Sub,8,144,0,0,0.0,0.4406243339180946,0,2,0,0,0,0.0,1.4213224053382874,0.9806980416178704
11318,Abner,2022,,DL,7,536,0,0,0.587710321880877,0.1351079940795898,3,1,2,0,0,0.587710321880877,1.0554978884756565,0.4828808940947056
11318,Abner,2022,,Sub,6,67,0,0,1.2317129969596865,0.0112592475488781,2,1,0,0,0,1.2317129969596865,1.2680072681978345,0.0250351000577211
