player_id,player_name,season,team,position,games,time,goals,assists,xG,xA,shots,key_passes,yellow,red,npg,npxG,xGChain,xGBuildup
12519,Aboubacar Ali Abdallah,2023,,FWL,1,60,0,0,0.0,0.0,0,0,0,0,0,0.0,0.0156945493072271,0.0156945493072271
12519,Aboubacar Ali Abdallah,2023,,Sub,8,47,0,1,0.1611940115690231,0.2815385162830353,4,1,0,0,0,0.1611940115690231,0.3947649262845516,0.0
