player_id,player_name,season,team,position,games,time,goals,assists,xG,xA,shots,key_passes,yellow,red,npg,npxG,xGChain,xGBuildup
14049,Abu Francis,2025,,MC,4,304,0,0,0.1457728780806064,0,4,0,0,0,0,0.1457728780806064,1.2137141413986683,1.067941281944513
14049,Abu Francis,2025,,Sub,1,42,0,0,0.0,0,0,0,1,0,0,0.0,0.0993342250585556,0.0993342250585556
