player_id,player_name,season,team,position,games,time,goals,assists,xG,xA,shots,key_passes,yellow,red,npg,npxG,xGChain,xGBuildup
14024,Adam Daghim,2025,,AMR,2,180,1,0,0.4562510848045349,0,3,0,0,0,1,0.4562510848045349,0.8627706542611122,0.4904419556260109
14024,Adam Daghim,2025,,Sub,3,83,0,0,0.1132898852229118,0,3,0,0,0,0,0.1132898852229118,0.4680259972810745,0.3547361046075821
