player_id,player_name,season,team,position,games,time,goals,assists,xG,xA,shots,key_passes,yellow,red,npg,npxG,xGChain,xGBuildup
12409,Adam Wharton,2025,,MC,7,562,0,0,0.124299556016922,2.2270916886627674,4,13,1,0,0,0.124299556016922,2.7705970406532288,1.8891013264656067
12409,Adam Wharton,2024,,MC,16,1263,0,2,0.3357602218165993,3.22779368981719,13,24,2,0,0,0.3357602218165993,5.5508395079523325,4.387921958230436
12409,Adam Wharton,2024,,Sub,4,74,0,0,0.0,0.1246775537729263,0,2,0,0,0,0.0,0.9863802120089532,0.861702673137188
12409,Adam Wharton,2023,,MC,14,1180,0,3,0.3555116150528192,2.5087561272084717,10,19,2,0,0,0.3555116150528192,6.039231888949871,4.61025754455477
12409,Adam Wharton,2023,,DMC,1,90,0,0,0.0,0.0475223138928413,0,1,0,0,0,0.0,0.2413810044527053,0.1938586831092834
12409,Adam Wharton,2023,,Sub,1,63,0,0,0.0,0.0,0,0,0,0,0,0.0,0.0240128971636295,0.0240128971636295
