player_id,player_name,season,team,position,games,time,goals,assists,xG,xA,shots,key_passes,yellow,red,npg,npxG,xGChain,xGBuildup
13734,Adam Karabec,2025,,AMR,6,481,0,0,0.6200438886880875,0.721176203340292,5,9,0,0,0,0.6200438886880875,4.01144589483738,3.021589085459709
13734,Adam Karabec,2025,,Sub,2,14,1,0,0.6717562079429626,0.0491659380495548,1,1,1,0,1,0.6717562079429626,0.1265358924865722,0.1265358924865722
