player_id,player_name,season,team,position,games,time,goals,assists,xG,xA,shots,key_passes,yellow,red,npg,npxG,xGChain,xGBuildup
8867,Adrián Bernabé,2025,,MC,7,565,0,0,0.3267573807388544,0.7821284271776676,12,9,0,0,0,0.3267573807388544,1.3376905601471665,0.5787620842456818
8867,Adrián Bernabé,2024,,DMC,8,714,0,0,0.6615516245365143,1.158464439213276,16,17,1,0,0,0.6615516245365143,5.071729227900505,4.250484392046928
8867,Adrián Bernabé,2024,,MC,9,529,0,0,0.7455809824168682,0.132011174224317,7,4,0,0,0,0.7455809824168682,2.0512466114014387,1.8064092099666595
8867,Adrián Bernabé,2024,,Sub,3,139,1,1,0.0916836354881525,0.3290112614631653,3,1,0,0,1,0.0916836354881525,1.1908578518778086,0.7873074058443308
8867,Adrián Bernabé,2024,,AMC,1,82,0,0,0.0134283499792218,0.0307767409831285,1,1,0,0,0,0.0134283499792218,0.1383749097585678,0.1249465569853782
