player_id,player_name,season,team,position,games,time,goals,assists,xG,xA,shots,key_passes,yellow,red,npg,npxG,xGChain,xGBuildup
12024,Adson,2023,,AMC,2,125,0,0,0.0285879261791706,0.0484586358070373,1,2,0,0,0,0.0285879261791706,0.0717616816982626,0.0442878594622015
12024,Adson,2023,,Sub,6,95,0,0,0.2431796379387378,0.0309228207916021,4,1,0,0,0,0.2431796379387378,1.2611507549881935,1.1332900896668434
