player_id,player_name,season,team,position,games,time,goals,assists,xG,xA,shots,key_passes,yellow,red,npg,npxG,xGChain,xGBuildup
12017,Agustín Martegani,2023,,MC,5,385,1,0,0.4414772503077984,0.1342273987829685,6,2,0,0,1,0.4414772503077984,0.6559066390618682,0.2218574285507202
12017,Agustín Martegani,2023,,Sub,12,260,0,0,0.2522149570286274,0.1118970811367034,8,3,1,0,0,0.2522149570286274,0.9810419958084822,0.7348680794239044
12017,Agustín Martegani,2023,,AMC,1,72,0,0,0.0179022662341594,0.0950278937816619,1,1,0,0,0,0.0179022662341594,0.286285251379013,0.1733551025390625
