player_id,player_name,season,team,position,games,time,goals,assists,xG,xA,shots,key_passes,yellow,red,npg,npxG,xGChain,xGBuildup
3699,Aissa Laidouni,2023,,MC,10,792,0,3,0.5734290108084679,0.7436068542301655,8,4,0,0,0,0.5734290108084679,3.262253717519343,2.1072631189599638
3699,Aissa Laidouni,2023,,Sub,13,237,0,0,0.1947822961956262,0.7573143094778061,5,8,2,0,0,0.1947822961956262,1.5789553700014949,0.9064203538000584
3699,Aissa Laidouni,2022,,MC,10,740,0,0,0.1197039857506752,0.2353430464863777,2,3,4,0,0,0.1197039857506752,0.7699814457446337,0.4908174630254507
3699,Aissa Laidouni,2022,,AMC,1,79,0,0,0.0267302002757787,0.0,1,0,0,0,0,0.0267302002757787,0.0878888964653015,0.0611587017774581
3699,Aissa Laidouni,2022,,Sub,3,72,2,0,0.5463826023042202,0.2511748671531677,2,1,0,0,2,0.5463826023042202,1.3948004879057407,0.5972429923713207
3699,Aissa Laidouni,2015,,DR,1,90,0,0,0.0,0.0696709975600242,0,1,0,0,0,0.0,0.1855539977550506,0.1158830001950264
