player_id,player_name,season,team,position,games,time,goals,assists,xG,xA,shots,key_passes,yellow,red,npg,npxG,xGChain,xGBuildup
12049,Aiyegun Tosin,2025,,AMC,3,208,2,0,1.8718680143356323,0.0473474375903606,4,1,0,0,2,1.8718680143356323,1.3120940327644348,0.0716168135404586
12049,Aiyegun Tosin,2025,,FWR,2,162,1,0,0.9900030493736268,0.357818428426981,8,4,0,0,1,0.9900030493736268,1.213699907064438,0.0433822534978389
12049,Aiyegun Tosin,2025,,Sub,3,65,0,0,0.1150938309729099,0.086650863289833,2,1,1,0,0,0.1150938309729099,0.15958197042346,0.0521611832082271
12049,Aiyegun Tosin,2023,,AMC,4,345,1,0,0.4794478230178356,0.0368668250739574,2,2,0,0,1,0.4794478230178356,0.5350155364722013,0.040640715509653
12049,Aiyegun Tosin,2023,,FW,4,266,1,0,0.559305764734745,0.0954311154782772,4,3,0,0,1,0.559305764734745,1.271986462175846,0.6445651650428772
12049,Aiyegun Tosin,2023,,Sub,9,147,0,0,0.0993860037997365,0.1860359236598014,3,2,0,1,0,0.0993860037997365,0.4047676166519522,0.1193456938490271
12049,Aiyegun Tosin,2023,,AML,1,77,0,0,0.0251965653151273,0.0,1,0,0,0,0,0.0251965653151273,0.0251965653151273,0.0
12049,Aiyegun Tosin,2023,,ML,1,65,0,0,0.0106850154697895,0.0,1,0,0,0,0,0.0106850154697895,0.0106850154697895,0.0
