player_id,player_name,season,team,position,games,time,goals,assists,xG,xA,shots,key_passes,yellow,red,npg,npxG,xGChain,xGBuildup
9023,Ajdin Hrustic,2022,,AMC,3,192,0,0,0.2080470025539398,0.5612438954412937,3,3,0,0,0,0.2080470025539398,0.3683396950364113,0.1200948022305965
9023,Ajdin Hrustic,2022,,Sub,3,36,0,0,0.0,0.0,0,0,0,0,0,0.0,0.2331690043210983,0.2331690043210983
9023,Ajdin Hrustic,2021,,MC,6,472,0,0,0.1984456023201346,0.24079380184412,10,4,0,0,0,0.1984456023201346,0.9382826909422874,0.8174763955175877
9023,Ajdin Hrustic,2021,,DMC,3,233,0,0,0.1282640993595123,0.5574049772694707,6,3,1,0,0,0.1282640993595123,1.6296383142471311,1.5465291552245617
9023,Ajdin Hrustic,2021,,Sub,14,232,2,0,0.6914289072155952,0.1410128977149725,13,3,1,0,2,0.6914289072155952,1.103654406964779,0.5052927881479263
9023,Ajdin Hrustic,2020,,Sub,10,183,1,0,0.1921378951519727,0.0491450987756252,5,1,1,0,1,0.1921378951519727,1.263977974653244,1.0942590776830912
9023,Ajdin Hrustic,2020,,MC,1,77,0,0,0.0965642035007476,0.0910258963704109,2,3,1,0,0,0.0965642035007476,0.236295998096466,0.1397320032119751
