player_id,player_name,season,team,position,games,time,goals,assists,xG,xA,shots,key_passes,yellow,red,npg,npxG,xGChain,xGBuildup
9639,Akim Zedadka,2022,,DR,11,907,1,0,0.1747815422713756,0.654958383180201,4,7,1,0,1,0.1747815422713756,1.7370731197297573,1.0709968246519566
9639,Akim Zedadka,2022,,DMR,10,838,0,0,0.3976645991206169,0.6372837089002132,8,7,4,0,0,0.3976645991206169,3.2931887805461884,2.347913134843111
9639,Akim Zedadka,2022,,DML,2,180,0,0,0.0,0.1318770051002502,0,2,1,0,0,0.0,0.4891008734703064,0.3572244718670845
9639,Akim Zedadka,2022,,Sub,5,42,0,0,0.0,0.1292269062250852,0,3,0,0,0,0.0,0.1234502103179693,0.0866831075400114
9639,Akim Zedadka,2021,,DR,37,3321,0,3,1.5837546708062291,3.5000787125900388,31,46,5,0,0,1.5837546708062291,9.972251677885652,6.84621880762279
9639,Akim Zedadka,2021,,Sub,1,14,0,0,0.0,0.0,0,0,0,0,0,0.0,0.0,0.0
