player_id,player_name,season,team,position,games,time,goals,assists,xG,xA,shots,key_passes,yellow,red,npg,npxG,xGChain,xGBuildup
11783,Akor Adams,2025,,FW,3,270,0,1,1.16647270321846,0.0509388819336891,8,1,0,0,0,1.16647270321846,1.2314589321613312,0.4116829689592123
11783,Akor Adams,2025,,Sub,4,69,2,0,0.9274122416973114,0.0248710811138153,3,1,1,0,2,0.9274122416973114,0.9522833228111268,0.0
11783,Akor Adams,2024,,FW,14,1133,3,1,5.32696445286274,0.778080235235393,26,11,2,0,3,5.32696445286274,6.262538015842438,0.9196981219574808
11783,Akor Adams,2024,,Sub,5,68,0,0,0.1325699836015701,0.0,2,0,0,0,0,0.1325699836015701,0.1325699836015701,0.0
11783,Akor Adams,2023,,FW,27,2221,8,1,13.502493038773537,1.9707514513283968,77,18,2,0,8,13.502493038773537,14.238443471491337,1.2153572840616107
11783,Akor Adams,2023,,Sub,5,83,0,0,0.2132063210010528,0.0,2,0,0,0,0,0.2132063210010528,0.3068424165248871,0.0936360955238342
