player_id,player_name,season,team,position,games,time,goals,assists,xG,xA,shots,key_passes,yellow,red,npg,npxG,xGChain,xGBuildup
13423,Al Musrati,2025,,Sub,2,51,0,0,0.0,0.1026408746838569,0,1,0,0,0,0.0,0.1026408746838569,0.0
13423,Al Musrati,2024,,DMC,3,228,0,0,0.1551342159509658,0.1003446951508522,5,2,0,0,0,0.1551342159509658,1.825107678771019,1.6425580233335495
13423,Al Musrati,2024,,Sub,7,145,1,1,0.2052903287112712,0.5046209096908569,6,3,0,0,1,0.2052903287112712,2.774694073945284,2.161946512758732
