player_id,player_name,season,team,position,games,time,goals,assists,xG,xA,shots,key_passes,yellow,red,npg,npxG,xGChain,xGBuildup
12078,Alan Matturro,2024,,DC,7,630,0,0,0.1373393619433045,0.1125898361206054,3,2,2,0,0,0.1373393619433045,1.219745110720396,1.0680077783763409
12078,Alan Matturro,2024,,DL,2,180,0,0,0.0205333232879638,0.0,1,0,0,0,0,0.0205333232879638,0.0196797996759414,0.0196797996759414
12078,Alan Matturro,2024,,Sub,4,78,0,0,0.0,0.1199390590190887,0,1,0,0,0,0.0,0.1199390590190887,0.0
12078,Alan Matturro,2023,,DML,1,82,0,0,0.0,0.0,0,0,0,0,0,0.0,0.1822539418935775,0.1822539418935775
12078,Alan Matturro,2023,,Sub,5,19,0,0,0.048380397260189,0.0,1,0,0,0,0,0.048380397260189,0.1088604182004928,0.1088604182004928
