player_id,player_name,season,team,position,games,time,goals,assists,xG,xA,shots,key_passes,yellow,red,npg,npxG,xGChain,xGBuildup
11412,Alberto Mari,2024,,Sub,1,2,0,0,0.0,0.0,0,0,0,0,0,0.0,0.0,0.0
11412,Alberto Mari,2023,,FW,2,143,1,0,1.2478788197040558,0.1674907207489013,3,2,0,0,0,0.5046011731028557,1.1555009186267853,0.4834090173244476
11412,Alberto Mari,2023,,Sub,14,86,0,1,0.7465803772211075,0.786248218268156,4,4,0,0,0,0.7465803772211075,1.4891693852841854,0.1378686726093292
11412,Alberto Mari,2022,,Sub,5,67,1,0,0.3527105562388897,0.0,2,0,1,0,1,0.3527105562388897,0.3680018689483404,0.0152913127094507
