player_id,player_name,season,team,position,games,time,goals,assists,xG,xA,shots,key_passes,yellow,red,npg,npxG,xGChain,xGBuildup
12880,Albert Grønbæk,2025,,AML,1,61,0,0,0.0,0.1321971267461776,0,2,0,0,0,0.0,0.4720934927463531,0.3398963809013366
12880,Albert Grønbæk,2024,,AMC,7,507,0,0,0.6683463789522648,0.5857762061059475,14,11,1,0,0,0.6683463789522648,1.3147338442504406,0.2926148436963558
12880,Albert Grønbæk,2024,,Sub,9,182,1,0,1.1213051527738571,0.2032384648919105,6,4,0,0,1,1.1213051527738571,1.3957749605178833,0.1943243648856878
12880,Albert Grønbæk,2024,,FWL,2,117,1,1,0.2613557502627373,0.0534242764115333,3,1,0,0,1,0.2613557502627373,0.4749526083469391,0.2953646574169397
12880,Albert Grønbæk,2024,,ML,1,90,0,0,0.0624217465519905,0.1177622824907302,1,3,0,0,0,0.0624217465519905,0.563284158706665,0.4076597988605499
12880,Albert Grønbæk,2024,,FW,1,70,0,0,0.0,0.0312254857271909,0,1,0,0,0,0.0,0.0232340265065431,0.0232340265065431
