player_id,player_name,season,team,position,games,time,goals,assists,xG,xA,shots,key_passes,yellow,red,npg,npxG,xGChain,xGBuildup
13973,Albian Hajdari,2025,,DC,4,349,0,0,0.3980940207839012,0,2,0,1,0,0,0.3980940207839012,0.4783783927559852,0.3801905401051044
13973,Albian Hajdari,2025,,Sub,1,15,0,0,0.0,0,0,0,0,0,0,0.0,0.0431102737784385,0.0431102737784385
