player_id,player_name,season,team,position,games,time,goals,assists,xG,xA,shots,key_passes,yellow,red,npg,npxG,xGChain,xGBuildup
11547,Aleksandar Pavlovic,2025,,DMC,3,270,1,0,0.3829314112663269,0.0805584788322448,1,1,1,0,1,0.3829314112663269,1.8471346497535703,1.4642032384872437
11547,Aleksandar Pavlovic,2025,,Sub,3,73,0,0,0.0,0.0,0,0,0,0,0,0.0,0.2693593502044678,0.2693593502044678
11547,Aleksandar Pavlovic,2024,,DMC,17,1306,1,0,0.6196600720286369,0.2218627166002988,7,6,2,0,1,0.6196600720286369,11.65635073184967,11.438385367393494
11547,Aleksandar Pavlovic,2024,,MC,1,90,0,0,0.0455713458359241,0.0,1,0,0,0,0,0.0455713458359241,0.2279638200998306,0.2279638200998306
11547,Aleksandar Pavlovic,2024,,Sub,3,72,0,0,0.0335869491100311,0.0278762802481651,1,1,0,0,0,0.0335869491100311,1.877067804336548,1.849191516637802
11547,Aleksandar Pavlovic,2023,,DMC,12,1018,2,1,1.192751821130514,1.2208895739167929,6,8,5,0,2,1.192751821130514,5.27652083337307,4.699732765555382
11547,Aleksandar Pavlovic,2023,,Sub,5,112,0,1,0.1520943026989698,0.268475417047739,2,2,1,0,0,0.1520943026989698,1.748323779553175,1.3500013016164305
11547,Aleksandar Pavlovic,2023,,MC,2,96,0,0,0.0,0.0240171086043119,0,1,0,0,0,0.0,0.7906008884310722,0.7906008884310722
