player_id,player_name,season,team,position,games,time,goals,assists,xG,xA,shots,key_passes,yellow,red,npg,npxG,xGChain,xGBuildup
7911,Aleksa Terzic,2022,,DL,8,684,0,1,0.0746657941490411,0.8985487129539251,3,14,1,0,0,0.0746657941490411,1.547751046717167,0.7833363600075245
7911,Aleksa Terzic,2022,,Sub,14,218,1,0,0.6281558834016323,0.914054911583662,6,11,1,0,1,0.6281558834016323,2.13503984361887,1.3717717118561268
7911,Aleksa Terzic,2021,,Sub,13,147,0,0,0.0,0.2656347081065178,0,3,0,0,0,0.0,0.516945006325841,0.357707405462861
7911,Aleksa Terzic,2021,,DL,1,90,0,1,0.0,0.4010330140590668,0,2,1,0,0,0.0,0.4308370053768158,0.0298033002763986
7911,Aleksa Terzic,2019,,Sub,2,5,0,0,0.0,0.0,0,0,0,0,0,0.0,0.0,0.0
