player_id,player_name,season,team,position,games,time,goals,assists,xG,xA,shots,key_passes,yellow,red,npg,npxG,xGChain,xGBuildup
14059,Alemão,2025,,FW,4,291,0,0,0.7493530306965113,0,5,0,0,0,0,0.7493530306965113,0.7668805960565805,0.1269942820072174
14059,Alemão,2025,,Sub,2,52,0,0,0.2157259583473205,0,4,0,0,0,0,0.2157259583473205,0.2757925242185592,0.0600665621459484
