player_id,player_name,season,team,position,games,time,goals,assists,xG,xA,shots,key_passes,yellow,red,npg,npxG,xGChain,xGBuildup
9322,Alessandro Bianco,2024,,MC,29,2479,0,0,0.7783817732706666,1.455137001350522,24,17,7,0,0,0.7783817732706666,6.181931369006634,4.914733601734042
9322,Alessandro Bianco,2024,,Sub,6,157,1,0,0.6155940294265747,0.0183109547942876,2,1,2,0,1,0.6155940294265747,0.6339049860835075,0.0
9322,Alessandro Bianco,2022,,DMC,2,113,0,0,0.0533926989883184,0.009255819953978,2,1,0,0,0,0.0533926989883184,0.2406489923596382,0.1780012026429176
9322,Alessandro Bianco,2022,,Sub,5,35,0,0,0.0,0.0,0,0,1,0,0,0.0,0.0812668874859809,0.0812668874859809
