player_id,player_name,season,team,position,games,time,goals,assists,xG,xA,shots,key_passes,yellow,red,npg,npxG,xGChain,xGBuildup
12996,Alessio Iovine,2024,,DR,3,228,0,0,0.0,0.0220214072614908,0,1,1,0,0,0.0,0.2287377472966909,0.2067163344472646
12996,Alessio Iovine,2024,,Sub,7,145,0,0,0.0153612773865461,0.1756882891058921,1,2,1,0,0,0.0153612773865461,0.5171191990375519,0.4361401945352554
