player_id,player_name,season,team,position,games,time,goals,assists,xG,xA,shots,key_passes,yellow,red,npg,npxG,xGChain,xGBuildup
12124,Alessandro Vogliacco,2024,,DC,17,1345,2,0,1.5824130047112703,0.124764054082334,6,4,4,0,2,1.5824130047112703,2.2806329764425755,2.224863972514868
12124,Alessandro Vogliacco,2024,,Sub,4,107,0,0,0.0,0.0,0,0,0,0,0,0.0,0.1616968214511871,0.1616968214511871
12124,Alessandro Vogliacco,2024,,DR,1,47,0,0,0.0,0.0,0,0,1,0,0,0.0,0.0,0.0
12124,Alessandro Vogliacco,2023,,DC,13,1049,0,1,0.2210755627602338,0.4359618034213781,5,12,4,0,0,0.2210755627602338,1.56037182174623,1.0966129060834646
12124,Alessandro Vogliacco,2023,,DMR,1,90,0,0,0.0,0.0,0,0,0,0,0,0.0,0.1914944797754287,0.1914944797754287
12124,Alessandro Vogliacco,2023,,Sub,6,44,0,0,0.0,0.0409801006317138,0,1,0,0,0,0.0,0.500168215483427,0.500168215483427
