player_id,player_name,season,team,position,games,time,goals,assists,xG,xA,shots,key_passes,yellow,red,npg,npxG,xGChain,xGBuildup
10810,Alexsandro Ribeiro,2025,,DC,4,316,0,0,0.0632263012230396,0.0,3,0,0,0,0,0.0632263012230396,2.368547663092613,2.368547663092613
10810,Alexsandro Ribeiro,2024,,DC,30,2700,1,1,1.2038547564297917,0.6979309292510152,21,9,10,0,1,1.2038547564297917,11.815566362813115,11.478279726579784
10810,Alexsandro Ribeiro,2023,,DC,24,2145,0,0,2.417301008477807,1.0118668656796217,16,5,6,1,0,2.417301008477807,7.214385607279837,7.075269260443747
10810,Alexsandro Ribeiro,2023,,Sub,5,62,0,0,0.0262939389795064,0.0,1,0,0,0,0,0.0262939389795064,0.2962304204702377,0.2699364721775055
10810,Alexsandro Ribeiro,2022,,DC,16,1422,3,0,1.5569139011204245,0.0825890973210334,16,2,2,0,3,1.5569139011204245,7.027908598072827,6.977400493808091
10810,Alexsandro Ribeiro,2022,,Sub,5,181,0,0,0.1464319974184036,0.0,1,0,2,0,0,0.1464319974184036,0.8102623987942934,0.8102623987942934
