player_id,player_name,season,team,position,games,time,goals,assists,xG,xA,shots,key_passes,yellow,red,npg,npxG,xGChain,xGBuildup
9900,Alexis Beka Beka,2022,,MC,4,289,0,0,0.1386725381016731,0.0554851619526743,5,2,1,0,0,0.1386725381016731,0.4664103500545025,0.3283083774149418
9900,Alexis Beka Beka,2022,,DMC,2,131,0,0,0.039980698376894,0.015235099941492,2,1,1,1,0,0.039980698376894,0.0811830982565879,0.0259672999382019
9900,Alexis Beka Beka,2022,,Sub,8,128,0,0,0.4209860526025295,0.1157120019197464,6,2,1,0,0,0.4209860526025295,1.0861351639032364,0.6412183940410614
9900,Alexis Beka Beka,2022,,DMR,1,64,0,0,0.0,0.0,0,0,0,0,0,0.0,0.0503421984612941,0.0503421984612941
9900,Alexis Beka Beka,2022,,MR,1,48,0,0,0.0,0.0,0,0,0,0,0,0.0,0.0608575008809566,0.0608575008809566
9900,Alexis Beka Beka,2021,,DMC,9,736,0,2,0.382002305239439,0.2124271020293235,11,6,3,0,0,0.382002305239439,1.5063900128006935,1.1808823123574257
9900,Alexis Beka Beka,2021,,MC,6,498,0,1,0.1860561966896057,0.2517017014324665,7,5,1,0,0,0.1860561966896057,1.0037803873419762,0.6629205103963614
9900,Alexis Beka Beka,2021,,Sub,4,84,0,0,0.0456742001697421,0.0,2,0,1,0,0,0.0456742001697421,0.4263607887551188,0.3806871995329857
