player_id,player_name,season,team,position,games,time,goals,assists,xG,xA,shots,key_passes,yellow,red,npg,npxG,xGChain,xGBuildup
12936,Alexander Bernhardsson,2024,,FW,8,592,6,1,2.791750220581889,0.4678277224302292,13,4,0,0,6,2.791750220581889,4.861084654927254,1.6351522207260132
12936,Alexander Bernhardsson,2024,,AMC,5,417,1,1,0.8578140921890736,1.0971014760434628,5,8,1,0,1,0.8578140921890736,2.2034859731793404,0.9061323907226324
12936,Alexander Bernhardsson,2024,,Sub,4,125,0,0,0.2329897619783878,0.0494234785437583,5,2,1,0,0,0.2329897619783878,0.4827235490083694,0.2775811217725277
12936,Alexander Bernhardsson,2024,,FWR,1,88,0,0,0.0663631185889244,0.0816482380032539,2,1,0,0,0,0.0663631185889244,0.1480113565921783,0.0
12936,Alexander Bernhardsson,2024,,ML,1,66,0,0,0.0324184373021125,0.0,2,0,1,0,0,0.0324184373021125,0.1052771881222724,0.0872692987322807
