player_id,player_name,season,team,position,games,time,goals,assists,xG,xA,shots,key_passes,yellow,red,npg,npxG,xGChain,xGBuildup
5984,Alexandre Oukidja,2023,,GK,34,2987,0,0,0,0.0,0,0,3,0,0,0,2.097907841671258,2.097907841671258
5984,Alexandre Oukidja,2021,,GK,21,1881,0,0,0,0.0,0,0,2,1,0,0,1.6525035984814167,1.6525035984814167
5984,Alexandre Oukidja,2020,,GK,34,3060,0,0,0,0.0160463005304336,0,1,2,1,0,0,3.14268119353801,3.1266341926530004
5984,Alexandre Oukidja,2019,,GK,27,2385,0,0,0,0.0503825992345809,0,2,3,0,0,0,1.2325451206415892,1.182162421755493
5984,Alexandre Oukidja,2017,,GK,16,1440,0,0,0,0.0,0,0,1,0,0,0,0.6926217954605818,0.6926217954605818
5984,Alexandre Oukidja,2017,,Sub,1,17,0,0,0,0.0,0,0,0,0,0,0,0.0,0.0
