player_id,player_name,season,team,position,games,time,goals,assists,xG,xA,shots,key_passes,yellow,red,npg,npxG,xGChain,xGBuildup
12997,Alieu Fadera,2025,,Sub,6,135,1,1,0.8516620248556137,0.6642340421676636,2,1,0,0,1,0.8516620248556137,1.634528875350952,0.862477645277977
12997,Alieu Fadera,2024,,AML,15,1184,1,3,1.461301475763321,2.2164804693311453,22,14,0,0,1,1.461301475763321,7.150885913521051,3.8310207463800903
12997,Alieu Fadera,2024,,AMR,2,161,0,0,0.083359595388174,0.0733617767691612,2,1,0,0,0,0.083359595388174,0.2526796534657478,0.0959582850337028
12997,Alieu Fadera,2024,,Sub,8,92,0,0,0.2039899472147226,0.335523247718811,3,2,1,0,0,0.2039899472147226,0.8171330094337463,0.2776198387145996
12997,Alieu Fadera,2024,,DML,1,90,0,0,0.0,0.6408783793449402,0,4,0,0,0,0.0,0.7029173970222473,0.5694220066070557
12997,Alieu Fadera,2024,,DL,1,88,0,0,0.0486666411161422,0.0891482457518577,1,2,0,0,0,0.0486666411161422,0.1378148943185806,0.0
12997,Alieu Fadera,2024,,ML,1,37,0,0,0.0,0.0,0,0,1,1,0,0.0,0.0670930221676826,0.0670930221676826
