player_id,player_name,season,team,position,games,time,goals,assists,xG,xA,shots,key_passes,yellow,red,npg,npxG,xGChain,xGBuildup
12052,Aliou Balde,2024,,Sub,5,76,0,0,0.1531138569116592,0.4295373000204563,4,2,1,0,0,0.1531138569116592,0.5562718119472265,0.0278688725084066
12052,Aliou Balde,2023,,Sub,7,58,0,0,0.1142181120812892,0.0,3,0,0,0,0,0.1142181120812892,0.5834536291658878,0.4692355170845985
