player_id,player_name,season,team,position,games,time,goals,assists,xG,xA,shots,key_passes,yellow,red,npg,npxG,xGChain,xGBuildup
12163,Amadou Koné,2024,,MC,13,907,0,0,0.4672324173152447,0.3130498602986336,8,5,2,1,0,0.4672324173152447,2.413429629057646,1.7614747900515797
12163,Amadou Koné,2024,,DMC,4,299,0,0,0.1114342249929905,0.0,3,0,1,0,0,0.1114342249929905,0.5611784607172012,0.5412128791213036
12163,Amadou Koné,2024,,Sub,7,111,0,0,0.0589266559109091,0.1003292258828878,3,3,0,0,0,0.0589266559109091,0.4617897719144821,0.3614742700010538
12163,Amadou Koné,2023,,MC,3,247,0,0,0.1022850163280963,0.1749061197042465,4,1,1,0,0,0.1022850163280963,0.6154860351234674,0.5621058493852615
12163,Amadou Koné,2023,,Sub,12,164,0,0,0.0685033574700355,0.1783732175827026,2,3,0,1,0,0.0685033574700355,0.5007023401558399,0.424876257777214
12163,Amadou Koné,2023,,DMC,1,48,0,0,0.0,0.0,0,0,1,0,0,0.0,0.1192414835095405,0.1192414835095405
