player_id,player_name,season,team,position,games,time,goals,assists,xG,xA,shots,key_passes,yellow,red,npg,npxG,xGChain,xGBuildup
13456,Amar Dedic,2024,,Sub,8,179,0,1,0.6878429874777794,0.7415388450026512,5,2,1,0,0,0.6878429874777794,3.668883435428143,2.768345855176449
13456,Amar Dedic,2024,,DML,1,64,0,0,0.0,0.0,0,0,0,0,0,0.0,0.0206642691045999,0.0206642691045999
13456,Amar Dedic,2024,,DMR,1,46,0,0,0.0274505503475666,0.1147449165582656,1,2,0,0,0,0.0274505503475666,0.3526074588298797,0.3251568973064422
