player_id,player_name,season,team,position,games,time,goals,assists,xG,xA,shots,key_passes,yellow,red,npg,npxG,xGChain,xGBuildup
11752,Amir Richardson,2024,,Sub,17,385,0,0,0.3738722205162048,0.0854426138103008,3,2,3,0,0,0.3738722205162048,1.1885228240862489,1.0338958287611604
11752,Amir Richardson,2024,,MC,5,383,1,1,0.6902121156454086,0.4182596281170845,7,2,2,0,1,0.6902121156454086,1.4712985418736937,0.6450189799070358
11752,Amir Richardson,2024,,DMC,4,252,0,0,0.0186185222119092,0.1200327835977077,1,4,1,0,0,0.0186185222119092,0.4560928419232368,0.3409690633416176
11752,Amir Richardson,2024,,AMC,1,63,0,0,0.0,0.0,0,0,0,0,0,0.0,0.0290791634470224,0.0290791634470224
11752,Amir Richardson,2023,,MC,12,937,3,0,1.5632351972162724,0.3485213480889797,11,4,1,0,3,1.5632351972162724,2.862185683101416,2.1591296419501305
11752,Amir Richardson,2023,,Sub,14,274,0,0,0.4907931555062532,0.2652967553585768,6,6,2,0,0,0.4907931555062532,1.381304044276476,1.087484868243337
11752,Amir Richardson,2023,,DMC,2,143,0,1,0.0,0.6025940179824829,0,2,1,0,0,0.0,0.1688415110111236,0.1364573612809181
