player_id,player_name,season,team,position,games,time,goals,assists,xG,xA,shots,key_passes,yellow,red,npg,npxG,xGChain,xGBuildup
7320,Amos Pieper,2025,,DC,1,90,0,0,0.0,0.0,0,0,0,0,0,0.0,0.0273171737790107,0.0273171737790107
7320,Amos Pieper,2024,,DC,16,1354,0,0,0.6292291637510061,0.0635093301534652,6,3,3,0,0,0.6292291637510061,2.318114947527647,2.2836276553571224
7320,Amos Pieper,2024,,Sub,7,146,0,0,0.0076812822371721,0.252827525138855,1,1,0,0,0,0.0076812822371721,1.025685615837574,0.765176810324192
7320,Amos Pieper,2023,,DC,7,594,0,0,0.3389727566391229,0.5340107679367065,4,1,0,0,0,0.3389727566391229,1.7593848444521427,1.2253740765154362
7320,Amos Pieper,2022,,DC,22,1865,1,1,0.5393118010833859,0.200104396790266,10,4,9,0,1,0.5393118010833859,3.819148436188698,3.660694560036063
7320,Amos Pieper,2022,,Sub,7,89,1,0,0.1112589985132217,0.0638668984174728,1,1,0,0,1,0.1112589985132217,0.0638668984174728,0.0
7320,Amos Pieper,2021,,DC,27,2385,0,0,0.7364614009857178,0.2594447992742061,14,5,2,0,0,0.7364614009857178,2.0512767676264048,1.805378468707204
7320,Amos Pieper,2020,,DC,30,2686,1,1,1.4735314487479627,0.4160664975643158,15,7,6,0,1,1.4735314487479627,3.4635661151260138,3.408298898488283
