player_id,player_name,season,team,position,games,time,goals,assists,xG,xA,shots,key_passes,yellow,red,npg,npxG,xGChain,xGBuildup
12421,Andrej Ilic,2025,,FW,7,630,0,4,3.616933979094029,2.0320959575474262,18,12,2,0,0,2.8591573014855385,4.7296275198459625,0.445712398737669
12421,Andrej Ilic,2024,,FW,11,797,4,0,3.746240088716149,0.1455190945416689,20,3,1,0,3,2.9884634260088205,1.8182797227054837,0.0285914186388254
12421,Andrej Ilic,2024,,Sub,5,157,3,0,1.9205807968974116,0.196567915380001,7,3,0,0,3,1.9205807968974116,2.5005648769438267,0.4288288950920105
12421,Andrej Ilic,2023,,Sub,2,2,0,0,0.0,0.0,0,0,0,0,0,0.0,0.0260431468486785,0.0260431468486785
