player_id,player_name,season,team,position,games,time,goals,assists,xG,xA,shots,key_passes,yellow,red,npg,npxG,xGChain,xGBuildup
12971,Andrés Gómez,2024,,Sub,15,158,2,0,1.355702193453908,0.1299850102514028,6,3,1,0,2,1.355702193453908,2.136267460882664,0.6952222045511007
12971,Andrés Gómez,2024,,MR,1,90,0,0,0.0451092012226581,0.0375431664288044,1,1,0,0,0,0.0451092012226581,0.1687060445547104,0.0860536694526672
12971,Andrés Gómez,2024,,AMR,1,70,1,0,0.106073260307312,0.0255695637315511,2,1,0,0,1,0.106073260307312,0.106073260307312,0.0
