player_id,player_name,season,team,position,games,time,goals,assists,xG,xA,shots,key_passes,yellow,red,npg,npxG,xGChain,xGBuildup
11808,Andrey Santos,2025,,Sub,4,101,0,0,0.5095316544175148,0.0862056836485862,3,2,1,0,0,0.5095316544175148,0.6399950087070465,0.0442576743662357
11808,Andrey Santos,2025,,MC,1,56,0,0,0.0,0.0481408983469009,0,1,0,0,0,0.0,0.1148437485098838,0.1148437485098838
11808,Andrey Santos,2025,,AMC,1,47,0,0,0.3885186910629272,0.0,2,0,0,0,0,0.3885186910629272,0.4036886096000671,0.0151699073612689
11808,Andrey Santos,2024,,MC,23,2051,6,2,5.077616197988391,2.0854435432702303,34,20,5,0,6,5.077616197988391,13.493521289899943,9.264398640021682
11808,Andrey Santos,2024,,DMC,9,810,4,1,1.3967203050851822,1.236173002049327,11,7,3,0,4,1.3967203050851822,3.2532406076788902,2.199647184461355
11808,Andrey Santos,2023,,MC,9,802,1,0,0.9896955862641336,0.5879655871540308,11,6,2,0,1,0.9896955862641336,2.5401321602985263,1.305024053901434
11808,Andrey Santos,2023,,Sub,3,27,0,0,0.0962988194078207,0.0,3,0,1,0,0,0.0962988194078207,0.3530142717063427,0.3288286160677671
