player_id,player_name,season,team,position,games,time,goals,assists,xG,xA,shots,key_passes,yellow,red,npg,npxG,xGChain,xGBuildup
11793,Andy Logbo,2024,,Sub,1,22,0,0,0.3320036232471466,0.0,1,0,0,0,0,0.3320036232471466,0.3320036232471466,0
11793,Andy Logbo,2023,,FW,2,113,0,0,0.1134914085268974,0.0141109600663185,2,1,0,0,0,0.1134914085268974,0.1276023685932159,0
11793,Andy Logbo,2023,,Sub,8,112,0,0,0.2083763480186462,0.0864010341465473,2,2,0,0,0,0.2083763480186462,0.1278317272663116,0
