player_id,player_name,season,team,position,games,time,goals,assists,xG,xA,shots,key_passes,yellow,red,npg,npxG,xGChain,xGBuildup
13530,Ange Tia,2024,,MR,2,121,0,0,0.5016257017850876,0.0117038544267416,4,1,0,0,0,0.5016257017850876,0.5480928272008896,0.0646553076803684
13530,Ange Tia,2024,,Sub,4,45,0,0,0.0,0.0109377289190888,0,1,0,0,0,0.0,0.0938087766990065,0.0938087766990065
