player_id,player_name,season,team,position,games,time,goals,assists,xG,xA,shots,key_passes,yellow,red,npg,npxG,xGChain,xGBuildup
6400,Antonio Martínez,2025,,FW,6,471,2,1,1.90717588737607,0.6223418563604355,14,3,0,0,2,1.90717588737607,1.3547251038253307,0.3121672794222832
6400,Antonio Martínez,2025,,Sub,3,95,0,0,0.0686602517962455,0.0,3,0,0,0,0,0.0686602517962455,0.0877560060471296,0.0486433617770671
6400,Antonio Martínez,2024,,FW,9,674,2,0,1.4277589917182922,0.3120890017598867,24,5,1,0,2,1.4277589917182922,1.4924924932420254,0.4019865039736032
6400,Antonio Martínez,2024,,Sub,19,291,2,0,2.3906072210520506,0.3676064144819975,20,7,0,0,2,2.3906072210520506,3.450979460030794,1.116130530834198
