player_id,player_name,season,team,position,games,time,goals,assists,xG,xA,shots,key_passes,yellow,red,npg,npxG,xGChain,xGBuildup
7412,Antonio Candela,2024,,DC,8,654,0,1,0.066443845629692,0.3590004406869411,1,6,2,0,0,0.066443845629692,2.5581927597522736,2.239223901182413
7412,Antonio Candela,2024,,DR,8,646,0,0,0.0638369340449571,0.2259430214762687,2,4,1,0,0,0.0638369340449571,0.4177780617028475,0.2807140946388244
7412,Antonio Candela,2024,,DMR,6,472,0,0,0.0919992662966251,0.611192986369133,2,5,0,0,0,0.0919992662966251,0.7627274040132761,0.194776851683855
7412,Antonio Candela,2024,,DL,2,139,0,0,0.0,0.0,0,0,0,0,0,0.0,0.3868580162525177,0.3868580162525177
7412,Antonio Candela,2024,,Sub,2,44,0,0,0.0380589738488197,0.0,1,0,0,0,0,0.0380589738488197,0.0380589738488197,0.0
