player_id,player_name,season,team,position,games,time,goals,assists,xG,xA,shots,key_passes,yellow,red,npg,npxG,xGChain,xGBuildup
6133,Antonio Caracciolo,2025,,DC,7,630,0,0,0.2093323469161987,0.0,3,0,2,0,0,0.2093323469161987,0.2557517811655998,0.2557517811655998
6133,Antonio Caracciolo,2017,,DC,31,2747,2,0,1.2021481906995175,0.9544882029294968,16,4,6,0,2,1.2021481906995175,3.074428617954254,2.800391411408782
6133,Antonio Caracciolo,2017,,DR,1,90,0,0,0.0,0.0,0,0,0,0,0,0.0,0.0281409993767738,0.0281409993767738
6133,Antonio Caracciolo,2017,,Sub,1,17,0,0,0.0,0.0,0,0,0,0,0,0.0,0.0,0.0
