player_id,player_name,season,team,position,games,time,goals,assists,xG,xA,shots,key_passes,yellow,red,npg,npxG,xGChain,xGBuildup
8009,Antonino Gallo,2025,,DL,7,569,0,1,0.6687326729297638,0.2716810051351785,2,8,1,0,0,0.6687326729297638,1.062340555712581,0.284394072368741
8009,Antonino Gallo,2024,,DL,30,2576,0,2,0.3414014270529151,3.284633100964129,9,43,3,1,0,0.3414014270529151,6.52662980556488,4.636729661375284
8009,Antonino Gallo,2024,,DML,1,48,0,0,0.0,0.0,0,0,0,0,0,0.0,0.0453136339783668,0.0453136339783668
8009,Antonino Gallo,2023,,DL,30,2379,0,2,0.732964233495295,4.818446824327111,14,43,2,0,0,0.732964233495295,8.854456467553973,5.619301985949278
8009,Antonino Gallo,2023,,Sub,5,147,0,1,0.0280039142817258,0.233844518661499,1,4,0,0,0,0.0280039142817258,0.8089180495589972,0.675772313028574
8009,Antonino Gallo,2022,,DL,28,2417,0,0,0.518067067489028,1.7552995616570115,10,37,3,1,0,0.518067067489028,4.570508321747184,2.641815137118101
8009,Antonino Gallo,2022,,Sub,4,66,0,1,0.0,0.053676500916481,0,1,0,0,0,0.0,0.1189099997282028,0.0652336999773979
