player_id,player_name,season,team,position,games,time,goals,assists,xG,xA,shots,key_passes,yellow,red,npg,npxG,xGChain,xGBuildup
13834,Ao Tanaka,2025,,MC,2,151,0,0,0.1117604449391365,0.0818137899041175,2,2,0,0,0,0.1117604449391365,0.335499458014965,0.1419252082705497
13834,Ao Tanaka,2025,,Sub,4,32,0,0,0.0,0.0712310709059238,0,2,0,0,0,0.0,0.1634204126894474,0.1265505887567997
