player_id,player_name,season,team,position,games,time,goals,assists,xG,xA,shots,key_passes,yellow,red,npg,npxG,xGChain,xGBuildup
10184,Archie Gray,2025,,MC,1,72,0,0,0.0,0.0,0,0,0,0,0,0.0,0.6909223198890686,0.6909223198890686
10184,Archie Gray,2025,,Sub,1,1,0,0,0.0,0.0199539829045534,0,1,0,0,0,0.0,0.0199539829045534,0.0
10184,Archie Gray,2024,,DC,10,900,0,0,0.0,0.0514100566506385,0,1,0,0,0,0.0,3.0343742854893208,2.9829642064869404
10184,Archie Gray,2024,,MC,4,320,0,0,0.0,0.1012285761535167,0,2,0,0,0,0.0,0.3855318650603294,0.3232837319374084
10184,Archie Gray,2024,,DR,3,270,0,0,0.0294456556439399,0.0,1,0,0,0,0,0.0294456556439399,0.1085653342306613,0.0791196748614311
10184,Archie Gray,2024,,DL,1,90,0,0,0.0,0.0,0,0,0,0,0,0.0,0.3668786585330963,0.3668786585330963
10184,Archie Gray,2024,,DMC,1,90,0,0,0.0,0.0,0,0,1,0,0,0.0,0.4079810380935669,0.4079810380935669
10184,Archie Gray,2024,,Sub,9,59,0,0,0.0,0.0,0,0,0,0,0,0.0,0.0846512243151664,0.0846512243151664
