player_id,player_name,season,team,position,games,time,goals,assists,xG,xA,shots,key_passes,yellow,red,npg,npxG,xGChain,xGBuildup
10248,Arijon Ibrahimovic,2025,,ML,2,180,0,0,0.5358486771583557,0.1431047022342682,8,3,0,0,0,0.5358486771583557,0.9227655678987504,0.7717773467302322
10248,Arijon Ibrahimovic,2025,,AMC,2,154,0,0,0.4536615908145904,0.0980214495211839,3,3,0,0,0,0.4536615908145904,0.6395986527204514,0.1178754558786749
10248,Arijon Ibrahimovic,2025,,AMR,2,147,0,0,0.3941167294979095,0.0378236658871173,2,2,0,0,0,0.3941167294979095,0.1874622553586959,0.1233281344175338
10248,Arijon Ibrahimovic,2025,,FWL,1,90,0,0,0.1057471930980682,0.0851342305541038,1,2,0,0,0,0.1057471930980682,0.1057471930980682,0.0
10248,Arijon Ibrahimovic,2024,,Sub,2,7,0,0,0.0620220825076103,0.0,2,0,0,0,0,0.0620220825076103,0.0620220825076103,0.0
10248,Arijon Ibrahimovic,2023,,AML,3,212,1,1,0.4536060094833374,0.2394915977492928,6,4,0,0,1,0.4536060094833374,0.7011890970170498,0.1665686406195163
10248,Arijon Ibrahimovic,2023,,FWL,2,157,0,0,0.1870887354016304,0.780172374099493,3,3,1,0,0,0.1870887354016304,1.5005508214235306,0.8608915656805038
10248,Arijon Ibrahimovic,2023,,Sub,11,94,0,0,0.1310103051364421,0.1299355179071426,3,1,0,0,0,0.1310103051364421,0.4224456958472729,0.3129683658480644
10248,Arijon Ibrahimovic,2022,,Sub,1,12,0,0,0.5974339842796326,0.0419234000146389,2,1,0,0,0,0.5974339842796326,1.175029993057251,0.5849249958992004
