player_id,player_name,season,team,position,games,time,goals,assists,xG,xA,shots,key_passes,yellow,red,npg,npxG,xGChain,xGBuildup
9710,Armel Bella Kotchap,2025,,Sub,3,65,0,0,0.0116307940334081,0.0466984026134014,1,1,0,0,0,0.0116307940334081,0.0,0.0
9710,Armel Bella Kotchap,2024,,DC,2,180,0,0,0.2672498822212219,0.0,1,0,0,0,0,0.2672498822212219,0.6028924286365509,0.6028924286365509
9710,Armel Bella Kotchap,2024,,Sub,2,151,0,0,0.0,0.0,0,0,0,0,0,0.0,0.1117993853986263,0.1117993853986263
9710,Armel Bella Kotchap,2022,,DC,23,1815,0,2,1.270264146849513,1.4630886502563951,14,6,4,0,0,1.270264146849513,4.089548975229263,3.1492065526545048
9710,Armel Bella Kotchap,2022,,DR,1,75,0,0,0.0,0.0,0,0,0,0,0,0.0,0.7480189800262451,0.7480189800262451
9710,Armel Bella Kotchap,2021,,DC,20,1773,0,0,0.8344141822308302,0.0457163006067276,10,2,5,0,0,0.8344141822308302,3.3896181881427765,3.265795592218637
9710,Armel Bella Kotchap,2021,,Sub,2,2,0,0,0.0,0.0,0,0,0,0,0,0.0,0.0,0.0
