player_id,player_name,season,team,position,games,time,goals,assists,xG,xA,shots,key_passes,yellow,red,npg,npxG,xGChain,xGBuildup
9062,Armin Gigovic,2024,,MC,19,1427,3,0,1.5403876937925816,1.962606256827712,15,13,5,0,3,1.5403876937925816,6.077139604836702,3.264906640164554
9062,Armin Gigovic,2024,,AMC,4,315,1,1,0.2913220673799515,0.4805112928152084,6,2,0,0,1,0.2913220673799515,1.59684107452631,0.9383826432749628
9062,Armin Gigovic,2024,,Sub,7,158,1,0,0.1396177895367145,0.0,4,0,0,0,1,0.1396177895367145,0.6103426907211542,0.5227772612124681
9062,Armin Gigovic,2021,,MC,7,545,0,1,0.2555261999368667,0.827698789536953,7,6,1,0,0,0.2555261999368667,1.7919420525431633,0.7087173834443092
9062,Armin Gigovic,2021,,Sub,6,32,0,0,0.0252698007971048,0.0,1,0,0,0,0,0.0252698007971048,0.0585296992212533,0.0332598984241485
9062,Armin Gigovic,2020,,MC,9,712,1,0,1.625549329444766,0.3711314052343368,17,7,3,1,1,1.625549329444766,1.5282121393829584,0.7550888014957309
9062,Armin Gigovic,2020,,Sub,8,207,0,0,0.2746030986309051,0.1253290027379989,5,2,0,0,0,0.2746030986309051,0.588173896074295,0.3297740016132593
