player_id,player_name,season,team,position,games,time,goals,assists,xG,xA,shots,key_passes,yellow,red,npg,npxG,xGChain,xGBuildup
10977,Arnau Puigmal,2023,,DR,1,90,0,0,0.0,0.0,0,0,1,0,0,0.0,0.0577968433499336,0.0577968433499336
10977,Arnau Puigmal,2023,,AML,1,48,0,0,0.0,0.0,0,0,1,0,0,0.0,0.0,0.0
10977,Arnau Puigmal,2023,,AMR,1,48,0,0,0.0,0.0,0,0,0,0,0,0.0,0.0,0.0
10977,Arnau Puigmal,2023,,Sub,8,46,0,0,0.0,0.2230001837015152,0,3,1,0,0,0.0,0.2199572436511516,0.0945286564528942
10977,Arnau Puigmal,2022,,Sub,15,277,0,0,0.3513441430404782,0.2088862508535385,10,5,3,0,0,0.3513441430404782,1.0290012927725911,0.6867743507027626
10977,Arnau Puigmal,2022,,MR,4,276,1,0,0.8226929903030396,0.0166002009063959,4,1,1,0,1,0.8226929903030396,1.1416305601596832,0.3023379407823086
10977,Arnau Puigmal,2022,,AMR,2,131,0,0,0.0192765071988105,0.1970460712909698,1,2,0,0,0,0.0192765071988105,0.1967265531420707,0.0764779578894376
10977,Arnau Puigmal,2022,,AMC,1,66,0,0,0.1148210018873214,0.0,2,0,0,0,0,0.1148210018873214,0.1836879998445511,0.0688671991229057
