player_id,player_name,season,team,position,games,time,goals,assists,xG,xA,shots,key_passes,yellow,red,npg,npxG,xGChain,xGBuildup
12392,Arthur Vermeeren,2025,,Sub,2,8,0,1,0.0,0.021765923127532,0,1,0,0,0,0.0,0.124106153845787,0.124106153845787
12392,Arthur Vermeeren,2024,,MC,14,1063,0,1,0.2179020345211029,0.5480454042553902,4,6,4,0,0,0.2179020345211029,2.870968919247389,2.287650316953659
12392,Arthur Vermeeren,2024,,DMC,4,268,0,1,0.0,0.2839972898364067,0,4,0,0,0,0.0,2.387702714651823,2.1495001018047333
12392,Arthur Vermeeren,2024,,Sub,10,260,0,0,0.0,0.111980814486742,0,2,3,0,0,0.0,0.7655788213014603,0.6879769414663315
12392,Arthur Vermeeren,2023,,MC,2,111,0,0,0.0,0.1251713931560516,0,2,1,0,0,0.0,0.510745570063591,0.4320101514458656
12392,Arthur Vermeeren,2023,,Sub,3,50,0,0,0.0,0.0,0,0,1,0,0,0.0,0.0,0.0
