player_id,player_name,season,team,position,games,time,goals,assists,xG,xA,shots,key_passes,yellow,red,npg,npxG,xGChain,xGBuildup
10905,Assan Ceesay,2022,,FW,20,1553,6,0,5.18865969683975,0.5799130573868752,32,5,1,0,5,4.427360861562192,5.603470988571644,0.9919112306088208
10905,Assan Ceesay,2022,,Sub,14,271,0,0,0.3459570407867431,0.143491543829441,11,3,1,0,0,0.3459570407867431,0.5888932514935732,0.1812323629856109
