player_id,player_name,season,team,position,games,time,goals,assists,xG,xA,shots,key_passes,yellow,red,npg,npxG,xGChain,xGBuildup
11848,Attila Szalai,2023,,DC,3,211,0,0,0.0,0.2913519740104675,0,1,1,0,0,0.0,0.4025936145335436,0.111241640523076
11848,Attila Szalai,2023,,Sub,3,92,0,0,0.0,0.1523107141256332,0,1,0,0,0,0.0,0.1523107141256332,0.1523107141256332
11848,Attila Szalai,2023,,DL,1,90,0,0,0.0074080373160541,0.3221231698989868,1,1,0,0,0,0.0074080373160541,0.8659057021141052,0.5363745093345642
