player_id,player_name,season,team,position,games,time,goals,assists,xG,xA,shots,key_passes,yellow,red,npg,npxG,xGChain,xGBuildup
12298,Augusto Batalla,2025,,GK,9,810,0,0,0.0,0.0201600510627031,0,1,1,0,0,0.0,3.3232256695628166,3.303065620362758
12298,Augusto Batalla,2024,,GK,32,2880,0,0,0.0,0.0251279901713132,0,1,6,0,0,0.0,4.8040439039468765,4.778915913775563
12298,Augusto Batalla,2023,,GK,17,1530,0,0,0.0272234696894884,0.0471705086529254,1,1,3,0,0,0.0272234696894884,2.248191110789776,2.2010206058621407
