player_id,player_name,season,team,position,games,time,goals,assists,xG,xA,shots,key_passes,yellow,red,npg,npxG,xGChain,xGBuildup
11732,Auston Trusty,2023,,DC,21,1890,0,0,0.0955777652561664,0.8152512200176716,2,6,2,0,0,0.0955777652561664,1.8640764951705933,1.481905147433281
11732,Auston Trusty,2023,,DL,5,442,0,0,0.5143859460949898,0.2870300225913524,5,2,2,0,0,0.5143859460949898,0.3978394735604524,0.0926274489611387
11732,Auston Trusty,2023,,DML,2,171,0,0,0.0536410361528396,0.0,1,0,0,0,0,0.0536410361528396,0.0912834294140338,0.0912834294140338
11732,Auston Trusty,2023,,Sub,4,73,0,0,0.0,0.0,0,0,0,0,0,0.0,0.0,0.0
