player_id,player_name,season,team,position,games,time,goals,assists,xG,xA,shots,key_passes,yellow,red,npg,npxG,xGChain,xGBuildup
9671,Béni Makouana,2022,,Sub,7,131,0,0,0.7208468094468117,0.0134637998417019,6,1,1,0,0,0.7208468094468117,0.7550898119807243,0.0207791998982429
9671,Béni Makouana,2022,,AMR,1,48,0,0,0.0,0.0,0,0,0,0,0,0.0,0.0367203988134861,0.0367203988134861
9671,Béni Makouana,2021,,Sub,22,188,0,0,0.2687338963150978,0.489039909094572,6,3,3,0,0,0.2687338963150978,0.6430718060582876,0.0848006997257471
9671,Béni Makouana,2021,,FW,1,90,0,0,0.0878837034106254,0.301147997379303,1,1,1,0,0,0.0878837034106254,0.4094060063362121,0.0203744005411863
