player_id,player_name,season,team,position,games,time,goals,assists,xG,xA,shots,key_passes,yellow,red,npg,npxG,xGChain,xGBuildup
12844,Bahereba Guirassy,2025,,FWL,2,141,0,1,0.0,0.7650269269943237,0,3,0,0,0,0.0,0.7650269269943237,0.0679541528224945
12844,Bahereba Guirassy,2025,,ML,2,122,0,0,0.2254304978996515,0.0,4,0,0,0,0,0.2254304978996515,0.3331396207213402,0.1270952373743057
12844,Bahereba Guirassy,2025,,Sub,2,37,0,0,0.3673939704895019,0.0,1,0,0,0,0,0.3673939704895019,0.3673939704895019,0.0
12844,Bahereba Guirassy,2024,,Sub,17,159,2,0,0.6847039740532637,0.0689417738467454,6,2,0,0,2,0.6847039740532637,0.8708475511521101,0.154949601739645
12844,Bahereba Guirassy,2024,,MR,1,72,0,0,0.1169452965259552,0.0,1,0,0,0,0,0.1169452965259552,0.1169452965259552,0.1169452965259552
12844,Bahereba Guirassy,2024,,AMR,1,72,0,0,0.0,0.0,0,0,0,0,0,0.0,0.0364580601453781,0.0364580601453781
