player_id,player_name,season,team,position,games,time,goals,assists,xG,xA,shots,key_passes,yellow,red,npg,npxG,xGChain,xGBuildup
13427,Bazoumana Touré,2025,,AML,2,180,0,0,0.598075807094574,0.0203573871403932,5,1,1,0,0,0.598075807094574,0.6633522659540176,0.1064817756414413
13427,Bazoumana Touré,2025,,FWL,2,171,0,0,0.6571729704737663,0.4450890719890594,4,4,0,0,0,0.6571729704737663,1.2370193004608154,0.1347572281956672
13427,Bazoumana Touré,2025,,ML,2,169,1,1,0.4899941980838775,0.1686749085783958,3,2,0,0,1,0.4899941980838775,0.7751631885766983,0.1164940744638443
13427,Bazoumana Touré,2025,,MR,1,90,0,0,0.0184252746403217,0.1038523167371749,1,2,0,0,0,0.0184252746403217,0.0491334572434425,0.0
13427,Bazoumana Touré,2024,,AMR,3,223,0,3,1.288776397705078,1.4048860222101212,7,7,1,0,0,1.288776397705078,2.5834999084472656,0.0898343995213508
13427,Bazoumana Touré,2024,,AMC,2,155,0,0,0.1604734659194946,0.0,4,0,0,0,0,0.1604734659194946,0.1604734659194946,0.0
13427,Bazoumana Touré,2024,,DML,1,90,0,0,0.0,0.211615651845932,0,4,0,0,0,0.0,0.1948466747999191,0.07288359105587
13427,Bazoumana Touré,2024,,Sub,6,74,0,0,0.2452473752200603,0.1282064393162727,5,2,0,0,0,0.2452473752200603,0.7157136239111423,0.406464796513319
13427,Bazoumana Touré,2024,,FW,1,72,0,0,0.1366333067417144,0.0,3,0,0,0,0,0.1366333067417144,0.3115214705467224,0.1748881787061691
