player_id,player_name,season,team,position,games,time,goals,assists,xG,xA,shots,key_passes,yellow,red,npg,npxG,xGChain,xGBuildup
12965,Bence Dárdai,2024,,MC,14,1079,1,1,1.1081561632454395,0.7367723397910595,10,4,0,0,1,1.1081561632454395,2.4657374415546656,0.8374593574553728
12965,Bence Dárdai,2024,,DMC,2,171,0,0,0.0,0.5126595497131348,0,4,0,0,0,0.0,0.5315513610839844,0.4270006120204925
12965,Bence Dárdai,2024,,Sub,5,83,0,0,0.0508242025971412,0.2456491515040397,1,3,0,0,0,0.0508242025971412,0.5363885089755058,0.2399151623249054
