player_id,player_name,season,team,position,games,time,goals,assists,xG,xA,shots,key_passes,yellow,red,npg,npxG,xGChain,xGBuildup
11864,Benedikt Gimber,2025,,DC,4,303,0,0,0.0,0.0,0,0,1,0,0,0.0,0.264055997133255,0.264055997133255
11864,Benedikt Gimber,2025,,Sub,1,1,0,0,0.0,0.0,0,0,0,0,0,0.0,0.0796209722757339,0.0796209722757339
11864,Benedikt Gimber,2024,,DC,30,2560,0,0,0.6334122903645039,0.506980687379837,11,3,9,0,0,0.6334122903645039,1.831036625429988,1.5807365495711565
11864,Benedikt Gimber,2024,,MC,1,90,0,0,0.1462106555700302,0.0,2,0,0,0,0,0.1462106555700302,0.1741094291210174,0.1741094291210174
11864,Benedikt Gimber,2024,,DMC,1,47,0,0,0.0,0.0,0,0,0,0,0,0.0,0.0,0.0
11864,Benedikt Gimber,2023,,DC,24,2042,1,1,1.8804494012147188,1.1915506273508072,18,3,9,0,1,1.8804494012147188,1.7814466711133718,1.524864973500371
