player_id,player_name,season,team,position,games,time,goals,assists,xG,xA,shots,key_passes,yellow,red,npg,npxG,xGChain,xGBuildup
11974,Benjamin Sesko,2025,,FW,4,317,2,0,2.851633995771408,0.2097684144973755,8,3,0,0,2,2.851633995771408,3.15063950419426,0.121329054236412
11974,Benjamin Sesko,2025,,Sub,4,94,0,0,0.3058553608134389,0.1700652986764907,5,3,0,0,0,0.3058553608134389,0.531074233353138,0.1450636386871338
11974,Benjamin Sesko,2024,,FW,25,2022,13,3,8.814446470700204,1.4897750783711672,59,14,0,1,11,7.29889318998903,11.025827148929238,3.802731961011887
11974,Benjamin Sesko,2024,,AMC,5,366,0,2,2.0286785420030355,1.0020644068717957,9,4,0,0,0,2.0286785420030355,3.750269301235676,0.7195263728499413
11974,Benjamin Sesko,2024,,Sub,3,48,0,0,0.0,0.0499938055872917,0,1,0,0,0,0.0,0.0802624188363552,0.0302686132490634
11974,Benjamin Sesko,2023,,FW,17,1317,10,2,5.823702793568373,0.8409347273409367,34,10,0,0,10,5.823702793568373,8.406226977705956,3.3348094634711742
11974,Benjamin Sesko,2023,,Sub,14,206,4,0,2.772536659613252,0.0760853663086891,13,2,0,0,4,2.772536659613252,3.353525511920452,1.4679229650646448
