player_id,player_name,season,team,position,games,time,goals,assists,xG,xA,shots,key_passes,yellow,red,npg,npxG,xGChain,xGBuildup
13061,Benjamín Domínguez,2025,,AML,1,64,0,0,0.0,0.0263560134917497,0,1,0,0,0,0.0,0.0501581653952598,0.0501581653952598
13061,Benjamín Domínguez,2025,,Sub,2,26,0,1,0.2007929384708404,0.0267725754529237,2,1,0,0,0,0.2007929384708404,0.937789337709546,0.7102237939834595
13061,Benjamín Domínguez,2024,,AML,13,966,2,1,2.0202427990734577,0.4800110906362533,21,6,0,0,2,2.0202427990734577,4.098034825176001,2.2699672281742096
13061,Benjamín Domínguez,2024,,AMR,2,138,1,0,0.1261844970285892,0.0,2,0,0,0,1,0.1261844970285892,0.1261844970285892,0.0
13061,Benjamín Domínguez,2024,,Sub,8,115,0,1,0.2619417384266853,0.2150610387325287,6,3,0,0,0,0.2619417384266853,1.7478802502155304,1.2708774656057358
13061,Benjamín Domínguez,2024,,FWL,1,90,0,0,0.0223279502242803,0.0368962101638317,1,1,0,0,0,0.0223279502242803,0.1707964092493057,0.1115722432732582
