player_id,player_name,season,team,position,games,time,goals,assists,xG,xA,shots,key_passes,yellow,red,npg,npxG,xGChain,xGBuildup
11801,Benjamin Tetteh,2023,,Sub,11,164,0,0,0.1292646378278732,0.0622823610901832,2,2,2,0,0,0.1292646378278732,0.1409243792295456,0.0116597414016723
11801,Benjamin Tetteh,2023,,FW,1,83,0,0,0.0698448047041893,0.0,1,0,0,0,0,0.0698448047041893,0.1237055882811546,0.0538607835769653
