player_id,player_name,season,team,position,games,time,goals,assists,xG,xA,shots,key_passes,yellow,red,npg,npxG,xGChain,xGBuildup
12346,Beraldo,2025,,DC,6,496,1,0,0.3365152776241302,0.0,2,0,0,0,1,0.3365152776241302,2.290966339409352,2.290966339409352
12346,Beraldo,2024,,DC,17,1499,1,0,1.0365153262391686,0.1926096621900797,11,6,3,0,1,1.0365153262391686,12.439748380333183,12.330302834510803
12346,Beraldo,2024,,DL,5,446,0,0,0.019240191206336,0.3653995059430599,1,2,3,0,0,0.019240191206336,4.931651830673218,4.566252291202545
12346,Beraldo,2024,,Sub,3,69,0,0,0.0,0.0256338156759738,0,1,0,0,0,0.0,1.2464582175016403,1.2208244055509567
12346,Beraldo,2023,,DC,7,548,0,0,0.4695444405078888,0.0880127325654029,2,2,3,1,0,0.4695444405078888,1.7599665001034737,1.7403788343071938
12346,Beraldo,2023,,DL,5,450,1,0,0.5953695774078369,0.1560768168419599,2,2,1,0,1,0.5953695774078369,2.164193719625473,2.146993465721607
12346,Beraldo,2023,,Sub,1,17,0,0,0.0186610538512468,0.0,1,0,0,0,0,0.0186610538512468,0.1209609434008598,0.1209609434008598
