player_id,player_name,season,team,position,games,time,goals,assists,xG,xA,shots,key_passes,yellow,red,npg,npxG,xGChain,xGBuildup
12039,Bertug Yildirim,2025,,Sub,1,1,0,0,0.0,0.1205417215824127,0,1,0,0,0,0.0,0.1205417215824127,0.1205417215824127
12039,Bertug Yildirim,2024,,FW,14,1001,1,0,2.498868421651423,1.136540275067091,17,8,6,0,1,2.498868421651423,2.9908459689468145,0.1031155865639448
12039,Bertug Yildirim,2024,,Sub,8,100,0,0,0.1069582588970661,0.0054781031794846,2,1,1,0,0,0.1069582588970661,0.1343942643143236,0.0219579022377729
12039,Bertug Yildirim,2023,,Sub,19,253,0,1,1.2734736166894436,0.5712480749934912,7,4,2,0,0,1.2734736166894436,1.6871662363409996,0.535930810496211
12039,Bertug Yildirim,2023,,FW,2,158,0,0,0.1749539226293563,0.0,2,0,1,0,0,0.1749539226293563,0.0416623055934906,0.0416623055934906
