player_id,player_name,season,team,position,games,time,goals,assists,xG,xA,shots,key_passes,yellow,red,npg,npxG,xGChain,xGBuildup
10983,Braian Cufré,2022,,DL,1,90,0,0,0.0,0.0,0,0,0,0,0,0.0,0.0,0.0
10983,Braian Cufré,2022,,DML,1,90,0,0,0.0512439012527465,0.0471406988799572,2,1,0,0,0,0.0512439012527465,0.0983845964074134,0.0471406988799572
10983,Braian Cufré,2022,,Sub,3,35,0,0,0.0479597002267837,0.0,1,0,0,0,0,0.0479597002267837,0.0674412995576858,0.0194815993309021
