player_id,player_name,season,team,position,games,time,goals,assists,xG,xA,shots,key_passes,yellow,red,npg,npxG,xGChain,xGBuildup
11071,Brian Ocampo,2023,,Sub,12,130,0,0,0.201290275901556,0.1097212843596935,4,2,2,0,0,0.201290275901556,1.2959252875298262,1.0034629348665476
11071,Brian Ocampo,2023,,AMR,1,71,1,0,0.0468173176050186,0.0,1,0,0,0,1,0.0468173176050186,0.0468173176050186,0.0
11071,Brian Ocampo,2022,,ML,11,815,1,1,0.4456605073064565,1.981097485870123,11,14,0,0,1,0.4456605073064565,3.8809167640283695,1.593467545695603
11071,Brian Ocampo,2022,,AML,4,273,0,0,0.0,0.0661036968231201,0,1,1,0,0,0.0,0.0808971971273422,0.0808971971273422
11071,Brian Ocampo,2022,,Sub,3,65,0,0,0.1146977003663778,0.0403950996696949,2,1,1,0,0,0.1146977003663778,0.1550928000360727,0.0
