player_id,player_name,season,team,position,games,time,goals,assists,xG,xA,shots,key_passes,yellow,red,npg,npxG,xGChain,xGBuildup
9041,Bruno Amione,2023,,DC,7,542,0,0,0.1196131519973278,0.0131578342989087,4,1,2,0,0,0.1196131519973278,0.4707809081301093,0.4707809081301093
9041,Bruno Amione,2023,,Sub,3,45,0,0,0.0434801131486892,0.0,1,0,0,0,0,0.0434801131486892,0.0224232133477926,0.0224232133477926
9041,Bruno Amione,2022,,DC,25,2053,1,1,0.62246676068753,0.2905903086066246,12,3,9,1,1,0.62246676068753,3.0256269071251154,3.0256269071251154
9041,Bruno Amione,2022,,DL,1,90,0,0,0.0,0.0,0,0,0,0,0,0.0,0.0195598993450403,0.0195598993450403
9041,Bruno Amione,2022,,Sub,1,21,0,0,0.0,0.0,0,0,0,0,0,0.0,0.0,0.0
