player_id,player_name,season,team,position,games,time,goals,assists,xG,xA,shots,key_passes,yellow,red,npg,npxG,xGChain,xGBuildup
13323,Budu Zivzivadze,2025,,FW,3,174,0,0,1.5294257402420044,0.0,5,0,0,1,0,1.5294257402420044,1.628938376903534,0.1296592950820922
13323,Budu Zivzivadze,2025,,Sub,1,31,0,0,0.0,0.0382453650236129,0,1,0,0,0,0.0,0.0382453650236129,0.0
13323,Budu Zivzivadze,2024,,FW,10,846,1,2,1.3652402199804785,2.0011320896446705,16,9,0,0,1,1.3652402199804785,3.817773573100567,1.2840197756886482
13323,Budu Zivzivadze,2024,,Sub,5,101,1,0,0.4967839270830154,0.2898746356368065,6,4,0,0,1,0.4967839270830154,1.049734689295292,0.3401953876018524
