player_id,player_name,season,team,position,games,time,goals,assists,xG,xA,shots,key_passes,yellow,red,npg,npxG,xGChain,xGBuildup
8785,Cédric Kipré,2024,,DC,26,2188,0,1,0.3413932034745812,0.940518444404006,9,10,4,1,0,0.3413932034745812,6.349101588129997,5.432621197775006
8785,Cédric Kipré,2024,,Sub,2,7,0,0,0.0,0.0,0,0,0,0,0,0.0,0.0182825606316328,0.0182825606316328
