player_id,player_name,season,team,position,games,time,goals,assists,xG,xA,shots,key_passes,yellow,red,npg,npxG,xGChain,xGBuildup
11779,César Gelabert,2023,,AMC,4,262,1,2,0.4334992989897728,0.8578015565872192,3,8,0,0,1,0.4334992989897728,1.7463470846414566,0.600696437060833
11779,César Gelabert,2023,,AML,2,164,0,0,0.1657050959765911,0.0,4,0,0,0,0,0.1657050959765911,0.8103867769241333,0.7747458815574646
11779,César Gelabert,2023,,FWL,2,154,0,0,0.1873978972434997,0.0,2,0,0,0,0,0.1873978972434997,0.2579761743545532,0.0705782696604728
11779,César Gelabert,2023,,FW,1,74,0,0,0.0957251414656639,0.1977680176496505,2,3,0,0,0,0.0957251414656639,0.3212490379810333,0.0415395759046077
11779,César Gelabert,2023,,ML,1,71,0,0,0.0,0.0277697443962097,0,2,0,0,0,0.0,0.3510124981403351,0.3232427537441253
11779,César Gelabert,2023,,Sub,6,46,0,0,0.1163246482610702,0.5639252066612244,3,1,1,0,0,0.1163246482610702,1.041459709405899,0.3832079917192459
