player_id,player_name,season,team,position,games,time,goals,assists,xG,xA,shots,key_passes,yellow,red,npg,npxG,xGChain,xGBuildup
9919,Calvin Stengs,2025,,Sub,2,9,0,0,0.0507716424763202,0.0,2,0,0,0,0,0.0507716424763202,0.0507716424763202,0.0242674276232719
9919,Calvin Stengs,2022,,AMR,2,129,0,0,0.0679740980267524,0.0,2,0,0,0,0,0.0679740980267524,0.1262203976511955,0.0582462009042501
9919,Calvin Stengs,2022,,FWR,1,79,0,0,0.0713547021150589,0.0471084006130695,1,1,0,0,0,0.0713547021150589,0.2506609857082367,0.1321980059146881
9919,Calvin Stengs,2022,,Sub,1,10,0,0,0.0,0.0,0,0,0,0,0,0.0,0.0801286026835441,0.0801286026835441
9919,Calvin Stengs,2021,,MR,8,619,1,0,3.26366176456213,1.1029163096100092,12,13,1,0,1,3.26366176456213,5.546280898153782,1.5838176775723696
9919,Calvin Stengs,2021,,ML,3,238,0,0,0.0993233975023031,0.4906000047922134,4,2,0,0,0,0.0993233975023031,1.456740990281105,0.9848636090755464
9919,Calvin Stengs,2021,,Sub,13,219,0,1,0.1721284044906497,1.025462094694376,5,8,0,0,0,0.1721284044906497,1.745713478885591,0.6162343993782997
