player_id,player_name,season,team,position,games,time,goals,assists,xG,xA,shots,key_passes,yellow,red,npg,npxG,xGChain,xGBuildup
12755,Cameron Burgess,2024,,DC,16,1440,0,2,0.9312757514417171,0.3177466606721282,10,6,0,0,0,0.9312757514417171,4.012021616101265,3.327787920832634
12755,Cameron Burgess,2024,,Sub,2,98,0,0,0.0,0.0589325986802578,0,1,0,0,0,0.0,0.102128192782402,0.102128192782402
