player_id,player_name,season,team,position,games,time,goals,assists,xG,xA,shots,key_passes,yellow,red,npg,npxG,xGChain,xGBuildup
11721,Cauley Woodrow,2023,,Sub,22,212,1,1,0.7626308612525463,1.150929281488061,13,9,0,0,1,0.7626308612525463,1.8399362601339817,0.2822344526648521
11721,Cauley Woodrow,2023,,FW,2,132,0,0,0.2147077023983001,0.0476999059319496,3,1,2,0,0,0.2147077023983001,0.32387675344944,0.0614691264927387
