player_id,player_name,season,team,position,games,time,goals,assists,xG,xA,shots,key_passes,yellow,red,npg,npxG,xGChain,xGBuildup
11167,Chadi Riad,2024,,DC,1,90,0,0,0.0,0.0,0,0,0,0,0,0.0,0.3966957628726959,0.3966957628726959
11167,Chadi Riad,2023,,DC,24,2103,0,0,0.6348644411191344,0.1388264000415802,11,2,1,0,0,0.6348644411191344,3.816927118226886,3.80872711353004
11167,Chadi Riad,2023,,Sub,2,57,0,0,0.0,0.0,0,0,0,0,0,0.0,0.0,0.0
11167,Chadi Riad,2022,,Sub,1,1,0,0,0.0,0.0,0,0,0,0,0,0.0,0.0,0.0
