player_id,player_name,season,team,position,games,time,goals,assists,xG,xA,shots,key_passes,yellow,red,npg,npxG,xGChain,xGBuildup
9220,Charlie Cresswell,2025,,DC,8,720,2,1,1.26433346234262,0.2768230810761451,10,4,1,0,2,1.26433346234262,1.7130907364189625,1.3965620547533035
9220,Charlie Cresswell,2024,,DC,29,2582,3,1,4.061107954010367,1.314726579003036,31,5,5,0,3,4.061107954010367,7.982736833393574,7.717521094717085
9220,Charlie Cresswell,2024,,Sub,2,19,0,0,0.0757469683885574,0.0,1,0,0,0,0,0.0757469683885574,0.047149620950222,0.047149620950222
9220,Charlie Cresswell,2021,,DC,1,90,0,0,0.0,0.0,0,0,0,0,0,0.0,0.0238342005759477,0.0238342005759477
9220,Charlie Cresswell,2021,,Sub,4,40,0,0,0.0630348995327949,0.0,1,0,1,0,0,0.0630348995327949,0.2673850059509277,0.2673850059509277
