player_id,player_name,season,team,position,games,time,goals,assists,xG,xA,shots,key_passes,yellow,red,npg,npxG,xGChain,xGBuildup
11135,Cheick Keita,2022,,DC,8,664,0,0,0.153246795758605,0.0157200992107391,3,1,1,0,0,0.153246795758605,1.6420141905546188,1.615508109331131
11135,Cheick Keita,2022,,Sub,1,26,0,0,0.0,0.0,0,0,0,0,0,0.0,0.0887499973177909,0.0887499973177909
