player_id,player_name,season,team,position,games,time,goals,assists,xG,xA,shots,key_passes,yellow,red,npg,npxG,xGChain,xGBuildup
11387,Cheick Konate,2023,,DMR,10,828,1,1,0.4324456891044974,1.850142864510417,11,13,3,0,1,0.4324456891044974,2.8147778511047363,1.1406999677419662
11387,Cheick Konate,2023,,DR,1,90,0,0,0.0469584204256534,0.0632773414254188,1,2,0,0,0,0.0469584204256534,0.2761967480182647,0.2070212364196777
11387,Cheick Konate,2023,,DC,1,85,0,0,0.0,0.0068777431733906,0,1,1,0,0,0.0,0.0528307631611824,0.0459530167281627
11387,Cheick Konate,2023,,Sub,7,62,0,0,0.0947446748614311,0.0,2,0,0,0,0,0.0947446748614311,0.1516364011913538,0.1091193687170744
11387,Cheick Konate,2022,,DC,5,450,0,0,0.0253878999501466,0.1650194972753524,2,2,1,0,0,0.0253878999501466,1.271722223609686,1.1897491104900837
11387,Cheick Konate,2022,,DR,1,66,0,0,0.0,0.0,0,0,1,0,0,0.0,0.0513827987015247,0.0513827987015247
11387,Cheick Konate,2022,,Sub,3,55,0,0,0.2919057309627533,0.0,1,0,0,0,0,0.2919057309627533,0.6742873191833496,0.3823815882205963
