player_id,player_name,season,team,position,games,time,goals,assists,xG,xA,shots,key_passes,yellow,red,npg,npxG,xGChain,xGBuildup
11719,Chiedozie Ogbene,2024,,AMR,3,196,0,0,0.0,0.0733897127211093,0,2,0,0,0,0.0,0.0733897127211093,0.0
11719,Chiedozie Ogbene,2024,,Sub,2,41,0,0,0.0,0.0,0,0,0,0,0,0.0,0.0130082303658127,0.0130082303658127
11719,Chiedozie Ogbene,2023,,DMR,8,710,2,0,2.260420491918921,0.8048500325530767,20,12,0,0,2,2.260420491918921,3.86541410535574,2.1695546582341194
11719,Chiedozie Ogbene,2023,,AMC,8,682,1,1,1.712972640991211,0.7108311653137207,8,4,1,0,1,1.712972640991211,3.4363850988447666,1.0807054564356804
11719,Chiedozie Ogbene,2023,,Sub,10,232,0,0,0.1592820808291435,0.780593603849411,2,4,0,0,0,0.1592820808291435,1.2402260527014732,0.3003503605723381
11719,Chiedozie Ogbene,2023,,FWL,1,90,0,0,0.0439271032810211,0.7771488428115845,1,4,0,0,0,0.0439271032810211,1.0997759103775024,0.2787000238895416
11719,Chiedozie Ogbene,2023,,ML,1,90,0,0,0.1189478933811187,0.0,2,1,0,0,0,0.1189478933811187,0.0908853188157081,0.0
11719,Chiedozie Ogbene,2023,,MR,1,90,1,0,0.5109573006629944,0.3956931829452514,2,2,0,0,1,0.5109573006629944,0.4213602244853973,0.0
11719,Chiedozie Ogbene,2023,,MC,1,90,0,0,0.0,0.0,0,0,0,0,0,0.0,0.0,0.0
