player_id,player_name,season,team,position,games,time,goals,assists,xG,xA,shots,key_passes,yellow,red,npg,npxG,xGChain,xGBuildup
13719,Chris Rigg,2025,,AMC,2,141,0,0,0.0410139001905918,0.0268511921167373,1,1,0,0,0,0.0410139001905918,0.0907685756683349,0.0639173835515976
13719,Chris Rigg,2025,,MC,1,36,0,0,0.0708694458007812,0.0684534758329391,1,1,0,0,0,0.0708694458007812,0.0982101932168006,0.0297567173838615
13719,Chris Rigg,2025,,Sub,2,2,0,0,0.0,0.0,0,0,0,0,0,0.0,0.0,0.0
