player_id,player_name,season,team,position,games,time,goals,assists,xG,xA,shots,key_passes,yellow,red,npg,npxG,xGChain,xGBuildup
13856,Christian Kofane,2025,,FW,2,173,2,0,2.0425861477851868,0.3018491342663765,7,5,1,0,2,2.0425861477851868,2.4580063819885254,0.3917202614247799
13856,Christian Kofane,2025,,AML,1,79,0,0,0.3998546898365021,0.0676463767886161,2,1,1,0,0,0.3998546898365021,0.4675010740756988,0.0
13856,Christian Kofane,2025,,Sub,4,16,0,0,0.0,0.0949690043926239,0,1,1,0,0,0.0,0.0949690043926239,0.0
