player_id,player_name,season,team,position,games,time,goals,assists,xG,xA,shots,key_passes,yellow,red,npg,npxG,xGChain,xGBuildup
1790,Chuba Akpom,2024,,FW,6,433,1,1,2.5972969941794872,0.7419557832181454,10,3,0,0,1,1.8372018747031689,2.832717686891556,0.4109521508216858
1790,Chuba Akpom,2024,,Sub,8,200,2,0,1.8407258167862888,0.154221199452877,10,2,0,0,1,1.0806306973099709,2.000386595726013,0.7655347138643265
1790,Chuba Akpom,2014,,Sub,3,23,0,0,0.5139970183372498,0.0,2,0,0,0,0,0.5139970183372498,0.5139970183372498,0.0
