player_id,player_name,season,team,position,games,time,goals,assists,xG,xA,shots,key_passes,yellow,red,npg,npxG,xGChain,xGBuildup
12896,Chuki,2024,,MC,5,382,1,0,0.8577790036797523,0.0417343117296695,9,2,0,0,1,0.8577790036797523,0.939248725771904,0.0567175522446632
12896,Chuki,2024,,Sub,9,156,0,0,0.3818017393350601,0.7555759269744158,2,4,0,0,0,0.3818017393350601,1.8660537749528885,0.7946580797433853
12896,Chuki,2024,,MR,2,82,1,0,1.3717828709632158,0.6066944599151611,5,2,0,0,1,1.3717828709632158,1.386537404730916,0.0
12896,Chuki,2024,,FW,1,51,0,0,0.0,0.0,0,0,1,0,0,0.0,0.0,0.0
12896,Chuki,2024,,ML,1,49,0,0,0.0,0.0,0,0,0,0,0,0.0,0.018918702378869,0.018918702378869
