player_id,player_name,season,team,position,games,time,goals,assists,xG,xA,shots,key_passes,yellow,red,npg,npxG,xGChain,xGBuildup
12824,Clément Akpa,2025,,DC,6,519,0,0,0.1125511676073074,0.2325474470853805,3,5,1,0,0,0.1125511676073074,0.9466258846223354,0.923960592597723
12824,Clément Akpa,2025,,Sub,1,22,0,0,0.0,0.0,0,0,0,0,0,0.0,0.0,0.0
12824,Clément Akpa,2024,,DC,25,2150,0,1,0.1397229190915823,0.4814203940331936,4,2,5,0,0,0.1397229190915823,4.020105395466089,3.951979462057352
12824,Clément Akpa,2024,,DL,3,211,0,0,0.0419670082628726,0.0902904327958822,1,2,1,0,0,0.0419670082628726,1.5771132335066795,1.535146227106452
12824,Clément Akpa,2024,,DML,1,90,0,0,0.0316248312592506,0.1064998805522918,1,3,0,0,0,0.0316248312592506,0.1381247192621231,0.0321017056703567
12824,Clément Akpa,2024,,Sub,2,56,0,0,0.0,0.0123299984261393,0,1,1,0,0,0.0,0.0123299984261393,0.0
