player_id,player_name,season,team,position,games,time,goals,assists,xG,xA,shots,key_passes,yellow,red,npg,npxG,xGChain,xGBuildup
5568,Connor Roberts,2023,,DR,7,622,0,1,0.0,0.0934645533561706,0,2,2,1,0,0.0,0.7766779847443104,0.6832134388387203
5568,Connor Roberts,2023,,Sub,6,92,0,0,0.0,0.1676588058471679,0,4,1,0,0,0.0,0.2351263388991356,0.1172400936484336
5568,Connor Roberts,2023,,DL,1,90,0,0,0.0,0.052018154412508,0,1,0,0,0,0.0,1.1014156341552734,1.1014156341552734
5568,Connor Roberts,2021,,DR,19,1656,1,1,0.2225561048835516,1.1593199241906404,6,13,2,0,1,0.2225561048835516,3.6431610444560647,2.413885143585503
5568,Connor Roberts,2021,,Sub,2,30,0,0,0.0,0.0,0,0,0,0,0,0.0,0.0,0.0
5568,Connor Roberts,2017,,DMR,3,244,0,0,0.0,0.0,0,0,0,0,0,0.0,0.3168213926255703,0.3168213926255703
5568,Connor Roberts,2017,,Sub,1,24,0,0,0.0,0.0,0,0,0,0,0,0.0,0.0,0.0
