player_id,player_name,season,team,position,games,time,goals,assists,xG,xA,shots,key_passes,yellow,red,npg,npxG,xGChain,xGBuildup
12979,Connor Metcalfe,2025,,Sub,7,59,0,0,0.0774921970441937,0.0,4,0,0,0,0,0.0774921970441937,0.3208813844248652,0.2754015903919935
12979,Connor Metcalfe,2024,,MC,2,174,0,0,0.438729465007782,0.147299513220787,3,2,0,0,0,0.438729465007782,0.4847935624420643,0.0460640834644436
12979,Connor Metcalfe,2024,,Sub,7,107,0,0,0.4251383598893881,0.0591677650809288,3,1,0,1,0,0.4251383598893881,0.4843061324208975,0.0
12979,Connor Metcalfe,2024,,FWR,1,59,0,0,0.0,0.0,0,0,0,0,0,0.0,0.0,0.0
