player_id,player_name,season,team,position,games,time,goals,assists,xG,xA,shots,key_passes,yellow,red,npg,npxG,xGChain,xGBuildup
12750,Conor Chaplin,2024,,AMC,9,676,1,1,0.7616493701934814,0.4095249250531196,12,4,2,0,1,0.7616493701934814,1.993853460997343,1.1264172941446304
12750,Conor Chaplin,2024,,Sub,12,108,0,0,0.6733370050787926,0.0974579872563481,4,2,0,0,0,0.6733370050787926,0.8971251621842384,0.2863167971372604
12750,Conor Chaplin,2024,,FW,1,67,0,0,0.0,0.2818889915943146,0,2,0,0,0,0.0,0.2818889915943146,0.0
