player_id,player_name,season,team,position,games,time,goals,assists,xG,xA,shots,key_passes,yellow,red,npg,npxG,xGChain,xGBuildup
10120,Conor Bradley,2025,,DR,4,260,0,0,0.0455390699207782,0.0104524828493595,1,1,1,0,0,0.0455390699207782,0.3687524050474167,0.3232133314013481
10120,Conor Bradley,2025,,Sub,2,46,0,0,0.014575763605535,0.0,1,0,2,0,0,0.014575763605535,0.8009777367115021,0.7864019870758057
10120,Conor Bradley,2024,,DR,7,493,0,1,0.3851569928228855,1.5639950018376112,6,5,4,0,0,0.3851569928228855,4.40095354616642,2.788317561149597
10120,Conor Bradley,2024,,Sub,12,243,0,1,0.7503460943698883,0.3522635996341705,4,2,0,0,0,0.7503460943698883,3.4645994510501623,2.4047762881964445
10120,Conor Bradley,2023,,DR,10,764,1,3,0.9028667435050012,1.9515707418322563,12,15,2,0,1,0.9028667435050012,6.3256849348545074,4.708510249853134
10120,Conor Bradley,2023,,Sub,1,12,0,0,0.0,0.0,0,0,0,0,0,0.0,0.1253527402877807,0.1253527402877807
