player_id,player_name,season,team,position,games,time,goals,assists,xG,xA,shots,key_passes,yellow,red,npg,npxG,xGChain,xGBuildup
8905,Conor Townsend,2024,,DL,3,264,0,1,0.0434189923107624,0.481868177652359,1,2,1,0,0,0.0434189923107624,0.8411987610161304,0.4409727454185486
8905,Conor Townsend,2024,,Sub,3,62,0,0,0.0,0.3220240231603384,0,2,0,0,0,0.0,0.3220240231603384,0.0
8905,Conor Townsend,2020,,DL,23,2070,0,1,0.7550251102074981,2.2506942115724087,10,22,0,0,0,0.7550251102074981,5.1914237309247255,3.3229469191282988
8905,Conor Townsend,2020,,DML,1,90,0,1,0.0677981004118919,0.397812008857727,1,1,0,0,0,0.0677981004118919,0.8976349830627441,0.4320249855518341
8905,Conor Townsend,2020,,ML,1,77,0,0,0.0,0.0,0,0,0,0,0,0.0,0.0307653006166219,0.0307653006166219
