player_id,player_name,season,team,position,games,time,goals,assists,xG,xA,shots,key_passes,yellow,red,npg,npxG,xGChain,xGBuildup
10939,Cristian Buonaiuto,2022,,Sub,22,476,0,0,1.3646085672080517,0.908644711598754,28,11,3,0,0,1.3646085672080517,2.380896892398596,1.092118291184306
10939,Cristian Buonaiuto,2022,,AMC,4,302,0,0,0.4784449767321348,0.164597600698471,8,3,0,0,0,0.4784449767321348,1.2585808485746384,0.7127331178635359
10939,Cristian Buonaiuto,2022,,FW,2,122,1,0,1.0517446100711825,0.4864830076694488,7,3,0,0,0,0.2904457785189152,0.7461198009550571,0.0452276989817619
10939,Cristian Buonaiuto,2022,,AML,1,57,0,0,0.0,0.0,0,0,0,0,0,0.0,0.0,0.0
