player_id,player_name,season,team,position,games,time,goals,assists,xG,xA,shots,key_passes,yellow,red,npg,npxG,xGChain,xGBuildup
4113,Cristian Herrera,2023,,ML,1,90,0,0,0.0,0.0221527460962533,0,1,0,0,0,0.0,0.3670899271965027,0.3670899271965027
4113,Cristian Herrera,2023,,Sub,7,49,1,0,0.8265172243118286,0.0,1,0,1,0,1,0.8265172243118286,1.2534831836819649,0.4269659593701362
4113,Cristian Herrera,2014,,FW,7,531,0,0,1.486305883154273,0.3203766038641333,9,7,0,0,0,1.486305883154273,1.2325640767812729,0.2820410979911685
4113,Cristian Herrera,2014,,Sub,19,316,1,0,0.9753370136022568,0.9683279916644096,6,10,1,0,1,0.9753370136022568,2.0893647707998757,0.2575379014015198
