player_id,player_name,season,team,position,games,time,goals,assists,xG,xA,shots,key_passes,yellow,red,npg,npxG,xGChain,xGBuildup
11777,Cristian Cásseres Jr.,2025,,MC,6,530,0,0,0.9198702331632376,0.6477090157568455,4,10,1,0,0,0.1597750689834356,1.6732264906167984,1.1479229386895895
11777,Cristian Cásseres Jr.,2025,,Sub,1,23,0,0,0.0,0.0292027946561574,0,1,0,0,0,0.0,0.0535242222249507,0.0535242222249507
11777,Cristian Cásseres Jr.,2024,,MC,31,2708,1,2,0.9852043334394692,3.0082280710339546,17,26,11,0,1,0.9852043334394692,11.51345625706017,9.584120091050863
11777,Cristian Cásseres Jr.,2024,,Sub,1,31,0,1,0.0,0.1764954328536987,0,2,0,0,0,0.0,0.5261783003807068,0.3496828973293304
11777,Cristian Cásseres Jr.,2023,,MC,17,1393,1,3,0.4375860430300236,1.9891541823744772,8,12,0,0,1,0.4375860430300236,4.6879638209939,2.937613552436233
11777,Cristian Cásseres Jr.,2023,,DMC,6,458,0,0,0.8760820869356394,0.0,5,0,1,0,0,0.8760820869356394,2.7019568979740143,1.8445716202259064
11777,Cristian Cásseres Jr.,2023,,Sub,9,113,0,0,0.1357356756925583,0.0511945858597755,2,2,0,0,0,0.1357356756925583,0.3830809108912945,0.3086315356194973
