player_id,player_name,season,team,position,games,time,goals,assists,xG,xA,shots,key_passes,yellow,red,npg,npxG,xGChain,xGBuildup
10937,Cyriel Dessers,2022,,FW,19,1430,4,2,5.7947658598423,1.4773936290293932,45,18,2,0,4,5.033466875553131,6.356845572590828,1.1092083435505629
10937,Cyriel Dessers,2022,,Sub,7,168,2,0,0.7105628959834576,0.6338557004928589,5,5,1,0,2,0.7105628959834576,1.4131271056830883,0.0687078014016151
