player_id,player_name,season,team,position,games,time,goals,assists,xG,xA,shots,key_passes,yellow,red,npg,npxG,xGChain,xGBuildup
13094,Dário Essugo,2024,,MC,14,1046,0,0,0.2679502861574292,0.2177592506632208,12,7,4,1,0,0.2679502861574292,3.3634684309363365,2.930499315261841
13094,Dário Essugo,2024,,DMC,11,864,1,0,0.347211692482233,0.2139132414013147,9,6,3,1,1,0.347211692482233,1.0717707546427846,0.8077970435842872
13094,Dário Essugo,2024,,Sub,2,75,0,0,0.0319687202572822,0.0,2,0,0,0,0,0.0319687202572822,0.0302309915423393,0.0187011584639549
