player_id,player_name,season,team,position,games,time,goals,assists,xG,xA,shots,key_passes,yellow,red,npg,npxG,xGChain,xGBuildup
12856,Dailon Livramento,2024,,Sub,21,376,0,1,1.4341066516935823,0.7397349774837494,6,4,2,1,0,1.4341066516935823,3.4428680948913097,1.3297035414725542
12856,Dailon Livramento,2024,,AMC,3,201,0,0,0.1506208553910255,0.0189035348594188,2,1,0,0,0,0.1506208553910255,0.1695243939757347,0.0
12856,Dailon Livramento,2024,,FWL,2,139,1,0,0.5067421793937683,0.0,1,0,0,0,1,0.5067421793937683,0.5695403218269348,0.0627981051802635
12856,Dailon Livramento,2024,,FW,2,126,0,0,0.1199818104505539,0.0623434148728847,1,1,0,0,0,0.1199818104505539,0.2226464711129665,0.0403212420642375
12856,Dailon Livramento,2024,,AML,1,80,0,0,0.1708585321903228,0.1919471323490142,3,2,0,0,0,0.1708585321903228,0.2800318598747253,0.0
