player_id,player_name,season,team,position,games,time,goals,assists,xG,xA,shots,key_passes,yellow,red,npg,npxG,xGChain,xGBuildup
10614,Damián Rodríguez,2025,,MC,1,90,0,0,0.0666191801428794,0.1211103573441505,3,2,0,0,0,0.0666191801428794,1.5533621311187744,1.4796807765960691
10614,Damián Rodríguez,2024,,MC,9,755,0,0,0.0712575167417526,0.4850161001086235,3,12,3,0,0,0.0712575167417526,4.847050040960312,4.758996777236462
10614,Damián Rodríguez,2024,,Sub,7,124,0,0,0.0559425204992294,0.1556767113506794,1,3,0,0,0,0.0559425204992294,1.64576818048954,1.5658162236213684
10614,Damián Rodríguez,2024,,DMC,1,55,0,0,0.0,0.1252804547548294,0,2,0,0,0,0.0,0.2259021550416946,0.2259021550416946
10614,Damián Rodríguez,2023,,MC,3,228,0,2,0.0226929895579814,0.7027461566030979,1,6,1,0,0,0.0226929895579814,1.184677630662918,1.1127663850784302
10614,Damián Rodríguez,2023,,Sub,2,28,0,0,0.0,0.0,0,0,0,0,0,0.0,0.6085518375039101,0.6085518375039101
