player_id,player_name,season,team,position,games,time,goals,assists,xG,xA,shots,key_passes,yellow,red,npg,npxG,xGChain,xGBuildup
13715,Dan Ballard,2025,,DC,3,188,1,0,0.1820153072476387,0.9144562482833862,5,3,0,0,1,0.1820153072476387,0.4850954785943031,0.1005969867110252
13715,Dan Ballard,2025,,Sub,3,121,0,0,0.806963904760778,0.0423325151205062,3,1,0,0,0,0.806963904760778,0.3262869864702225,0.2839544713497162
