player_id,player_name,season,team,position,games,time,goals,assists,xG,xA,shots,key_passes,yellow,red,npg,npxG,xGChain,xGBuildup
12983,Danel Sinani,2025,,AMC,7,616,2,1,1.4030065648257732,1.9260442098602653,15,16,1,0,1,0.6452298797667027,3.806701973080635,2.358742967247963
12983,Danel Sinani,2024,,FW,8,656,1,0,0.7994510214775801,1.526328682899475,14,12,1,0,1,0.7994510214775801,2.3055724762380123,1.589043665677309
12983,Danel Sinani,2024,,AMC,4,347,0,0,0.7292408347129822,0.8509235829114914,11,8,0,0,0,0.7292408347129822,1.1083893477916718,0.6396180987358093
12983,Danel Sinani,2024,,FWR,2,158,0,0,0.1914949417114257,0.0402686223387718,6,1,1,0,0,0.1914949417114257,0.51765276491642,0.2978024333715439
12983,Danel Sinani,2024,,Sub,12,93,1,1,0.1842266861349344,0.7838789969682693,4,3,1,0,1,0.1842266861349344,1.541074245236814,0.6911031445488334
