player_id,player_name,season,team,position,games,time,goals,assists,xG,xA,shots,key_passes,yellow,red,npg,npxG,xGChain,xGBuildup
12380,Dani Silva,2024,,MC,2,180,0,0,0.0246905591338872,0.0287327375262975,1,1,0,0,0,0.0246905591338872,0.5616768002510071,0.5082535222172737
12380,Dani Silva,2024,,DMC,2,110,0,0,0.0,0.0,0,0,1,0,0,0.0,0.1333235949277877,0.1333235949277877
12380,Dani Silva,2024,,Sub,7,108,0,0,0.007720919791609,0.1190015822649002,1,2,0,0,0,0.007720919791609,0.8578567653894424,0.7608450576663017
12380,Dani Silva,2023,,DMC,3,238,0,0,0.0500888433307409,0.0187473651021718,2,1,1,0,0,0.0500888433307409,0.751313703134656,0.6824774742126465
12380,Dani Silva,2023,,Sub,11,177,0,0,0.0104794511571526,0.2859317064285278,1,2,1,0,0,0.0104794511571526,0.7580934129655361,0.7421298883855343
