player_id,player_name,season,team,position,games,time,goals,assists,xG,xA,shots,key_passes,yellow,red,npg,npxG,xGChain,xGBuildup
8108,Daniel C치rdenas,2024,,GK,6,540,0,0,0,0.0,0,0,0,0,0,0,0.1832175441086292,0.1832175441086292
8108,Daniel C치rdenas,2023,,GK,1,90,0,0,0,0.0,0,0,0,0,0,0,0.0,0.0
8108,Daniel C치rdenas,2021,,GK,24,2160,0,0,0,0.0170316006988286,0,1,3,0,0,0,2.6851897966116667,2.6681580990552902
8108,Daniel C치rdenas,2020,,GK,8,720,0,0,0,0.0,0,0,1,0,0,0,1.190928085707128,1.190928085707128
