player_id,player_name,season,team,position,games,time,goals,assists,xG,xA,shots,key_passes,yellow,red,npg,npxG,xGChain,xGBuildup
12408,Daniel Mu単oz,2025,,DMR,8,720,1,2,0.958005528897047,2.2628692388534546,11,6,3,0,1,0.958005528897047,4.35736358165741,1.1871451754122972
12408,Daniel Mu単oz,2024,,DMR,37,3237,4,5,5.791526351124048,5.942459639161825,37,45,10,0,4,5.791526351124048,17.36301911622286,7.908812275156379
12408,Daniel Mu単oz,2023,,DMR,14,1260,0,4,1.7550712414085865,2.9638327956199646,8,18,2,0,0,1.7550712414085865,6.738440863788128,3.547110002487898
12408,Daniel Mu単oz,2023,,DR,2,180,0,0,0.0,0.1215041875839233,0,3,2,0,0,0.0,0.1848448663949966,0.0633406788110733
