player_id,player_name,season,team,position,games,time,goals,assists,xG,xA,shots,key_passes,yellow,red,npg,npxG,xGChain,xGBuildup
10720,Darwin Núñez,2024,,FW,8,646,3,1,4.397390514612198,1.007675975561142,23,4,3,0,3,4.397390514612198,6.383958727121353,1.4549705982208252
10720,Darwin Núñez,2024,,Sub,22,426,2,1,2.5148646663874388,0.7345619108527899,11,7,5,0,2,2.5148646663874388,5.3126782309263945,2.158186908811331
10720,Darwin Núñez,2023,,FW,20,1629,5,6,16.107355698943138,4.7124395770952106,85,23,5,0,5,15.346186801791193,20.42048636823893,4.729389380663633
10720,Darwin Núñez,2023,,Sub,14,232,3,2,2.078955170698464,0.875545796006918,18,4,3,0,3,2.078955170698464,2.937338974326849,0.1513911634683609
10720,Darwin Núñez,2023,,FWL,2,176,3,0,1.0015401616692543,0.3624711483716964,5,6,1,0,3,1.0015401616692543,1.7208021581172943,0.4324186593294143
10720,Darwin Núñez,2022,,FW,11,912,2,1,6.783612444996834,1.927905924618244,50,14,1,1,2,6.783612444996834,9.083846628665924,1.6819386333227158
10720,Darwin Núñez,2022,,FWL,8,610,5,1,4.194218166172504,1.955400537699461,22,9,0,0,5,4.194218166172504,6.41033748164773,1.6588657572865486
10720,Darwin Núñez,2022,,Sub,10,180,2,1,3.396974816918373,1.763581000268459,12,5,0,0,2,3.396974816918373,4.783209510147572,0.1405400037765503
