player_id,player_name,season,team,position,games,time,goals,assists,xG,xA,shots,key_passes,yellow,red,npg,npxG,xGChain,xGBuildup
9676,David Raya,2025,,GK,8,720,0,0,0.0,0.0495000071823596,0,1,1,0,0,0.0,1.5414752066135406,1.491975199431181
9676,David Raya,2024,,GK,38,3420,0,0,0.0,0.0936360284686088,0,1,3,0,0,0.0,6.110358167439699,6.01672213897109
9676,David Raya,2023,,GK,32,2880,0,0,0.0,0.0,0,0,2,0,0,0.0,7.517592098563909,7.517592098563909
9676,David Raya,2022,,GK,38,3420,0,0,0.1039170026779174,0.1581754013895988,1,2,1,0,0,0.1039170026779174,2.429192343726754,2.2710169572383165
9676,David Raya,2021,,GK,24,2160,0,0,0.0,0.0409960001707077,0,1,1,0,0,0.0,4.120813246816397,4.120813246816397
