player_id,player_name,season,team,position,games,time,goals,assists,xG,xA,shots,key_passes,yellow,red,npg,npxG,xGChain,xGBuildup
10888,David Torres,2024,,DC,13,1088,0,0,0.1806086152791977,0.0,2,0,5,0,0,0.1806086152791977,1.77391342446208,1.77391342446208
10888,David Torres,2024,,DL,2,180,0,0,0.0,0.0109462169930338,0,1,0,0,0,0.0,0.3818035125732422,0.370857298374176
10888,David Torres,2024,,Sub,3,116,0,0,0.032602984458208,0.0,1,0,0,0,0,0.032602984458208,0.6480546593666077,0.6480546593666077
10888,David Torres,2022,,Sub,5,210,0,0,0.0,0.0,0,0,0,0,0,0.0,0.2745323628187179,0.2745323628187179
10888,David Torres,2022,,DC,2,175,0,0,0.5087717771530151,0.0292575005441904,1,1,1,0,0,0.5087717771530151,0.1403961256146431,0.1111385244876146
