player_id,player_name,season,team,position,games,time,goals,assists,xG,xA,shots,key_passes,yellow,red,npg,npxG,xGChain,xGBuildup
12993,David Neres,2025,,ML,1,84,0,0,0.0797503665089607,0.0,2,0,1,0,0,0.0797503665089607,0.1443812698125839,0.0646309033036232
12993,David Neres,2025,,MR,1,75,0,0,0.0810385271906852,0.1655070930719375,2,3,0,0,0,0.0810385271906852,0.9122824668884276,0.8922913670539856
12993,David Neres,2025,,Sub,3,46,0,0,0.0580898001790046,0.3150111138820648,3,1,0,0,0,0.0580898001790046,0.5566796585917473,0.2017684429883957
12993,David Neres,2024,,FWL,12,1000,0,1,1.4172891452908516,2.005309708416462,17,18,1,0,0,1.4172891452908516,6.657729808241129,3.7070547118783
12993,David Neres,2024,,Sub,15,181,1,3,1.17738354858011,1.2588328123092651,9,7,0,0,1,1.17738354858011,2.3613706827163696,0.4323580451309681
12993,David Neres,2024,,FWR,1,87,1,0,0.3996259868144989,0.1112971678376197,3,1,0,0,1,0.3996259868144989,0.5109231472015381,0.4815868437290191
