player_id,player_name,season,team,position,games,time,goals,assists,xG,xA,shots,key_passes,yellow,red,npg,npxG,xGChain,xGBuildup
9982,David Zima,2023,,Sub,5,81,0,0,0.0,0.0,0,0,0,0,0,0.0,0.335852712392807,0.335852712392807
9982,David Zima,2022,,DC,4,335,0,0,0.6360754910856485,0.0901830978691577,4,2,0,0,0,0.6360754910856485,0.6495340913534164,0.5794433150440454
9982,David Zima,2022,,Sub,5,65,0,0,0.0,0.0,0,0,0,0,0,0.0,0.0,0.0
9982,David Zima,2021,,DC,13,1139,0,1,0.5990720018744469,0.8710350096225739,5,5,2,0,0,0.5990720018744469,3.608939844183624,2.4095727391541004
9982,David Zima,2021,,Sub,7,155,0,0,0.0,0.0,0,0,1,0,0,0.0,0.3954490050673485,0.3954490050673485
