player_id,player_name,season,team,position,games,time,goals,assists,xG,xA,shots,key_passes,yellow,red,npg,npxG,xGChain,xGBuildup
12841,Dayann Methalie,2025,,DML,5,401,0,0,0.5760576575994492,0.5204432159662247,2,2,2,0,0,0.5760576575994492,1.451268557459116,0.4764121510088444
12841,Dayann Methalie,2025,,DL,1,87,0,0,0.007326140999794,0.0,1,0,0,0,0,0.007326140999794,0.0394823811948299,0.0394823811948299
12841,Dayann Methalie,2025,,Sub,2,51,0,0,0.1030406057834625,0.0974625498056411,2,1,0,0,0,0.1030406057834625,0.1796748898923397,0.0766342803835868
