player_id,player_name,season,team,position,games,time,goals,assists,xG,xA,shots,key_passes,yellow,red,npg,npxG,xGChain,xGBuildup
7940,Denis Vavro,2024,,DC,27,2402,2,0,1.5691240392625332,0.1929797548800707,25,8,4,0,2,1.5691240392625332,7.449778147041798,7.187122151255608
7940,Denis Vavro,2024,,Sub,2,66,0,0,0.0,0.0,0,0,0,0,0,0.0,0.5566640496253967,0.5566640496253967
7940,Denis Vavro,2021,,Sub,1,5,0,0,0.0,0.0,0,0,0,0,0,0.0,0.0373972989618778,0.0373972989618778
7940,Denis Vavro,2020,,DC,9,562,0,0,0.14704629778862,0.0289639998227357,7,1,1,0,0,0.14704629778862,0.7896430008113384,0.7263029925525188
7940,Denis Vavro,2020,,Sub,3,88,0,0,0.0,0.0,0,0,0,0,0,0.0,0.0501497015357017,0.0501497015357017
7940,Denis Vavro,2019,,Sub,10,202,0,0,0.1137599982321262,0.0,3,0,0,0,0,0.1137599982321262,0.2021929007023573,0.2021929007023573
7940,Denis Vavro,2019,,DC,1,90,0,0,0.0,0.0,0,0,0,0,0,0.0,0.5369889736175537,0.5369889736175537
