player_id,player_name,season,team,position,games,time,goals,assists,xG,xA,shots,key_passes,yellow,red,npg,npxG,xGChain,xGBuildup
7023,Dennis Hadzikadunic,2022,,DC,7,596,0,0,0.2560938410460949,0.0,5,0,1,0,0,0.2560938410460949,0.9352609850466252,0.92503098025918
7023,Dennis Hadzikadunic,2022,,Sub,1,23,0,0,0.0,0.0,0,0,0,0,0,0.0,0.0,0.0
7023,Dennis Hadzikadunic,2021,,DC,9,726,0,0,0.1085405023768544,0.0515329018235206,5,1,3,0,0,0.1085405023768544,0.8047686060890555,0.7181730149313807
7023,Dennis Hadzikadunic,2021,,Sub,1,42,0,0,0.0,0.0,0,0,0,0,0,0.0,0.0581501014530658,0.0581501014530658
7023,Dennis Hadzikadunic,2020,,DC,25,2179,1,1,0.7893902873620391,0.8078840067610145,16,6,6,1,1,0.7893902873620391,4.275471879169345,3.403565506450832
7023,Dennis Hadzikadunic,2019,,DC,15,1350,1,0,0.1826702798716724,0.273110706359148,5,4,6,0,1,0.1826702798716724,1.842147383838892,1.7300193794071674
7023,Dennis Hadzikadunic,2019,,Sub,2,40,0,0,0.0073977299034595,0.0,1,0,0,0,0,0.0073977299034595,0.0236470997333526,0.0162493009120225
7023,Dennis Hadzikadunic,2018,,DC,8,695,0,0,0.2401773035526275,0.0536122992634773,6,2,2,0,0,0.2401773035526275,1.1619863063097,1.0917150098830462
