player_id,player_name,season,team,position,games,time,goals,assists,xG,xA,shots,key_passes,yellow,red,npg,npxG,xGChain,xGBuildup
12769,Derek Cornelius,2025,,Sub,2,58,0,0,0.0,0.0,0,0,0,0,0,0.0,0.0,0.0
12769,Derek Cornelius,2024,,DC,17,1379,0,0,1.2505614198744297,0.1212597880512476,9,4,5,2,0,1.2505614198744297,7.624523339793086,7.5284970458596945
12769,Derek Cornelius,2024,,Sub,4,60,0,0,0.0,0.0,0,0,0,0,0,0.0,0.5813043788075447,0.5813043788075447
