player_id,player_name,season,team,position,games,time,goals,assists,xG,xA,shots,key_passes,yellow,red,npg,npxG,xGChain,xGBuildup
10860,Derry Scherhant,2025,,Sub,5,91,1,0,0.3871798515319824,0.075612336397171,6,2,0,0,1,0.3871798515319824,0.3895758539438247,0.0634420365095138
10860,Derry Scherhant,2025,,AML,1,77,1,0,0.373173326253891,0.0995508208870887,3,1,0,0,1,0.373173326253891,0.4754800200462341,0.1023066863417625
10860,Derry Scherhant,2022,,Sub,8,148,1,0,0.0776316970586776,0.24201600253582,1,1,0,0,1,0.0776316970586776,1.3358624875545502,1.0162147879600525
10860,Derry Scherhant,2022,,AML,1,66,0,0,0.1946720033884048,0.0,3,0,0,0,0,0.1946720033884048,0.0786755010485649,0.0165551993995904
10860,Derry Scherhant,2022,,ML,1,48,0,0,0.0,0.0,0,0,0,0,0,0.0,0.0,0.0
