player_id,player_name,season,team,position,games,time,goals,assists,xG,xA,shots,key_passes,yellow,red,npg,npxG,xGChain,xGBuildup
10439,Didier Lamkel Zé,2023,,FW,3,233,0,0,0.6304234713315964,0.206963948905468,5,3,0,0,0,0.6304234713315964,1.5101871863007543,0.7789238020777702
10439,Didier Lamkel Zé,2023,,FWL,3,219,0,0,0.1501213759183883,0.3285714164376259,3,2,0,0,0,0.1501213759183883,0.839381217956543,0.3606884181499481
10439,Didier Lamkel Zé,2023,,ML,1,90,1,0,0.4338475465774536,0.058372288942337,3,1,0,0,1,0.4338475465774536,0.4878201186656952,0.0450238361954689
10439,Didier Lamkel Zé,2023,,Sub,2,18,0,0,0.0,0.0,0,0,1,0,0,0.0,0.0,0.0
10439,Didier Lamkel Zé,2021,,FW,11,876,5,0,3.218480661511421,0.2574267033487558,23,6,4,0,5,3.218480661511421,4.17194190621376,0.8416596837341785
10439,Didier Lamkel Zé,2021,,Sub,1,7,0,0,0.0,0.0,0,0,0,0,0,0.0,0.0,0.0
