player_id,player_name,season,team,position,games,time,goals,assists,xG,xA,shots,key_passes,yellow,red,npg,npxG,xGChain,xGBuildup
10169,Diego Coppola,2025,,Sub,3,13,0,0,0.0,0.0,0,0,0,0,0,0.0,0.16225166618824,0.16225166618824
10169,Diego Coppola,2024,,DC,33,2927,2,0,1.3077915208414197,0.0927545512095093,10,3,10,0,2,1.3077915208414197,3.875566763803363,3.842023147270083
10169,Diego Coppola,2024,,Sub,1,1,0,0,0.0,0.0,0,0,0,0,0,0.0,0.0,0.0
10169,Diego Coppola,2023,,DC,18,1582,2,0,1.7048195209354162,0.1992175914347171,13,4,9,0,2,1.7048195209354162,1.786657601594925,1.6403288803994656
10169,Diego Coppola,2023,,Sub,6,57,0,0,0.0,0.0,0,0,0,0,0,0.0,0.0,0.0
10169,Diego Coppola,2022,,DC,11,940,0,0,0.2697019949555397,0.0,3,0,5,0,0,0.2697019949555397,1.341388015076518,1.24094701372087
10169,Diego Coppola,2022,,Sub,8,214,0,0,0.0,0.0,0,0,0,0,0,0.0,0.2089423611760139,0.2089423611760139
10169,Diego Coppola,2021,,DC,3,240,0,0,0.1156049966812133,0.0,1,0,0,0,0,0.1156049966812133,0.7128623891621828,0.7128623891621828
10169,Diego Coppola,2021,,Sub,1,7,0,0,0.0,0.0,0,0,0,0,0,0.0,0.0,0.0
