player_id,player_name,season,team,position,games,time,goals,assists,xG,xA,shots,key_passes,yellow,red,npg,npxG,xGChain,xGBuildup
10724,Diogo Leite,2025,,DC,4,349,0,0,0.0,0.0,0,0,1,0,0,0.0,0.3343245387077331,0.3343245387077331
10724,Diogo Leite,2024,,DC,28,2413,1,2,1.8135780673474076,1.4597774054855108,18,13,3,0,1,1.8135780673474076,4.460863365791738,4.112913853488863
10724,Diogo Leite,2024,,DML,1,90,0,0,0.0,0.0979616120457649,0,1,0,0,0,0.0,0.0979616120457649,0.0
10724,Diogo Leite,2024,,Sub,1,42,0,0,0.0,0.0,0,0,0,0,0,0.0,0.0296692624688148,0.0296692624688148
10724,Diogo Leite,2023,,DC,31,2697,0,0,0.5729180835187435,0.5164789818227291,12,5,5,0,0,0.5729180835187435,6.300716660916805,5.752256024628878
10724,Diogo Leite,2023,,Sub,1,13,0,0,0.0,0.0247593931853771,0,1,1,0,0,0.0,0.0247593931853771,0.0
10724,Diogo Leite,2022,,DC,26,2232,0,1,0.5433130227029324,0.4065033961087465,11,4,6,1,0,0.5433130227029324,4.686532188206911,4.527784999459982
10724,Diogo Leite,2022,,Sub,2,23,0,0,0.0,0.0,0,0,0,0,0,0.0,0.0663153976202011,0.0663153976202011
