player_id,player_name,season,team,position,games,time,goals,assists,xG,xA,shots,key_passes,yellow,red,npg,npxG,xGChain,xGBuildup
11324,Dion Beljo,2023,,Sub,23,276,1,0,2.370017562992871,0.3407567292451858,13,6,2,0,1,2.370017562992871,3.366151000373065,0.8395397588610649
11324,Dion Beljo,2023,,FW,2,140,1,0,0.982059583067894,0.0,5,0,0,0,1,0.982059583067894,0.9672746807336808,0.0516670309007167
11324,Dion Beljo,2023,,AMC,1,90,0,0,0.0704348757863044,0.071319580078125,1,2,0,0,0,0.0704348757863044,0.2137911021709442,0.0720366537570953
11324,Dion Beljo,2022,,FW,14,1042,3,2,1.4669535979628563,2.154107490554452,12,14,2,0,3,1.4669535979628563,4.491503283381462,0.8704428151249886
11324,Dion Beljo,2022,,FWR,1,48,0,0,0.0,0.0,0,0,0,0,0,0.0,0.0,0.0
11324,Dion Beljo,2022,,AMC,1,48,0,0,0.0,0.0,0,0,0,0,0,0.0,0.0,0.0
11324,Dion Beljo,2022,,Sub,2,26,0,0,0.0,0.0,0,0,0,0,0,0.0,0.0,0.0
