player_id,player_name,season,team,position,games,time,goals,assists,xG,xA,shots,key_passes,yellow,red,npg,npxG,xGChain,xGBuildup
12451,Djaoui Cissé,2025,,MC,3,164,0,0,0.2660604119300842,0.1376410126686096,6,2,0,0,0,0.2660604119300842,0.9575428143143654,0.6153508946299553
12451,Djaoui Cissé,2025,,Sub,3,66,0,0,0.0128508247435092,0.0,1,0,1,0,0,0.0128508247435092,0.0128508247435092,0.0
12451,Djaoui Cissé,2024,,MC,13,1056,1,0,0.3633874543011188,0.3757421318441629,15,6,4,0,1,0.3633874543011188,6.643852956593037,6.13248298689723
12451,Djaoui Cissé,2024,,DMC,1,90,0,0,0.0,0.0,0,0,0,0,0,0.0,1.016368746757507,1.016368746757507
12451,Djaoui Cissé,2023,,Sub,2,2,0,0,0.0,0.0,0,0,0,0,0,0.0,0.0,0.0
