player_id,player_name,season,team,position,games,time,goals,assists,xG,xA,shots,key_passes,yellow,red,npg,npxG,xGChain,xGBuildup
13311,Djylian N&#039;Guessan,2024,,FWR,1,61,0,0,0.2911641299724579,0.0,1,0,0,0,0,0.2911641299724579,0.3445761501789093,0.0534120053052902
13311,Djylian N&#039;Guessan,2024,,FW,1,51,0,0,0.0,0.2320420891046524,0,1,0,0,0,0.0,0.2320420891046524,0.2320420891046524
13311,Djylian N&#039;Guessan,2024,,FWL,1,50,0,0,0.0,0.0,0,0,0,0,0,0.0,0.0651866793632507,0.0651866793632507
13311,Djylian N&#039;Guessan,2024,,Sub,5,19,0,0,0.1489296890795231,0.0743129923939704,2,1,0,0,0,0.1489296890795231,0.2232426777482032,0.0
