player_id,player_name,season,team,position,games,time,goals,assists,xG,xA,shots,key_passes,yellow,red,npg,npxG,xGChain,xGBuildup
12806,Dylan Batubinsika,2024,,DC,22,1925,0,0,0.3131900709122419,0.2829701006412506,5,4,3,1,0,0.3131900709122419,3.9949874505400658,3.795692935585976
12806,Dylan Batubinsika,2024,,Sub,3,81,1,0,0.3670492768287658,0.0,2,0,0,0,1,0.3670492768287658,0.0456822104752063,0.0456822104752063
