player_id,player_name,season,team,position,games,time,goals,assists,xG,xA,shots,key_passes,yellow,red,npg,npxG,xGChain,xGBuildup
11586,Ebenezer Akinsanmiro,2025,,MC,5,450,0,0,0.1338872825726866,0.1787474937736988,4,5,1,0,0,0.1338872825726866,0.617269828915596,0.3250380456447601
11586,Ebenezer Akinsanmiro,2025,,Sub,1,27,0,0,0.0124534368515014,0.0,1,0,0,0,0,0.0124534368515014,0.051441453397274,0.0389880165457725
11586,Ebenezer Akinsanmiro,2023,,Sub,1,12,0,0,0.0,0.0874421745538711,0,1,0,0,0,0.0,0.0874421745538711,0.0874421745538711
