player_id,player_name,season,team,position,games,time,goals,assists,xG,xA,shots,key_passes,yellow,red,npg,npxG,xGChain,xGBuildup
6880,Edouard Mendy,2022,,GK,9,810,0,0,0,0.0,0,0,1,0,0,0,0.999287249520421,0.999287249520421
6880,Edouard Mendy,2022,,Sub,1,43,0,0,0,0.0,0,0,0,0,0,0,0.1362619996070861,0.1362619996070861
6880,Edouard Mendy,2021,,GK,34,3060,0,0,0,0.0,0,0,3,0,0,0,5.087311686947942,5.087311686947942
6880,Edouard Mendy,2020,,GK,32,2838,0,0,0,0.0328303985297679,0,1,2,0,0,0,4.878392094746232,4.845561699941754
6880,Edouard Mendy,2019,,GK,24,2160,0,0,0,0.0,0,0,1,0,0,0,2.858466994948685,2.858466994948685
6880,Edouard Mendy,2018,,GK,38,3420,0,0,0,0.0248693991452455,0,1,3,0,0,0,2.5442241253331304,2.5442241253331304
