player_id,player_name,season,team,position,games,time,goals,assists,xG,xA,shots,key_passes,yellow,red,npg,npxG,xGChain,xGBuildup
13723,El Hadji Malick Diouf,2025,,DL,5,450,0,2,0.0496706627309322,0.5127964727580547,2,4,1,0,0,0.0496706627309322,0.7712058089673519,0.4118755757808685
13723,El Hadji Malick Diouf,2025,,ML,2,180,0,1,0.1219028010964393,0.1578149665147066,3,3,0,0,0,0.1219028010964393,0.3432784602046013,0.0947368964552879
13723,El Hadji Malick Diouf,2025,,Sub,1,35,0,0,0.0,0.0,0,0,0,0,0,0.0,0.0853393748402595,0.0853393748402595
