player_id,player_name,season,team,position,games,time,goals,assists,xG,xA,shots,key_passes,yellow,red,npg,npxG,xGChain,xGBuildup
7087,Elia Caprile,2025,,GK,7,630,0,0,0,0.0,0,0,0,0,0,0,0.2533263880759477,0.2533263880759477
7087,Elia Caprile,2024,,GK,21,1890,0,0,0,0.0,0,0,0,0,0,0,1.3403159100562334,1.3403159100562334
7087,Elia Caprile,2024,,Sub,1,55,0,0,0,0.0,0,0,0,0,0,0,0.0,0.0
7087,Elia Caprile,2023,,GK,23,2070,0,0,0,0.1958548780530691,0,2,0,0,0,0,1.1644436018541455,0.9685887349769472
