player_id,player_name,season,team,position,games,time,goals,assists,xG,xA,shots,key_passes,yellow,red,npg,npxG,xGChain,xGBuildup
13718,Eliezer Mayenda,2025,,FW,3,210,1,0,0.6566543281078339,0.3046077191829681,3,1,0,0,1,0.6566543281078339,0.3412873148918152,0
13718,Eliezer Mayenda,2025,,Sub,3,43,0,0,0.0658116266131401,0.2839544713497162,1,1,0,0,0,0.0658116266131401,0.3497660756111145,0
