player_id,player_name,season,team,position,games,time,goals,assists,xG,xA,shots,key_passes,yellow,red,npg,npxG,xGChain,xGBuildup
11718,Elijah Adebayo,2023,,FW,15,1208,5,0,4.412963800132275,0.63157426007092,21,11,0,0,5,4.412963800132275,4.98151620477438,0.4082264881581068
11718,Elijah Adebayo,2023,,Sub,11,138,2,0,0.6722807828336954,0.1151675693690776,6,2,1,0,2,0.6722807828336954,1.136898884549737,0.4517237395048141
11718,Elijah Adebayo,2023,,AMC,1,76,3,0,1.5455366373062134,0.0669198259711265,4,1,0,0,3,1.5455366373062134,2.16286301612854,1.0812138319015503
