player_id,player_name,season,team,position,games,time,goals,assists,xG,xA,shots,key_passes,yellow,red,npg,npxG,xGChain,xGBuildup
10938,Emanuel Aiwu,2022,,DC,16,1398,0,0,0.0758662316948175,0.1416301010176539,3,3,3,0,0,0.0758662316948175,1.3923770496621728,1.242125829681754
10938,Emanuel Aiwu,2022,,Sub,6,149,0,0,0.0,0.0099926702678203,0,1,0,0,0,0.0,0.1647213976830244,0.1547287013381719
10938,Emanuel Aiwu,2022,,DR,1,90,0,0,0.0,0.0,0,0,0,0,0,0.0,0.1459281742572784,0.1459281742572784
