player_id,player_name,season,team,position,games,time,goals,assists,xG,xA,shots,key_passes,yellow,red,npg,npxG,xGChain,xGBuildup
10899,Emirhan Ilkhan,2025,,MC,1,59,0,0,0.0,0.0,0,0,0,0,0,0.0,0.0807211250066757,0.0807211250066757
10899,Emirhan Ilkhan,2022,,Sub,11,121,0,0,0.0196380894631147,0.0814961604773998,1,2,0,0,0,0.0196380894631147,0.7908373735845089,0.771199282258749
10899,Emirhan Ilkhan,2022,,MC,1,65,0,0,0.0244178008288145,0.0,2,0,1,0,0,0.0244178008288145,0.3973639905452728,0.3729459941387176
