player_id,player_name,season,team,position,games,time,goals,assists,xG,xA,shots,key_passes,yellow,red,npg,npxG,xGChain,xGBuildup
10856,Emmanuel Agbadou,2025,,DC,5,450,0,0,0.2871334319934249,0.0837530177086591,6,2,0,0,0,0.2871334319934249,1.0573033951222897,0.9456629995256662
10856,Emmanuel Agbadou,2025,,Sub,2,68,0,0,0.0,0.0,0,0,0,0,0,0.0,0.1532173827290535,0.1532173827290535
10856,Emmanuel Agbadou,2024,,DC,30,2674,1,0,1.1982741607353091,0.754732116125524,22,12,6,0,1,1.1982741607353091,9.9963410012424,9.688130643218756
10856,Emmanuel Agbadou,2023,,DC,26,2314,1,1,1.9141882229596376,0.562018446624279,27,9,1,0,1,1.9141882229596376,8.086231514811516,7.720356713980436
10856,Emmanuel Agbadou,2023,,DR,3,268,0,0,0.3987108655273914,0.467761667445302,6,2,0,0,0,0.3987108655273914,1.326006442308426,0.7868395745754242
10856,Emmanuel Agbadou,2023,,Sub,3,19,0,0,0.0,0.0208515934646129,0,1,0,0,0,0.0,0.0709375366568565,0.0500859469175338
10856,Emmanuel Agbadou,2022,,DC,26,2263,0,3,1.695732282474637,2.173390466719866,21,10,4,3,0,1.695732282474637,8.560892846435308,7.807964287698269
10856,Emmanuel Agbadou,2022,,MC,1,90,0,0,0.0185081996023654,0.1096379980444908,1,1,0,0,0,0.0185081996023654,0.0863960981369018,0.0678879022598266
10856,Emmanuel Agbadou,2022,,Sub,2,34,0,0,0.0645747035741806,0.6245179772377014,1,2,1,0,0,0.0645747035741806,0.6890929937362671,0.0
