player_id,player_name,season,team,position,games,time,goals,assists,xG,xA,shots,key_passes,yellow,red,npg,npxG,xGChain,xGBuildup
11140,Enzo Barrenechea,2024,,DMC,13,1118,0,2,0.4624189687892794,0.6970875281840563,8,11,3,0,0,0.4624189687892794,4.665731289424002,4.108705566264689
11140,Enzo Barrenechea,2024,,MC,13,1050,1,0,0.801252119243145,0.1345615917816758,8,4,3,0,1,0.801252119243145,3.5827702432870865,3.449442431330681
11140,Enzo Barrenechea,2024,,Sub,4,77,0,0,0.0,0.0,0,0,0,0,0,0.0,0.0724293887615203,0.0724293887615203
11140,Enzo Barrenechea,2023,,MC,23,2018,0,1,0.341423493809998,1.292209018021822,13,19,7,0,0,0.341423493809998,7.154210560023785,6.484500300139189
11140,Enzo Barrenechea,2023,,DMC,9,778,0,0,0.1626654304563999,0.176745630800724,7,5,3,0,0,0.1626654304563999,3.216459166258573,2.9845164455473423
11140,Enzo Barrenechea,2023,,Sub,4,40,0,0,0.0,0.0199575684964656,0,1,0,0,0,0.0,0.0732534695416688,0.0532959010452032
11140,Enzo Barrenechea,2022,,MC,3,164,0,0,0.0452374015003442,0.0218720994889736,2,1,0,0,0,0.0452374015003442,0.1742592006921768,0.1523870974779129
