player_id,player_name,season,team,position,games,time,goals,assists,xG,xA,shots,key_passes,yellow,red,npg,npxG,xGChain,xGBuildup
12893,Enzo Boyomo,2025,,DC,9,810,0,0,0.0,0.7699362635612488,0,4,2,0,0,0.0,1.6150168776512146,0.8642200157046318
12893,Enzo Boyomo,2024,,DC,36,3215,2,0,1.941539804451168,1.024203518405557,14,4,5,0,2,1.941539804451168,6.650790270417929,5.534462329000235
12893,Enzo Boyomo,2024,,Sub,1,39,0,0,0.0,0.0,0,0,0,0,0,0.0,0.0512057282030582,0.0512057282030582
