player_id,player_name,season,team,position,games,time,goals,assists,xG,xA,shots,key_passes,yellow,red,npg,npxG,xGChain,xGBuildup
13775,Estêvão,2025,,AMR,3,166,0,1,0.7423341572284698,0.8184297531843185,2,2,0,0,0,0.7423341572284698,2.129324585199356,1.386990413069725
13775,Estêvão,2025,,FWR,1,66,0,0,0.2881825864315033,0.0,3,0,0,0,0,0.2881825864315033,0.336323469877243,0.0481408983469009
13775,Estêvão,2025,,Sub,3,57,1,0,0.8625621199607849,0.3631548881530761,5,2,2,0,1,0.8625621199607849,1.3121187016367912,0.1266051679849624
