player_id,player_name,season,team,position,games,time,goals,assists,xG,xA,shots,key_passes,yellow,red,npg,npxG,xGChain,xGBuildup
12066,Ethan Mbappé,2025,,Sub,5,25,2,0,0.573009118437767,0.166510459035635,4,4,0,0,2,0.573009118437767,0.716999489814043,0.0458978749811649
12066,Ethan Mbappé,2024,,Sub,9,124,0,0,0.7972630970180035,1.6172430515289309,9,6,2,0,0,0.7972630970180035,2.768638774752617,1.4657970648258924
12066,Ethan Mbappé,2024,,AMC,1,70,0,0,0.3688662648200989,0.0,2,0,1,0,0,0.3688662648200989,0.4359017014503479,0.0670354291796684
12066,Ethan Mbappé,2023,,Sub,3,39,0,0,0.1630925238132476,0.0,2,0,0,0,0,0.1630925238132476,0.7625649720430374,0.5994724482297897
