player_id,player_name,season,team,position,games,time,goals,assists,xG,xA,shots,key_passes,yellow,red,npg,npxG,xGChain,xGBuildup
10177,Evan Ferguson,2025,,FW,3,220,0,1,0.3417603373527527,1.051930457353592,5,5,1,0,0,0.3417603373527527,1.4070802479982376,0.0764261297881603
10177,Evan Ferguson,2025,,Sub,3,78,0,0,0.1613592058420181,0.1642184928059578,2,3,0,0,0,0.1613592058420181,0.4543412141501903,0.2263021804392337
10177,Evan Ferguson,2024,,FW,3,183,0,0,0.6998262852430344,0.1251993775367736,3,1,0,0,0,0.6998262852430344,0.796833947300911,0.0625251829624176
10177,Evan Ferguson,2024,,Sub,18,158,1,0,0.7814585939049721,0.6677163168787956,9,4,0,0,1,0.7814585939049721,1.38949085585773,0.0183948222547769
10177,Evan Ferguson,2023,,FW,15,1121,5,0,2.6042892411351204,0.5814879722893238,24,5,1,0,5,2.6042892411351204,4.463662203401327,1.4154128609225154
10177,Evan Ferguson,2023,,Sub,12,243,1,0,1.3617631997913122,0.0696833804249763,9,1,0,0,1,1.3617631997913122,2.405146338045597,1.0688687600195408
10177,Evan Ferguson,2022,,FW,10,729,4,2,4.412238955497742,0.4605404082685709,27,7,1,0,4,4.412238955497742,6.518486350774765,2.262952916324138
10177,Evan Ferguson,2022,,Sub,9,221,2,0,1.255088347941637,0.2264809757471084,9,4,0,0,2,1.255088347941637,1.9011220708489416,0.4587127147242427
10177,Evan Ferguson,2021,,Sub,1,20,0,0,0.0,0.0,0,0,0,0,0,0.0,0.0216189008206129,0.0216189008206129
