player_id,player_name,season,team,position,games,time,goals,assists,xG,xA,shots,key_passes,yellow,red,npg,npxG,xGChain,xGBuildup
12963,Evanilson,2025,,FW,7,624,1,0,1.8095796816051009,0.8649434112012386,15,9,1,0,1,1.8095796816051009,2.536045618355274,0.6293394714593887
12963,Evanilson,2024,,FW,28,2318,9,1,13.547078480944036,1.9151847725734117,70,25,1,1,9,12.785909621044992,15.10310684889555,2.639263827353716
12963,Evanilson,2024,,Sub,3,58,1,0,0.1671915799379348,0.0,3,0,0,0,1,0.1671915799379348,0.2837713249027729,0.145961407572031
