player_id,player_name,season,team,position,games,time,goals,assists,xG,xA,shots,key_passes,yellow,red,npg,npxG,xGChain,xGBuildup
13851,Ezechiel Banzuzi,2025,,Sub,6,174,0,1,0.3837267756462097,0.2092260085046291,4,4,1,0,0,0.3837267756462097,0.8357360288500786,0.5462351255118847
13851,Ezechiel Banzuzi,2025,,MC,1,69,0,0,0.0868792086839675,0.0,2,0,1,0,0,0.0868792086839675,0.1768493503332138,0.0899701490998268
