player_id,player_name,season,team,position,games,time,goals,assists,xG,xA,shots,key_passes,yellow,red,npg,npxG,xGChain,xGBuildup
11007,Fábio Vieira,2025,,MC,2,172,0,1,0.3103975355625152,1.0992274805903437,7,6,1,1,0,0.3103975355625152,1.6878656446933746,0.9674749970436096
11007,Fábio Vieira,2025,,MR,1,82,0,0,0.0479441173374652,0.0254156868904829,1,2,0,0,0,0.0479441173374652,0.0479441173374652,0.0
11007,Fábio Vieira,2023,,Sub,9,143,1,2,0.8816442303359509,1.3098269253969193,3,5,0,1,0,0.1204753927886486,1.2736390102654696,0.2183321770280599
11007,Fábio Vieira,2023,,MC,2,134,0,0,0.2824053764343261,0.0,4,0,0,0,0,0.2824053764343261,0.3160796798765659,0.0742612071335315
11007,Fábio Vieira,2022,,Sub,19,227,0,2,0.5795684866607189,2.021666945889592,10,7,0,0,0,0.5795684866607189,4.022363014519215,1.9874500464648008
11007,Fábio Vieira,2022,,MC,2,151,0,0,0.1382228434085846,0.1196377724409103,4,4,0,0,0,0.1382228434085846,0.4621540531516075,0.4000480696558952
11007,Fábio Vieira,2022,,AMC,1,90,1,0,0.0200862009078264,0.0975271016359329,1,1,0,0,1,0.0200862009078264,0.9505689740180968,0.8530420064926147
