player_id,player_name,season,team,position,games,time,goals,assists,xG,xA,shots,key_passes,yellow,red,npg,npxG,xGChain,xGBuildup
11915,Fabian Nürnberger,2023,,DML,6,497,0,1,0.1404894646257162,0.3849100526422262,4,8,0,0,0,0.1404894646257162,0.8448077589273453,0.5060628242790699
11915,Fabian Nürnberger,2023,,ML,6,475,1,0,0.3806720431894064,0.4960286244750023,9,8,2,0,1,0.3806720431894064,1.3499687165021896,0.8973614415153861
11915,Fabian Nürnberger,2023,,MC,3,256,0,0,0.0247964095324277,0.2655426636338234,1,4,0,0,0,0.0247964095324277,0.925514355301857,0.7977089881896973
11915,Fabian Nürnberger,2023,,DMR,1,90,0,0,0.0,0.4305548071861267,0,7,0,0,0,0.0,1.5194780826568604,1.412000060081482
11915,Fabian Nürnberger,2023,,MR,1,90,0,0,0.0819395929574966,0.1405729949474334,1,2,0,0,0,0.0819395929574966,0.1803891509771347,0.1343657523393631
11915,Fabian Nürnberger,2023,,Sub,4,87,0,0,0.2149418294429779,0.0376532897353172,4,1,0,0,0,0.2149418294429779,0.8753717690706253,0.6835688650608063
