player_id,player_name,season,team,position,games,time,goals,assists,xG,xA,shots,key_passes,yellow,red,npg,npxG,xGChain,xGBuildup
12303,Farès Ghedjemis,2023,,Sub,5,93,0,0,0.1350108198821544,0.1082212179899215,2,1,0,0,0,0.1350108198821544,2.1214399095624685,1.878207853063941
12303,Farès Ghedjemis,2023,,FWL,1,66,0,0,0.1091373488306999,0.0105732297524809,1,1,1,0,0,0.1091373488306999,0.1197105795145034,0.0
