player_id,player_name,season,team,position,games,time,goals,assists,xG,xA,shots,key_passes,yellow,red,npg,npxG,xGChain,xGBuildup
10902,Federico Baschirotto,2025,,DC,7,630,2,0,0.690932109951973,0.0,5,0,1,0,2,0.690932109951973,0.2446211082860827,0.1876126741990447
10902,Federico Baschirotto,2024,,DC,38,3420,2,0,1.786151384934783,0.4555621715262532,22,6,3,0,2,1.786151384934783,5.909337832592428,5.701119958423078
10902,Federico Baschirotto,2023,,DC,37,3298,0,1,2.30855421256274,0.5566259026527405,18,2,3,1,0,2.30855421256274,5.680645692162216,5.650157491676509
10902,Federico Baschirotto,2022,,DC,34,3060,3,0,2.162406318821013,0.4470031764358282,18,7,6,0,3,2.162406318821013,2.073875142261386,1.8603804912418127
10902,Federico Baschirotto,2022,,DR,3,270,0,0,0.041389986872673,0.0155936004593968,3,1,0,0,0,0.041389986872673,0.0710192676633596,0.0551085993647575
