player_id,player_name,season,team,position,games,time,goals,assists,xG,xA,shots,key_passes,yellow,red,npg,npxG,xGChain,xGBuildup
9444,Felix Correia,2025,,AML,5,389,0,3,1.008691422641277,1.6145597025752068,6,8,0,0,0,1.008691422641277,3.475652277469635,1.3566247820854187
9444,Felix Correia,2025,,AMR,2,164,0,0,0.5080150403082371,0.7057803869247437,2,5,0,0,0,0.5080150403082371,1.4747334122657776,0.4109708964824676
9444,Felix Correia,2025,,Sub,1,23,0,0,0.0,0.0,0,0,0,0,0,0.0,0.1677788645029068,0.1677788645029068
9444,Felix Correia,2020,,Sub,1,6,0,0,0.0,0.0,0,0,0,0,0,0.0,0.0,0.0
