player_id,player_name,season,team,position,games,time,goals,assists,xG,xA,shots,key_passes,yellow,red,npg,npxG,xGChain,xGBuildup
10879,Festy Ebosele,2023,,DMR,20,1464,0,0,0.781561590731144,1.5617681546136737,14,16,2,1,0,0.781561590731144,3.945641653612256,1.6912555852904916
10879,Festy Ebosele,2023,,Sub,11,268,0,0,0.0297279581427574,0.0,2,0,2,0,0,0.0297279581427574,0.6731852255761623,0.6731852255761623
10879,Festy Ebosele,2022,,DMR,4,274,0,1,0.0,0.6446072459220886,0,2,2,0,0,0.0,0.7092709541320801,0.0646637007594108
10879,Festy Ebosele,2022,,Sub,13,111,0,0,0.2106519993394613,0.1878765001893043,4,3,2,0,0,0.2106519993394613,0.39157460257411,0.1081840023398399
