player_id,player_name,season,team,position,games,time,goals,assists,xG,xA,shots,key_passes,yellow,red,npg,npxG,xGChain,xGBuildup
9850,Filippo Bandinelli,2022,,MC,26,2013,2,0,1.3322619022801518,2.5123917683959007,22,31,6,0,2,1.3322619022801518,5.097867049276829,2.238368509337306
9850,Filippo Bandinelli,2022,,Sub,7,158,0,0,0.0145674059167504,0.0,1,0,3,0,0,0.0145674059167504,0.0145674059167504,0.0
9850,Filippo Bandinelli,2022,,DMC,2,145,0,0,0.0869531631469726,0.0,1,0,1,0,0,0.0869531631469726,0.5363909378647804,0.4494377747178077
9850,Filippo Bandinelli,2021,,MC,23,1659,1,3,0.9369641114026308,3.896087501198053,25,28,6,0,1,0.9369641114026308,6.597235437482595,2.5464667063206434
9850,Filippo Bandinelli,2021,,Sub,11,279,1,0,0.9005240015685558,0.4506038455292582,8,5,4,0,1,0.9005240015685558,1.8176460154354568,1.2036479748785496
9850,Filippo Bandinelli,2021,,AMC,1,47,0,0,0.1380230039358139,0.0,2,0,0,0,0,0.1380230039358139,0.1051850020885467,0.0502340011298656
