player_id,player_name,season,team,position,games,time,goals,assists,xG,xA,shots,key_passes,yellow,red,npg,npxG,xGChain,xGBuildup
10076,Filippo Missori,2023,,DMR,2,137,0,0,0.1188221648335456,0.012607155367732,2,1,0,0,0,0.1188221648335456,0.252660496160388,0.1338383238762617
10076,Filippo Missori,2023,,Sub,6,117,0,0,0.1181019097566604,0.0320104621350765,2,1,0,0,0,0.1181019097566604,0.2945592254400253,0.1652623787522316
10076,Filippo Missori,2022,,DR,1,90,0,0,0.0,0.0,0,0,1,0,0,0.0,0.7457900643348694,0.7457900643348694
10076,Filippo Missori,2022,,DMR,1,90,0,0,0.0,0.0,0,0,0,0,0,0.0,0.0161877647042274,0.0161877647042274
10076,Filippo Missori,2022,,Sub,1,1,0,0,0.0,0.0,0,0,0,0,0,0.0,0.0,0.0
