player_id,player_name,season,team,position,games,time,goals,assists,xG,xA,shots,key_passes,yellow,red,npg,npxG,xGChain,xGBuildup
6596,Finn Dahmen,2025,,GK,7,630,0,0,0,0.0,0,0,0,0,0,0,0.5256439633667469,0.5256439633667469
6596,Finn Dahmen,2024,,GK,19,1710,0,0,0,0.0,0,0,0,0,0,0,2.074063473381102,2.074063473381102
6596,Finn Dahmen,2023,,GK,31,2790,0,0,0,0.0341024361550807,0,1,4,0,0,0,3.327351630665362,3.327351630665362
6596,Finn Dahmen,2022,,GK,8,720,0,0,0,0.0,0,0,0,0,0,0,1.316108450293541,1.316108450293541
6596,Finn Dahmen,2021,,GK,2,180,0,0,0,0.0,0,0,0,0,0,0,0.0,0.0
6596,Finn Dahmen,2020,,GK,3,270,0,0,0,0.0,0,0,0,0,0,0,0.3624700009822845,0.3624700009822845
