player_id,player_name,season,team,position,games,time,goals,assists,xG,xA,shots,key_passes,yellow,red,npg,npxG,xGChain,xGBuildup
12872,Fisayo Dele-Bashiru,2025,,MC,4,217,0,0,0.0,0.0675703603774309,0,2,0,0,0,0.0,1.6305837035179138,1.5630134493112564
12872,Fisayo Dele-Bashiru,2024,,AMC,5,359,1,1,0.5913949925452471,0.4418637044727802,5,5,0,0,1,0.5913949925452471,1.1286393851041794,0.1624727994203567
12872,Fisayo Dele-Bashiru,2024,,MC,3,209,0,0,0.1311702877283096,0.0366365909576416,2,1,0,0,0,0.1311702877283096,0.5420761555433273,0.3742692619562149
12872,Fisayo Dele-Bashiru,2024,,DMC,3,178,0,0,0.0444331113249063,0.0855577960610389,3,1,0,0,0,0.0444331113249063,0.3151214346289634,0.1851305300369858
12872,Fisayo Dele-Bashiru,2024,,Sub,8,111,2,0,0.6273916214704514,0.2253008708357811,4,2,0,0,2,0.6273916214704514,1.3166665881872175,0.6892749965190887
12872,Fisayo Dele-Bashiru,2024,,AML,1,90,0,0,0.091482013463974,0.0,2,0,0,0,0,0.091482013463974,0.1017242595553398,0.0527739338576793
