player_id,player_name,season,team,position,games,time,goals,assists,xG,xA,shots,key_passes,yellow,red,npg,npxG,xGChain,xGBuildup
10113,Fisnik Asllani,2025,,FW,6,481,4,1,3.3029789216816425,0.4735233336687088,19,7,1,0,4,3.3029789216816425,4.22311469912529,0.5907992031425238
10113,Fisnik Asllani,2025,,AMC,1,76,0,0,0.1291669011116027,0.4564485251903534,3,2,0,0,0,0.1291669011116027,0.5281224250793457,0.0
10113,Fisnik Asllani,2022,,Sub,8,138,0,0,1.5902240723371506,0.1401693001389503,9,3,0,0,0,1.5902240723371506,0.7949380166828632,0.3121355921030044
10113,Fisnik Asllani,2021,,Sub,2,7,0,0,0.0,0.0,0,0,0,0,0,0.0,0.0332300998270511,0.0332300998270511
