player_id,player_name,season,team,position,games,time,goals,assists,xG,xA,shots,key_passes,yellow,red,npg,npxG,xGChain,xGBuildup
13444,Florinel Coman,2024,,Sub,7,159,1,0,0.0988999214023351,0.0133624384179711,3,1,2,0,1,0.0988999214023351,0.106093973852694,0.0168079677969217
13444,Florinel Coman,2024,,AMC,1,64,0,0,0.0,0.0,0,0,0,0,0,0.0,0.3024225831031799,0.3024225831031799
13444,Florinel Coman,2024,,AML,1,30,0,0,0.0323999673128128,0.0,1,0,0,0,0,0.0323999673128128,0.0315445661544799,0.0315445661544799
