player_id,player_name,season,team,position,games,time,goals,assists,xG,xA,shots,key_passes,yellow,red,npg,npxG,xGChain,xGBuildup
5328,Florian Müller,2024,,GK,8,720,0,0,0,0.0,0,0,0,0,0,0,1.1581838987767696,1.1581838987767696
5328,Florian Müller,2024,,Sub,1,29,0,0,0,0.0,0,0,0,0,0,0,0.0537485219538211,0.0537485219538211
5328,Florian Müller,2022,,GK,19,1710,0,0,0,0.0365844303742051,0,2,0,0,0,0,4.110496556386352,4.073911553248763
5328,Florian Müller,2021,,GK,30,2700,0,0,0,0.0,0,0,0,0,0,0,3.231026285327971,3.231026285327971
5328,Florian Müller,2020,,GK,31,2790,0,0,0,0.0,0,0,0,0,0,0,4.33155351690948,4.33155351690948
5328,Florian Müller,2019,,GK,12,1080,0,0,0,0.0,0,0,0,0,0,0,0.5167214032262564,0.5167214032262564
5328,Florian Müller,2019,,Sub,1,43,0,0,0,0.0,0,0,0,0,0,0,0.023387499153614,0.023387499153614
5328,Florian Müller,2018,,GK,24,2160,0,0,0,0.0198722598142921,0,2,0,0,0,0,2.0300781996920705,2.0102059398777783
5328,Florian Müller,2017,,GK,5,450,0,0,0,0.0,0,0,0,0,0,0,0.4874657969921827,0.4874657969921827
