player_id,player_name,season,team,position,games,time,goals,assists,xG,xA,shots,key_passes,yellow,red,npg,npxG,xGChain,xGBuildup
12848,Florent Hanin,2025,,DL,2,147,0,0,0.0599207058548927,0.0,2,0,0,0,0,0.0599207058548927,0.5966237671673298,0.5966237671673298
12848,Florent Hanin,2025,,DML,1,76,0,0,0.0,0.0488992631435394,0,1,0,0,0,0.0,0.1550296992063522,0.1061304435133934
12848,Florent Hanin,2025,,Sub,3,57,0,0,0.0,0.0,0,0,0,0,0,0.0,0.0575096569955349,0.0575096569955349
12848,Florent Hanin,2024,,DL,28,2401,1,2,1.0013004876673222,2.2236429266631603,10,22,1,0,1,1.0013004876673222,6.742557292804122,4.339868461713195
12848,Florent Hanin,2024,,DC,3,270,0,0,0.0,0.172547179274261,0,2,1,0,0,0.0,0.0129370717331767,0.0
12848,Florent Hanin,2024,,Sub,2,34,0,0,0.0091236112639307,0.0085038356482982,1,1,0,0,0,0.0091236112639307,0.2150313165038824,0.206527492031455
