player_id,player_name,season,team,position,games,time,goals,assists,xG,xA,shots,key_passes,yellow,red,npg,npxG,xGChain,xGBuildup
10845,Flynn Downes,2024,,MC,20,1703,1,0,0.8035828238353133,0.9978516176342964,8,12,9,0,1,0.8035828238353133,7.481909025460482,5.8214597925543785
10845,Flynn Downes,2024,,DMC,3,270,0,0,0.0210982579737901,0.617732010781765,1,3,2,0,0,0.0210982579737901,0.7513460516929626,0.65975221991539
10845,Flynn Downes,2024,,DC,2,180,0,0,0.0694763511419296,0.0,1,0,0,0,0,0.0694763511419296,0.0237342622131109,0.0237342622131109
10845,Flynn Downes,2024,,Sub,2,22,0,0,0.0,0.0,0,0,1,0,0,0.0,0.0535385720431804,0.0535385720431804
10845,Flynn Downes,2022,,DMC,3,267,0,0,0.0,0.0284196846187114,0,1,1,0,0,0.0,0.2483462896198034,0.2483462896198034
10845,Flynn Downes,2022,,AMC,3,243,0,0,0.0781712010502815,0.0223245993256568,1,1,0,0,0,0.0781712010502815,0.2229415997862815,0.1224460005760192
10845,Flynn Downes,2022,,Sub,14,152,0,0,0.174176923930645,0.0,2,0,1,0,0,0.174176923930645,0.2631013095378876,0.1835924871265888
10845,Flynn Downes,2022,,MR,1,76,0,0,0.0717744976282119,0.0,1,0,0,0,0,0.0717744976282119,0.3704389929771423,0.2986640036106109
