player_id,player_name,season,team,position,games,time,goals,assists,xG,xA,shots,key_passes,yellow,red,npg,npxG,xGChain,xGBuildup
11770,Formose Mendy,2025,,DC,2,142,0,0,0.0,0.0,0,0,1,0,0,0.0,0.594171829521656,0.594171829521656
11770,Formose Mendy,2023,,DC,11,947,0,0,0.2653043577447533,0.1616651751101017,7,2,4,0,0,0.2653043577447533,1.0574982166290283,0.8958330415189266
11770,Formose Mendy,2023,,DR,2,180,0,0,0.0,0.0,0,0,0,0,0,0.0,0.6689183562994003,0.6689183562994003
11770,Formose Mendy,2023,,Sub,5,119,0,0,0.0,0.0,0,0,2,0,0,0.0,0.3617934724316001,0.3617934724316001
