player_id,player_name,season,team,position,games,time,goals,assists,xG,xA,shots,key_passes,yellow,red,npg,npxG,xGChain,xGBuildup
11838,Frans Krätzig,2024,,DL,4,330,0,0,0.4731445536017418,0.311517808586359,3,6,1,0,0,0.4731445536017418,1.472492579370737,0.7817931808531284
11838,Frans Krätzig,2024,,DML,3,270,0,1,0.0841621086001396,0.5135940089821815,1,7,0,0,0,0.0841621086001396,0.5331371203064919,0.3400035351514816
11838,Frans Krätzig,2024,,ML,3,233,0,0,0.116305872797966,0.2710883170366287,2,5,0,0,0,0.116305872797966,0.3041328117251396,0.1120843142271041
11838,Frans Krätzig,2024,,AML,3,227,1,1,0.3126791259273886,0.3786759376525879,2,5,0,0,1,0.3126791259273886,0.8051479756832123,0.3654484897851944
11838,Frans Krätzig,2024,,AMC,2,139,0,0,0.0250953622162342,0.0233439486473798,1,1,0,0,0,0.0250953622162342,0.1034427210688591,0.1034427210688591
11838,Frans Krätzig,2024,,MC,1,89,0,0,0.0,0.1104565486311912,0,1,0,0,0,0.0,0.0,0.0
11838,Frans Krätzig,2024,,Sub,1,18,0,0,0.0,0.0806702822446823,0,1,0,0,0,0.0,0.0,0.0
11838,Frans Krätzig,2023,,Sub,4,44,0,0,0.2098601087927818,0.2049354761838913,2,2,0,0,0,0.2098601087927818,1.1618228033185003,0.8294706642627716
