player_id,player_name,season,team,position,games,time,goals,assists,xG,xA,shots,key_passes,yellow,red,npg,npxG,xGChain,xGBuildup
9057,Franco Ezequiel Carboni,2024,,DML,2,113,0,0,0.0143228555098176,0.0,1,0,1,0,0,0.0143228555098176,0.0526874102652072,0.0526874102652072
9057,Franco Ezequiel Carboni,2024,,ML,1,60,0,0,0.0,0.0089910784736275,0,1,0,0,0,0.0,0.0089910784736275,0.0
9057,Franco Ezequiel Carboni,2024,,Sub,5,47,0,0,0.0,0.0840492993593216,0,1,1,0,0,0.0,0.1429701298475265,0.1429701298475265
9057,Franco Ezequiel Carboni,2022,,Sub,3,57,0,0,0.0904330015182495,0.0204239003360271,1,1,0,0,0,0.0904330015182495,0.1108569018542766,0.0
