player_id,player_name,season,team,position,games,time,goals,assists,xG,xA,shots,key_passes,yellow,red,npg,npxG,xGChain,xGBuildup
12549,Fred Onyedinma,2023,,DMR,4,324,0,0,0.0855064541101455,0.1307402979582548,2,2,1,0,0,0.0855064541101455,0.3579561337828636,0.141709379851818
12549,Fred Onyedinma,2023,,Sub,4,95,0,0,0.0986027866601944,0.0,3,0,0,0,0,0.0986027866601944,0.2088844180107116,0.1102816238999366
