player_id,player_name,season,team,position,games,time,goals,assists,xG,xA,shots,key_passes,yellow,red,npg,npxG,xGChain,xGBuildup
12151,Gabriel Osho,2025,,DC,2,139,0,0,0.0,0.0,0,0,0,0,0,0.0,0.650982778519392,0.650982778519392
12151,Gabriel Osho,2024,,DC,20,1667,1,0,0.9943069517612456,0.1013227924704551,7,1,1,1,1,0.9943069517612456,5.365631407126784,5.365631407126784
12151,Gabriel Osho,2023,,DC,21,1853,2,0,1.2455969844013453,0.0953587368130683,10,2,3,0,2,1.2455969844013453,2.9620273392647505,2.873757319524884
