player_id,player_name,season,team,position,games,time,goals,assists,xG,xA,shots,key_passes,yellow,red,npg,npxG,xGChain,xGBuildup
12722,Gabriel Misehouy,2024,,Sub,8,145,1,0,0.7535906955599785,0.1836777087301015,6,4,0,0,1,0.7535906955599785,0.9815098773688078,0.2242572261020541
12722,Gabriel Misehouy,2024,,FW,1,90,0,0,0.0,0.0,0,0,0,0,0,0.0,0.0301757678389549,0.0301757678389549
