player_id,player_name,season,team,position,games,time,goals,assists,xG,xA,shots,key_passes,yellow,red,npg,npxG,xGChain,xGBuildup
10412,Gastón Álvarez,2023,,DC,19,1649,1,0,0.8103164173662663,0.4960643760859966,9,3,5,0,1,0.8103164173662663,2.8325434867292643,2.311176736839116
10412,Gastón Álvarez,2023,,DL,11,936,1,0,0.1587162110954523,0.22820211853832,4,4,2,0,1,0.1587162110954523,1.304361641407013,1.106630966067314
10412,Gastón Álvarez,2023,,Sub,5,43,0,0,0.4644792079925537,0.0,1,0,0,0,0,0.4644792079925537,0.0958650186657905,0.0958650186657905
10412,Gastón Álvarez,2022,,DL,11,952,0,0,0.0782653167843818,0.1942152800038457,3,4,6,0,0,0.0782653167843818,1.5476095797494054,1.3433700166642666
10412,Gastón Álvarez,2022,,DC,4,360,1,0,0.8939300179481506,0.0,1,0,1,0,1,0.8939300179481506,0.369350291788578,0.369350291788578
10412,Gastón Álvarez,2022,,Sub,6,108,1,0,0.0558261014521122,0.0,1,0,1,1,1,0.0558261014521122,0.0173272993415594,0.0173272993415594
10412,Gastón Álvarez,2022,,DML,1,72,0,0,0.0,0.0,0,0,0,0,0,0.0,0.3194597065448761,0.3194597065448761
