player_id,player_name,season,team,position,games,time,goals,assists,xG,xA,shots,key_passes,yellow,red,npg,npxG,xGChain,xGBuildup
11883,Gennaro Borrelli,2025,,FW,2,158,1,0,1.1477766633033752,0.0,4,0,1,0,1,1.1477766633033752,0.5294078513979912,0.0219028517603874
11883,Gennaro Borrelli,2025,,Sub,4,81,0,0,0.042387880384922,0.4441727055236697,1,4,0,0,0,0.042387880384922,0.7364676371216774,0.3009853959083557
11883,Gennaro Borrelli,2023,,Sub,1,19,0,0,0.0,0.0,0,0,0,0,0,0.0,0.0,0.0
