player_id,player_name,season,team,position,games,time,goals,assists,xG,xA,shots,key_passes,yellow,red,npg,npxG,xGChain,xGBuildup
7706,George Baldock,2023,,DC,6,540,0,1,0.024696996435523,0.5712766647338867,1,3,2,0,0,0.024696996435523,1.064862534403801,0.9757345765829086
7706,George Baldock,2023,,DMR,4,280,0,0,0.0,0.1576109379529953,0,2,1,0,0,0.0,0.2808160185813904,0.2045516073703766
7706,George Baldock,2023,,DR,1,90,0,0,0.0,0.0579433850944042,0,1,1,0,0,0.0,0.3183246850967407,0.3183246850967407
7706,George Baldock,2023,,Sub,2,55,0,0,0.0,0.0692057833075523,0,1,0,0,0,0.0,0.1148375198245048,0.0456317365169525
7706,George Baldock,2020,,DMR,22,1933,0,2,1.293496404774487,2.403580466285348,13,14,5,0,0,1.293496404774487,5.885538686066866,3.829080511815846
7706,George Baldock,2020,,DR,6,540,0,0,0.0,0.0363394990563392,0,1,1,0,0,0.0,0.3193797022104263,0.283040702342987
7706,George Baldock,2020,,DC,4,314,0,0,0.0379147008061409,0.1926689948886633,1,3,1,0,0,0.0379147008061409,0.4132542014122009,0.3573861941695213
7706,George Baldock,2019,,DMR,38,3420,2,3,0.7630060948431492,1.6253086160868406,13,22,7,0,2,0.7630060948431492,8.718191336840391,7.147828293964267
