player_id,player_name,season,team,position,games,time,goals,assists,xG,xA,shots,key_passes,yellow,red,npg,npxG,xGChain,xGBuildup
10059,Gerard Yepes,2022,,MC,2,115,0,0,0.0,0.0195598993450403,0,1,2,0,0,0.0,0.0427812002599239,0.0427812002599239
10059,Gerard Yepes,2022,,Sub,3,76,0,0,0.0650985017418861,0.0,1,0,0,0,0,0.0650985017418861,0.130733897909522,0.0656351018697023
10059,Gerard Yepes,2021,,Sub,4,17,0,0,0.0,0.0,0,0,0,0,0,0.0,0.0672501996159553,0.0672501996159553
