player_id,player_name,season,team,position,games,time,goals,assists,xG,xA,shots,key_passes,yellow,red,npg,npxG,xGChain,xGBuildup
10940,Giacomo Quagliata,2022,,Sub,14,245,0,0,0.2923385044559836,0.302014684304595,6,6,0,1,0,0.2923385044559836,0.6041602110490203,0.3299819007515907
10940,Giacomo Quagliata,2022,,ML,3,211,0,1,0.0416583009064197,0.2263469994068145,2,3,0,0,0,0.0416583009064197,0.3320610001683235,0.1911166943609714
10940,Giacomo Quagliata,2022,,DL,2,138,0,0,0.023955700919032,0.1356370002031326,1,3,0,0,0,0.023955700919032,0.1529790014028549,0.0335244014859199
10940,Giacomo Quagliata,2022,,DC,1,85,0,0,0.0,0.0413273014128208,0,1,0,0,0,0.0,0.1967590004205703,0.1967590004205703
