player_id,player_name,season,team,position,games,time,goals,assists,xG,xA,shots,key_passes,yellow,red,npg,npxG,xGChain,xGBuildup
12367,Gift Orban,2025,,FW,5,422,1,0,4.315545007586479,0.2382740536704659,23,4,1,0,0,3.554246172308922,4.509705364704132,0.8441274464130402
12367,Gift Orban,2024,,FW,9,668,2,0,1.8948004599660635,0.036549144424498,9,2,1,0,2,1.8948004599660635,3.255498608574271,1.497560579329729
12367,Gift Orban,2024,,Sub,7,191,4,0,2.843448519706726,0.1346412599086761,6,1,2,0,4,2.843448519706726,1.976339798420668,0.089667422696948
12367,Gift Orban,2023,,FW,3,203,0,0,0.151594091206789,0.0,2,0,1,0,0,0.151594091206789,0.8732078522443771,0.8732078522443771
12367,Gift Orban,2023,,Sub,8,143,1,0,0.9738855063915252,0.0,4,0,1,0,1,0.9738855063915252,0.9738855063915252,0.0
12367,Gift Orban,2023,,FWL,2,119,0,0,0.1753804385662078,0.0,2,0,0,0,0,0.1753804385662078,1.3814583867788317,1.2412288039922714
