player_id,player_name,season,team,position,games,time,goals,assists,xG,xA,shots,key_passes,yellow,red,npg,npxG,xGChain,xGBuildup
9046,Giuseppe Caso,2023,,Sub,12,243,0,0,0.2605876959860325,0.1467023659497499,5,3,1,0,0,0.2605876959860325,0.5275763999670744,0.1202863417565822
9046,Giuseppe Caso,2023,,FWL,2,138,0,0,0.0738068260252475,0.0,2,0,1,0,0,0.0738068260252475,0.1083054952323436,0.0344986692070961
9046,Giuseppe Caso,2020,,Sub,2,51,0,0,0.0,0.0,0,0,0,0,0,0.0,0.0,0.0
