player_id,player_name,season,team,position,games,time,goals,assists,xG,xA,shots,key_passes,yellow,red,npg,npxG,xGChain,xGBuildup
8891,Gonzalo Verdú,2022,,DC,9,603,1,0,0.6788998963311315,0.0,7,0,1,2,1,0.6788998963311315,0.2062571980059147,0.2062571980059147
8891,Gonzalo Verdú,2022,,Sub,7,84,0,0,0.1077619194984436,0.0,2,0,0,0,0,0.1077619194984436,0.0214672833681106,0.0214672833681106
8891,Gonzalo Verdú,2021,,DC,16,1324,0,0,0.1293543018400669,0.0,3,0,10,0,0,0.1293543018400669,2.243387009948492,2.243387009948492
8891,Gonzalo Verdú,2021,,Sub,3,73,0,0,0.0,0.0,0,0,0,0,0,0.0,0.0,0.0
8891,Gonzalo Verdú,2020,,DC,33,2946,0,2,1.1322322934865952,2.208580302074552,11,6,11,0,0,1.1322322934865952,3.027036650106311,2.7301816511899237
