player_id,player_name,season,team,position,games,time,goals,assists,xG,xA,shots,key_passes,yellow,red,npg,npxG,xGChain,xGBuildup
13312,Hafiz Ibrahim,2024,,Sub,9,205,0,1,0.6023261696100235,0.3873696848750114,7,3,0,1,0,0.6023261696100235,1.2905946783721447,0.3476188257336616
13312,Hafiz Ibrahim,2024,,FW,2,155,0,0,0.0,0.0436705201864242,0,1,0,0,0,0.0,0.1210513785481453,0.0773808509111404
