player_id,player_name,season,team,position,games,time,goals,assists,xG,xA,shots,key_passes,yellow,red,npg,npxG,xGChain,xGBuildup
10825,Halid Sabanovic,2022,,DR,4,244,0,0,0.0,0.0,0,0,1,1,0,0.0,1.9823104720562696,1.9823104720562696
10825,Halid Sabanovic,2022,,DL,3,218,1,0,0.1368392016738653,0.0,3,0,0,0,1,0.1368392016738653,0.2036107629537582,0.0667715594172477
10825,Halid Sabanovic,2022,,Sub,7,121,1,0,0.7643652111291885,0.0328441001474857,2,2,0,0,1,0.7643652111291885,0.8407679125666618,0.0601517017930746
10825,Halid Sabanovic,2022,,MR,1,47,0,0,0.0,0.0,0,0,0,0,0,0.0,0.0,0.0
