player_id,player_name,season,team,position,games,time,goals,assists,xG,xA,shots,key_passes,yellow,red,npg,npxG,xGChain,xGBuildup
12961,Hamzat Ojediran,2024,,Sub,16,298,1,0,0.905133068561554,0.0589361228048801,9,1,5,0,1,0.905133068561554,1.3261203467845917,0.3620512038469314
12961,Hamzat Ojediran,2024,,MC,1,78,0,0,0.0251230224967002,0.2906360030174255,1,1,0,0,0,0.0251230224967002,0.3157590329647064,0.0
