player_id,player_name,season,team,position,games,time,goals,assists,xG,xA,shots,key_passes,yellow,red,npg,npxG,xGChain,xGBuildup
9558,Hannibal Mejbri,2025,,AMC,2,160,0,0,0.1281735580414533,0.2906883656978607,2,1,0,0,0,0.1281735580414533,0.5240196660161018,0.4133703112602234
9558,Hannibal Mejbri,2025,,MR,1,64,0,0,0.0406368002295494,0.0,1,0,0,0,0,0.0406368002295494,0.1870857924222946,0.1870857924222946
9558,Hannibal Mejbri,2025,,Sub,4,39,0,0,0.0,0.074290931224823,0,1,1,0,0,0.0,0.0,0.0
9558,Hannibal Mejbri,2023,,AMC,1,90,0,0,0.0,0.2175336331129074,0,2,0,0,0,0.0,0.5998452305793762,0.3823116421699524
9558,Hannibal Mejbri,2023,,Sub,9,68,1,0,0.0166018810123205,0.5281277745962143,1,3,3,0,1,0.0166018810123205,0.5447296556085348,0.0
9558,Hannibal Mejbri,2023,,MC,1,57,0,0,0.0205856710672378,0.4505870342254638,1,1,0,0,0,0.0205856710672378,0.0,0.0
9558,Hannibal Mejbri,2021,,AML,1,63,0,0,0.0454156994819641,0.0,1,0,1,0,0,0.0454156994819641,0.0454156994819641,0.0
9558,Hannibal Mejbri,2021,,Sub,1,5,0,0,0.0,0.0,0,0,1,0,0,0.0,0.0,0.0
9558,Hannibal Mejbri,2020,,Sub,1,3,0,0,0.0,0.0,0,0,0,0,0,0.0,0.0,0.0
