player_id,player_name,season,team,position,games,time,goals,assists,xG,xA,shots,key_passes,yellow,red,npg,npxG,xGChain,xGBuildup
11998,Hannes Delcroix,2023,,DL,4,344,0,0,0.0746039375662803,0.2035211659967899,2,4,0,0,0,0.0746039375662803,0.953146070241928,0.7496249116957188
11998,Hannes Delcroix,2023,,Sub,7,141,0,0,0.1581903845071792,0.0,2,0,2,0,0,0.1581903845071792,0.5629783272743225,0.5629783272743225
11998,Hannes Delcroix,2023,,DC,1,90,0,0,0.0,0.0,0,0,0,0,0,0.0,0.1650300472974777,0.1650300472974777
