player_id,player_name,season,team,position,games,time,goals,assists,xG,xA,shots,key_passes,yellow,red,npg,npxG,xGChain,xGBuildup
13013,Haris Tabakovic,2025,,FW,3,244,1,0,0.9956675544381142,0.0,7,0,0,0,1,0.9956675544381142,0.9041870012879372,0.0655745938420295
13013,Haris Tabakovic,2025,,Sub,3,88,2,0,1.3558669686317444,0.3600432276725769,6,1,0,0,2,1.3558669686317444,0.2243488579988479,0.0606166161596775
13013,Haris Tabakovic,2024,,FW,6,459,1,0,1.667321465909481,1.071494210511446,11,6,0,0,1,1.667321465909481,2.581820584833622,0.2038254868239164
13013,Haris Tabakovic,2024,,Sub,16,330,2,1,2.391550175845623,0.6456067115068436,19,3,0,0,2,2.391550175845623,2.648469179868698,0.3961473070085048
