player_id,player_name,season,team,position,games,time,goals,assists,xG,xA,shots,key_passes,yellow,red,npg,npxG,xGChain,xGBuildup
12171,Hector Fort,2025,,DL,1,74,0,0,0.2548193037509918,0.0,6,0,0,0,0,0.2548193037509918,0.2548193037509918,0.0203104559332132
12171,Hector Fort,2025,,Sub,2,14,0,0,0.0,0.0,0,0,0,0,0,0.0,0.0,0.0
12171,Hector Fort,2024,,DR,4,314,0,0,0.1739572957158088,0.6949506886303425,3,4,0,0,0,0.1739572957158088,2.366203159093857,2.1343056187033653
12171,Hector Fort,2024,,Sub,12,161,0,0,0.0581316296011209,0.6067973896861076,2,5,2,0,0,0.0581316296011209,1.6330695487558842,1.0400042347609997
12171,Hector Fort,2024,,DL,1,77,0,0,0.0374046042561531,0.0,1,0,0,0,0,0.0374046042561531,0.3824153840541839,0.345010757446289
12171,Hector Fort,2023,,DL,3,205,0,1,0.0224463362246751,0.5403271317481995,1,1,0,0,0,0.0224463362246751,1.9801906943321228,1.4174172282218933
12171,Hector Fort,2023,,DR,1,63,0,0,0.0,0.0,0,0,0,0,0,0.0,0.105458527803421,0.105458527803421
12171,Hector Fort,2023,,Sub,3,50,0,1,0.0,0.2242128252983093,0,2,0,0,0,0.0,0.1340708583593368,0.0
