player_id,player_name,season,team,position,games,time,goals,assists,xG,xA,shots,key_passes,yellow,red,npg,npxG,xGChain,xGBuildup
9543,Henning Matriciani,2022,,DL,9,769,0,0,0.0529271112754941,0.0922816842794418,2,2,1,0,0,0.0529271112754941,1.957286306656897,1.8494527377188208
9543,Henning Matriciani,2022,,DC,8,720,0,0,0.1080280020833015,0.0,1,0,0,0,0,0.1080280020833015,1.5134479999542236,1.5134479999542236
9543,Henning Matriciani,2022,,DR,5,394,0,0,0.0,0.0320933014154434,0,1,0,0,0,0.0,0.3241693936288357,0.2920760922133922
