player_id,player_name,season,team,position,games,time,goals,assists,xG,xA,shots,key_passes,yellow,red,npg,npxG,xGChain,xGBuildup
12881,Henrik Meister,2025,,FW,3,235,0,0,1.0418903231620789,0.0,3,0,1,0,0,1.0418903231620789,1.6282906532287598,0.5864003524184227
12881,Henrik Meister,2025,,Sub,3,86,0,0,0.049246996641159,0.0,1,0,0,0,0,0.049246996641159,0.049246996641159,0.0
12881,Henrik Meister,2024,,Sub,4,49,1,0,0.1125578759238123,0.3763541877269745,2,2,0,0,1,0.1125578759238123,0.4799482375383377,0.0
