player_id,player_name,season,team,position,games,time,goals,assists,xG,xA,shots,key_passes,yellow,red,npg,npxG,xGChain,xGBuildup
9520,Hugo Sotelo,2025,,MC,7,558,0,1,0.0332608669996261,1.2610647361725569,1,14,1,0,0,0.0332608669996261,2.823161080479622,2.348954299464822
9520,Hugo Sotelo,2025,,Sub,1,31,0,0,0.0,0.0,0,0,0,0,0,0.0,0.117975890636444,0.117975890636444
9520,Hugo Sotelo,2024,,MC,15,1177,0,0,0.2050209920853376,1.229363201186061,4,15,3,0,0,0.2050209920853376,5.158320168033242,4.929916052147746
9520,Hugo Sotelo,2024,,Sub,9,91,0,0,0.0,0.2257842840626835,0,3,2,0,0,0.0,1.1872573615983129,1.1753094792366028
9520,Hugo Sotelo,2023,,MC,8,587,0,1,0.2348200036212802,1.2113750642165542,5,11,1,0,0,0.2348200036212802,3.752365402877331,3.211236324161291
9520,Hugo Sotelo,2023,,Sub,9,119,0,0,0.120771300047636,0.5225545987486839,3,4,0,0,0,0.120771300047636,1.9885666463524103,1.9661085698753595
9520,Hugo Sotelo,2022,,Sub,1,15,0,0,0.0658776983618736,0.0,1,0,0,0,0,0.0658776983618736,0.0658776983618736,0.0658776983618736
9520,Hugo Sotelo,2021,,Sub,1,1,0,0,0.0,0.0,0,0,0,0,0,0.0,0.0,0.0
9520,Hugo Sotelo,2020,,Sub,1,1,0,0,0.0,0.0,0,0,0,0,0,0.0,0.0,0.0
