player_id,player_name,season,team,position,games,time,goals,assists,xG,xA,shots,key_passes,yellow,red,npg,npxG,xGChain,xGBuildup
12189,Hugo Rincón,2025,,DR,3,269,0,0,0.0,0.0594268217682838,0,2,0,0,0,0.0,0.8004547208547592,0.7713492065668106
12189,Hugo Rincón,2025,,Sub,4,153,0,0,0.1799808889627456,0.7151957675814629,2,2,1,0,0,0.1799808889627456,0.8158300817012787,0.0596571955829858
12189,Hugo Rincón,2025,,DMR,1,69,0,0,0.0,0.0252919439226388,0,1,0,0,0,0.0,0.2475097179412841,0.2475097179412841
