player_id,player_name,season,team,position,games,time,goals,assists,xG,xA,shots,key_passes,yellow,red,npg,npxG,xGChain,xGBuildup
1428,Ianis Hagi,2023,,AMC,7,507,0,0,1.2527102269232273,1.2406533733010292,18,12,1,0,0,1.2527102269232273,3.176107071340084,1.4684337452054024
1428,Ianis Hagi,2023,,Sub,14,209,0,2,0.2472958378493785,0.6931933108717203,7,8,2,0,0,0.2472958378493785,0.5224863588809967,0.2686421908438205
1428,Ianis Hagi,2023,,AMR,1,70,0,0,0.8040190935134888,0.3118839859962463,2,4,0,0,0,0.0607414916157722,0.7826030254364014,0.6685484051704407
1428,Ianis Hagi,2016,,Sub,2,47,0,0,0.0640709996223449,0.4168219864368438,2,2,1,0,0,0.0640709996223449,0.4802600145339966,0.46042200922966
