player_id,player_name,season,team,position,games,time,goals,assists,xG,xA,shots,key_passes,yellow,red,npg,npxG,xGChain,xGBuildup
12959,Ibrahima Wadji,2024,,FW,2,159,0,0,0.3271534405648708,0.0,5,0,1,0,0,0.3271534405648708,0.3049180768430233,0.0856247246265411
12959,Ibrahima Wadji,2024,,Sub,8,151,0,0,1.1193315610289574,0.008656246587634,7,1,0,0,0,1.1193315610289574,1.2101502027362585,0.082162404898554
