player_id,player_name,season,team,position,games,time,goals,assists,xG,xA,shots,key_passes,yellow,red,npg,npxG,xGChain,xGBuildup
13792,Ibrahim Osman,2025,,ML,3,232,0,2,0.2072139382362365,0.5987242422997952,4,5,0,0,0,0.2072139382362365,0.9332939684391022,0.5545047260820866
13792,Ibrahim Osman,2025,,MR,1,70,0,0,0.0382139943540096,0.0,2,0,0,0,0,0.0382139943540096,0.5098176002502441,0.4716036021709442
13792,Ibrahim Osman,2025,,Sub,3,30,0,0,0.3987387344241142,0.0,2,0,0,0,0,0.3987387344241142,0.4120206460356712,0.013281911611557
