player_id,player_name,season,team,position,games,time,goals,assists,xG,xA,shots,key_passes,yellow,red,npg,npxG,xGChain,xGBuildup
12953,Igor Matanovic,2025,,Sub,5,66,2,0,0.8171428488567472,0.4831944778561592,3,2,0,0,1,0.0593661786988377,0.6281255632638931,0.1359456852078437
12953,Igor Matanovic,2024,,Sub,14,157,0,0,0.6245973259210587,0.0443547256290912,9,1,0,0,0,0.6245973259210587,1.925495371222496,1.5170625150203705
12953,Igor Matanovic,2024,,FW,2,118,1,0,0.1833603978157043,0.0,2,0,0,0,1,0.1833603978157043,0.151543965563178,0.0191004928201437
