player_id,player_name,season,team,position,games,time,goals,assists,xG,xA,shots,key_passes,yellow,red,npg,npxG,xGChain,xGBuildup
8197,Ilario Monterisi,2023,,DC,15,1269,1,2,1.025537034496665,0.3377600125968456,4,3,1,0,1,1.025537034496665,2.6772297136485577,2.572215013206005
8197,Ilario Monterisi,2023,,Sub,8,114,1,0,0.3917049169540405,0.0248544998466968,1,1,0,0,1,0.3917049169540405,0.532324805855751,0.1157653778791427
8197,Ilario Monterisi,2023,,DR,1,87,0,0,0.0,0.0293888021260499,0,1,0,0,0,0.0,0.0435311906039714,0.0435311906039714
8197,Ilario Monterisi,2019,,Sub,1,1,0,0,0.0,0.0,0,0,0,0,0,0.0,0.0,0.0
