player_id,player_name,season,team,position,games,time,goals,assists,xG,xA,shots,key_passes,yellow,red,npg,npxG,xGChain,xGBuildup
10121,Ilias Akhomach,2025,,MR,2,97,0,0,0.4797660410404205,0.4016218930482864,2,2,0,0,0,0.4797660410404205,0.9177545607089996,0.0477305017411708
10121,Ilias Akhomach,2025,,Sub,2,33,0,0,0.0,0.2356878295540809,0,3,0,0,0,0.0,0.1737743616104126,0.1251871734857559
10121,Ilias Akhomach,2024,,MR,6,450,1,0,0.5141547322273254,0.3891114220023155,14,5,0,0,1,0.5141547322273254,2.439718246459961,1.7307388558983805
10121,Ilias Akhomach,2024,,Sub,4,82,0,0,0.0162192173302173,0.8644212782382965,1,4,1,0,0,0.0162192173302173,0.8806404918432236,0.0105594638735055
10121,Ilias Akhomach,2024,,AMR,1,72,0,0,0.0770140513777732,0.0,2,0,0,0,0,0.0770140513777732,0.0770140513777732,0.0
10121,Ilias Akhomach,2023,,MR,16,1158,2,0,2.3327931351959705,2.131312020123005,25,15,2,0,2,2.3327931351959705,6.0423906818032265,2.3834806494414806
10121,Ilias Akhomach,2023,,Sub,14,269,0,1,0.5074448622763157,0.1619503889232874,4,4,2,0,0,0.5074448622763157,1.0133055355399847,0.4202432762831449
10121,Ilias Akhomach,2023,,FWR,1,90,0,1,0.0118059953674674,0.4898181855678558,1,1,0,0,0,0.0118059953674674,0.7637175917625427,0.2620933949947357
10121,Ilias Akhomach,2021,,FWR,2,127,0,0,0.1785324960947036,0.3144033066928386,4,4,0,0,0,0.1785324960947036,1.093043014407158,0.7893766164779663
