player_id,player_name,season,team,position,games,time,goals,assists,xG,xA,shots,key_passes,yellow,red,npg,npxG,xGChain,xGBuildup
12305,Isaac Romero,2025,,FW,6,480,3,0,2.5140197165310383,0.6106556504964828,11,4,2,0,3,2.5140197165310383,3.457094974815845,0.4417765885591507
12305,Isaac Romero,2025,,Sub,2,18,0,0,0.1141715794801712,0.0,3,0,0,0,0,0.1141715794801712,0.0808994062244892,0.0
12305,Isaac Romero,2024,,FW,25,2003,2,2,6.019665490835905,2.562934961169958,45,19,8,0,2,5.276387881487608,8.201827543787658,1.5638228943571448
12305,Isaac Romero,2024,,Sub,5,121,1,0,0.9533845148980618,0.0278569515794515,4,1,2,1,1,0.9533845148980618,1.092557393014431,0.1113159656524658
12305,Isaac Romero,2024,,AMC,1,76,1,0,1.2045711278915403,0.0,5,0,0,0,1,1.2045711278915403,1.255520939826965,0.0509497560560703
12305,Isaac Romero,2023,,FW,14,1079,4,4,9.279214672744274,2.405117738991976,42,11,2,0,4,9.279214672744274,9.81811036914587,0.5587532091885805
