player_id,player_name,season,team,position,games,time,goals,assists,xG,xA,shots,key_passes,yellow,red,npg,npxG,xGChain,xGBuildup
3660,Ismael Diallo,2022,,DL,19,1569,0,0,0.0654073003679514,0.2588577978312969,2,6,6,1,0,0.0654073003679514,2.172200960107148,1.8663518661633132
3660,Ismael Diallo,2022,,DC,4,360,0,0,0.0,0.068544901907444,0,1,0,0,0,0.0,0.8080288879573345,0.8080288879573345
3660,Ismael Diallo,2022,,DR,2,178,0,0,0.0,0.0167605001479387,0,1,2,0,0,0.0,0.0801168978214263,0.063356302678585
3660,Ismael Diallo,2022,,Sub,3,84,0,0,0.05380579829216,0.0985032021999359,1,1,1,0,0,0.05380579829216,0.1523090004920959,0.0
