player_id,player_name,season,team,position,games,time,goals,assists,xG,xA,shots,key_passes,yellow,red,npg,npxG,xGChain,xGBuildup
12878,Issa Doumbia,2024,,MC,10,723,0,0,1.2259278446435928,0.1171914394944906,9,3,0,0,0,1.2259278446435928,1.3466641288250685,0.4574772650375962
12878,Issa Doumbia,2024,,Sub,14,199,0,0,0.3387283589690923,0.0,8,0,0,0,0,0.3387283589690923,1.1723114028573036,0.8335830420255661
