player_id,player_name,season,team,position,games,time,goals,assists,xG,xA,shots,key_passes,yellow,red,npg,npxG,xGChain,xGBuildup
5033,Iván Villar,2024,,GK,4,360,0,0,0,0.0,0,0,0,0,0,0,1.140831671655178,1.140831671655178
5033,Iván Villar,2023,,GK,12,1014,0,0,0,0.0525932163000106,0,1,0,1,0,0,1.0566007755696774,1.0566007755696774
5033,Iván Villar,2022,,GK,19,1710,0,0,0,0.0404038988053798,0,1,0,0,0,0,2.8081366438418627,2.7677326519042253
5033,Iván Villar,2020,,GK,19,1710,0,0,0,0.0,0,0,1,0,0,0,0.8783978838473558,0.8783978838473558
5033,Iván Villar,2020,,Sub,2,61,0,0,0,0.0,0,0,0,0,0,0,0.0383298993110656,0.0383298993110656
5033,Iván Villar,2019,,GK,3,270,0,0,0,0.0,0,0,0,0,0,0,0.0631553009152412,0.0631553009152412
5033,Iván Villar,2019,,Sub,1,7,0,0,0,0.0,0,0,0,0,0,0,0.0,0.0
5033,Iván Villar,2016,,GK,1,90,0,0,0,0.0,0,0,0,0,0,0,0.0,0.0
