player_id,player_name,season,team,position,games,time,goals,assists,xG,xA,shots,key_passes,yellow,red,npg,npxG,xGChain,xGBuildup
13436,Iván Jaime,2024,,Sub,7,147,0,0,0.358114130795002,0.3127271756529808,5,3,0,0,0,0.358114130795002,0.6529747173190117,0.1038507483899593
13436,Iván Jaime,2024,,AMC,2,130,0,0,0.0772103518247604,0.073308914899826,3,1,0,0,0,0.0772103518247604,1.0868819057941437,1.0422838628292084
