player_id,player_name,season,team,position,games,time,goals,assists,xG,xA,shots,key_passes,yellow,red,npg,npxG,xGChain,xGBuildup
3918,Ivan Prtajin,2024,,FW,2,121,0,0,1.1635220348834991,0.0537815019488334,7,1,0,0,0,1.1635220348834991,1.1883818060159683,0.0234266128391027
3918,Ivan Prtajin,2024,,Sub,3,30,0,0,0.014875772409141,0.0,1,0,0,0,0,0.014875772409141,0.0488499924540519,0.0339742191135883
