player_id,player_name,season,team,position,games,time,goals,assists,xG,xA,shots,key_passes,yellow,red,npg,npxG,xGChain,xGBuildup
10726,Ivan Sunjic,2022,,MC,9,695,0,0,0.1503730043768882,0.1465394962579012,3,3,4,0,0,0.1503730043768882,1.3336851075291634,1.0367724187672138
10726,Ivan Sunjic,2022,,DMC,3,205,0,0,0.1070149987936019,0.020040700212121,2,1,0,0,0,0.1070149987936019,0.1891754046082496,0.0821611005812883
10726,Ivan Sunjic,2022,,Sub,6,89,0,0,0.0646793022751808,0.0,1,0,0,0,0,0.0646793022751808,0.3866315949708223,0.3219522926956415
