player_id,player_name,season,team,position,games,time,goals,assists,xG,xA,shots,key_passes,yellow,red,npg,npxG,xGChain,xGBuildup
11493,Ivane Chegra,2022,,Sub,5,139,0,0,0.0448130890727043,0.1207635179162025,1,1,0,0,0,0.0448130890727043,0.2703072726726532,0.1047306675463914
11493,Ivane Chegra,2022,,ML,1,48,0,0,0.0,0.0,0,0,0,0,0,0.0,0.0,0.0
