player_id,player_name,season,team,position,games,time,goals,assists,xG,xA,shots,key_passes,yellow,red,npg,npxG,xGChain,xGBuildup
11545,Jérémy Jacquet,2025,,DC,8,720,0,0,0.2065406069159507,0.1553788930177688,2,3,3,0,0,0.2065406069159507,3.660254616290331,3.517580132931471
11545,Jérémy Jacquet,2024,,DC,9,780,0,1,0.4790785685181618,0.6175114922225475,8,4,0,0,0,0.4790785685181618,3.695520736277104,3.653435342013836
11545,Jérémy Jacquet,2024,,DR,2,153,0,0,0.0,0.0,0,0,0,0,0,0.0,0.7468250840902328,0.7468250840902328
11545,Jérémy Jacquet,2023,,DR,2,180,0,0,0.0,0.0271451584994792,0,1,0,0,0,0.0,0.2706176787614822,0.2434725239872932
11545,Jérémy Jacquet,2023,,Sub,5,54,0,1,0.1028948426246643,0.1401105523109436,1,1,0,0,0,0.1028948426246643,0.2430053949356079,0.1401105523109436
