player_id,player_name,season,team,position,games,time,goals,assists,xG,xA,shots,key_passes,yellow,red,npg,npxG,xGChain,xGBuildup
12745,Jacob Greaves,2024,,DC,22,1938,1,0,1.3666371880099175,0.1492570405825972,9,4,4,0,1,1.3666371880099175,3.543202569708228,3.4609893169254065
12745,Jacob Greaves,2024,,DL,3,270,0,0,0.0691615864634513,0.0767485275864601,1,2,1,0,0,0.0691615864634513,0.1752544268965721,0.098505899310112
