player_id,player_name,season,team,position,games,time,goals,assists,xG,xA,shots,key_passes,yellow,red,npg,npxG,xGChain,xGBuildup
10243,Jacques Ekomie,2025,,DL,4,338,0,0,0.3154985830187797,0.113787280395627,4,3,1,0,0,0.3154985830187797,0.6857533939182758,0.5820737108588219
10243,Jacques Ekomie,2025,,DML,1,80,0,0,0.0,0.0,0,0,0,0,0,0.0,0.1341429352760315,0.1341429352760315
10243,Jacques Ekomie,2025,,Sub,3,55,0,0,0.0,0.0,0,0,0,0,0,0.0,0.2704174220561981,0.2704174220561981
10243,Jacques Ekomie,2024,,DL,6,475,0,0,0.0208582151681184,0.0,1,0,1,0,0,0.0208582151681184,0.297205476090312,0.297205476090312
10243,Jacques Ekomie,2024,,Sub,11,135,0,0,0.0,0.0,0,0,0,0,0,0.0,0.198333665728569,0.198333665728569
10243,Jacques Ekomie,2024,,ML,1,63,0,0,0.0,0.0,0,0,0,0,0,0.0,0.0563457570970058,0.0563457570970058
