player_id,player_name,season,team,position,games,time,goals,assists,xG,xA,shots,key_passes,yellow,red,npg,npxG,xGChain,xGBuildup
10746,Jaidon Anthony,2025,,ML,5,418,2,0,0.8588377386331558,0.2636609636247158,9,6,1,0,2,0.8588377386331558,1.3389506489038467,0.4460600912570953
10746,Jaidon Anthony,2025,,AML,3,264,2,1,1.4141011238098145,0.0511747412383556,3,1,2,0,2,1.4141011238098145,1.612345576286316,0.1470697224140167
10746,Jaidon Anthony,2023,,AML,2,128,0,0,0.0,0.0,0,0,1,0,0,0.0,0.0,0.0
10746,Jaidon Anthony,2023,,Sub,1,25,0,0,0.0768714845180511,0.0,2,0,0,0,0,0.0768714845180511,0.1533443480730056,0.0764728710055351
10746,Jaidon Anthony,2022,,ML,8,597,1,0,0.50802749581635,0.3522292971611023,9,4,1,0,1,0.50802749581635,1.808720696717501,1.2712443824857471
10746,Jaidon Anthony,2022,,Sub,19,345,2,1,1.2408567667007446,0.539051815867424,11,7,0,0,2,1.2408567667007446,1.5643871016800404,0.6024641059339046
10746,Jaidon Anthony,2022,,AMR,1,90,0,0,0.0077313999645411,0.0,1,0,0,0,0,0.0077313999645411,0.0077313999645411,0.0
10746,Jaidon Anthony,2022,,AML,1,90,0,0,0.0,0.0,0,0,0,0,0,0.0,0.1751783490180969,0.1751783490180969
10746,Jaidon Anthony,2022,,DR,1,82,0,0,0.0,0.0186474993824958,0,1,1,0,0,0.0,0.1317660063505172,0.1317660063505172
