player_id,player_name,season,team,position,games,time,goals,assists,xG,xA,shots,key_passes,yellow,red,npg,npxG,xGChain,xGBuildup
7493,Jaime Seoane,2022,,Sub,14,172,0,0,0.0945464018732309,0.3288767989724874,2,4,1,0,0,0.0945464018732309,0.619530288502574,0.4092973973602056
7493,Jaime Seoane,2022,,MC,2,125,0,0,0.0,0.0520946998149156,0,2,0,0,0,0.0,0.0520946998149156,0.0
7493,Jaime Seoane,2020,,MC,20,1701,0,1,0.5715470975264907,0.6331783942878246,18,9,4,0,0,0.5715470975264907,4.358100863173604,3.4591609928756952
7493,Jaime Seoane,2020,,DMC,2,180,0,0,0.0748652964830398,0.0478783994913101,2,1,0,0,0,0.0748652964830398,0.3206415027379989,0.2457765042781829
7493,Jaime Seoane,2020,,Sub,6,113,1,0,0.3591139912605285,0.4114939868450165,3,1,0,0,1,0.3591139912605285,0.8889226745814085,0.5298089887946844
7493,Jaime Seoane,2020,,MR,1,61,0,0,0.0,0.0,0,0,1,0,0,0.0,0.0,0.0
