player_id,player_name,season,team,position,games,time,goals,assists,xG,xA,shots,key_passes,yellow,red,npg,npxG,xGChain,xGBuildup
6348,Jann-Fiete Arp,2024,,Sub,19,366,2,0,2.6542322747409344,0.600771720521152,19,6,6,0,1,1.8964555971324444,3.4450446367263794,1.3417288288474083
6348,Jann-Fiete Arp,2024,,FW,3,242,0,0,0.8265492171049118,0.3187504634261131,2,5,0,1,0,0.0687725394964218,0.3095684815198183,0.1367571037262678
6348,Jann-Fiete Arp,2017,,FW,8,667,1,0,1.6604134812951088,0.5051411893218756,12,4,0,0,1,1.6604134812951088,2.5021865218877792,0.9477755278348924
6348,Jann-Fiete Arp,2017,,Sub,10,178,1,0,0.3201781958341598,0.0,5,0,1,0,1,0.3201781958341598,0.2480883933603763,0.0180294997990131
