player_id,player_name,season,team,position,games,time,goals,assists,xG,xA,shots,key_passes,yellow,red,npg,npxG,xGChain,xGBuildup
7235,Jason Steele,2024,,GK,2,180,0,0,0,0.0,0,0,0,0,0,0,0.4078828990459442,0.4078828990459442
7235,Jason Steele,2023,,GK,17,1530,0,0,0,0.0,0,0,0,0,0,0,3.745168898254633,3.745168898254633
7235,Jason Steele,2022,,GK,15,1350,0,1,0,0.1888159960508346,0,1,1,0,0,0,2.5362304002046585,2.347414404153824
7235,Jason Steele,2021,,GK,1,90,0,0,0,0.0,0,0,0,0,0,0,0.0,0.0
