player_id,player_name,season,team,position,games,time,goals,assists,xG,xA,shots,key_passes,yellow,red,npg,npxG,xGChain,xGBuildup
5057,Jasper Cillessen,2024,,GK,27,2339,0,0,0,0.0,0,0,1,0,0,0,2.925926886498928,2.925926886498928
5057,Jasper Cillessen,2021,,GK,17,1457,0,1,0,0.0169619992375373,0,1,1,0,0,0,2.6035376880317926,2.5865756813436747
5057,Jasper Cillessen,2020,,GK,10,900,0,0,0,0.0,0,0,0,0,0,0,0.3932253988459706,0.3932253988459706
5057,Jasper Cillessen,2019,,GK,24,2096,0,1,0,0.0472632013261318,0,1,1,0,0,0,1.37883210927248,1.3315689079463482
5057,Jasper Cillessen,2018,,GK,3,270,0,0,0,0.0,0,0,0,0,0,0,0.5523952841758728,0.5523952841758728
5057,Jasper Cillessen,2017,,GK,1,90,0,0,0,0.0,0,0,0,0,0,0,0.0923177972435951,0.0923177972435951
5057,Jasper Cillessen,2016,,GK,1,90,0,0,0,0.0,0,0,0,0,0,0,0.2268570065498352,0.2268570065498352
