player_id,player_name,season,team,position,games,time,goals,assists,xG,xA,shots,key_passes,yellow,red,npg,npxG,xGChain,xGBuildup
12643,Javier Rueda,2025,,DMR,3,242,1,2,0.4441038221120834,1.4319020211696625,3,3,1,0,1,0.4441038221120834,1.867074012756348,1.5173349380493164
12643,Javier Rueda,2025,,Sub,4,123,0,0,0.0216821953654289,0.0252886060625314,1,1,1,0,0,0.0216821953654289,0.5019812323153019,0.5019812323153019
12643,Javier Rueda,2023,,Sub,1,16,0,0,0.0,0.0,0,0,0,0,0,0.0,0.0,0.0
