player_id,player_name,season,team,position,games,time,goals,assists,xG,xA,shots,key_passes,yellow,red,npg,npxG,xGChain,xGBuildup
12989,Jay Idzes,2025,,DC,6,540,0,0,0.0184911340475082,0.0,1,0,0,0,0,0.0184911340475082,0.6356290020048618,0.6171378679573536
12989,Jay Idzes,2024,,DC,35,3130,1,0,2.105722848325968,1.5452221520245075,16,8,5,0,1,2.105722848325968,5.570156503468752,4.609417419880629
