player_id,player_name,season,team,position,games,time,goals,assists,xG,xA,shots,key_passes,yellow,red,npg,npxG,xGChain,xGBuildup
11018,Jean Botué,2022,,FW,2,128,0,0,0.121194202452898,0.015897199511528,3,1,0,0,0,0.121194202452898,0.0646265000104904,0
11018,Jean Botué,2022,,Sub,6,93,0,0,0.1187647990882396,0.0786620005965232,3,2,0,0,0,0.1187647990882396,0.1704737991094589,0
