player_id,player_name,season,team,position,games,time,goals,assists,xG,xA,shots,key_passes,yellow,red,npg,npxG,xGChain,xGBuildup
5969,Jean-Luc Dompe,2025,,FWL,4,329,1,0,0.5643884865567088,0.6072130650281906,9,8,0,0,1,0.5643884865567088,1.2214974462985992,0.4543444328010082
5969,Jean-Luc Dompe,2025,,Sub,2,48,0,0,0.0169609505683183,0.0621583610773086,1,1,0,0,0,0.0169609505683183,0.1389913260936737,0.1220303773880004
5969,Jean-Luc Dompe,2017,,Sub,1,24,0,0,0.0458297990262508,0.0841393992304802,1,1,0,0,0,0.0458297990262508,0.0597114004194736,0.0138816004619002
