player_id,player_name,season,team,position,games,time,goals,assists,xG,xA,shots,key_passes,yellow,red,npg,npxG,xGChain,xGBuildup
12776,Jeff Ekhator,2025,,Sub,6,94,0,0,0.8265688717365265,0.0677122622728347,3,1,1,0,0,0.8265688717365265,0.4882913678884506,0.0
12776,Jeff Ekhator,2025,,FW,1,63,1,0,0.6216166615486145,0.0245244689285755,2,1,0,0,1,0.6216166615486145,0.6619813442230225,0.0158402174711227
12776,Jeff Ekhator,2024,,FW,4,303,0,0,0.6908868849277496,0.118032906204462,6,2,1,0,0,0.6908868849277496,0.8190294206142426,0.0266132280230522
12776,Jeff Ekhator,2024,,Sub,18,289,1,1,0.5167579390108585,0.5612317835912108,3,6,0,0,1,0.5167579390108585,1.2555430559441447,0.526571222115308
12776,Jeff Ekhator,2024,,AMR,1,68,0,0,0.0,0.5441066026687622,0,1,0,0,0,0.0,0.0,0.0
12776,Jeff Ekhator,2024,,AML,1,67,0,0,0.11976308375597,0.1505554169416427,1,1,0,0,0,0.11976308375597,0.2703184783458709,0.0
