player_id,player_name,season,team,position,games,time,goals,assists,xG,xA,shots,key_passes,yellow,red,npg,npxG,xGChain,xGBuildup
12183,Jeremy Sebas,2024,,Sub,12,101,0,0,0.8336555138230324,0.0156268291175365,6,1,0,0,0,0.8336555138230324,1.200555969029665,0.351273626089096
12183,Jeremy Sebas,2024,,AML,1,62,0,0,0.0,0.0,0,0,0,0,0,0.0,0.3204206526279449,0.3204206526279449
12183,Jeremy Sebas,2023,,Sub,12,235,2,0,1.0171898305416107,0.044483195990324,7,1,0,0,2,1.0171898305416107,1.6732304766774178,0.7286988887935877
12183,Jeremy Sebas,2023,,FWR,1,90,0,0,0.0,0.0,0,0,0,0,0,0.0,0.0,0.0
12183,Jeremy Sebas,2023,,AMC,1,66,0,0,0.0,0.0,0,0,0,0,0,0.0,0.0,0.0
