player_id,player_name,season,team,position,games,time,goals,assists,xG,xA,shots,key_passes,yellow,red,npg,npxG,xGChain,xGBuildup
8949,Jeremías Ledesma,2023,,GK,34,3052,0,0,0.0,0.0539969950914382,0,1,0,0,0,0.0,2.63006785325706,2.5760708581656218
8949,Jeremías Ledesma,2022,,GK,34,3060,0,0,0.0294986590743064,0.039946898818016,1,1,2,0,0,0.0294986590743064,1.9202283397316933,1.8802814409136768
8949,Jeremías Ledesma,2021,,GK,38,3420,0,0,0.0304568000137805,0.0394214000552892,1,2,4,0,0,0.0304568000137805,1.1737990099936724,1.10392080899328
8949,Jeremías Ledesma,2020,,GK,32,2880,0,0,0.0,0.0,0,0,0,0,0,0.0,1.2902430966496468,1.2902430966496468
