player_id,player_name,season,team,position,games,time,goals,assists,xG,xA,shots,key_passes,yellow,red,npg,npxG,xGChain,xGBuildup
13059,Jesús Rodriguez,2025,,AML,4,351,0,1,0.7166893221437931,0.8885310739278793,7,9,0,1,0,0.7166893221437931,1.9393134415149689,0.3482168316841125
13059,Jesús Rodriguez,2025,,Sub,1,37,0,0,0.1502826511859893,0.0,3,0,0,0,0,0.1502826511859893,0.4744675755500793,0.3737425804138183
13059,Jesús Rodriguez,2024,,AML,11,766,1,0,2.091420229524374,0.3041652422398329,19,7,0,0,1,2.091420229524374,3.807054489850998,1.53480607829988
13059,Jesús Rodriguez,2024,,AMR,4,298,1,0,0.0887512490153312,0.0179081913083791,2,1,0,0,1,0.0887512490153312,0.1834044381976127,0.1305509693920612
13059,Jesús Rodriguez,2024,,Sub,6,79,0,0,0.3261106014251709,0.033421367406845,2,1,0,0,0,0.3261106014251709,0.3955808402970433,0.3436951758340001
