player_id,player_name,season,team,position,games,time,goals,assists,xG,xA,shots,key_passes,yellow,red,npg,npxG,xGChain,xGBuildup
6082,Jiri Pavlenka,2023,,GK,7,630,0,0,0,0.0,0,0,0,0,0,0,1.0896473079919815,1.0896473079919815
6082,Jiri Pavlenka,2022,,GK,33,2908,0,0,0,0.0,0,0,1,0,0,0,2.616541028022766,2.616541028022766
6082,Jiri Pavlenka,2020,,GK,34,3060,0,0,0,0.0,0,0,2,0,0,0,2.355496881529689,2.355496881529689
6082,Jiri Pavlenka,2019,,GK,33,2970,0,0,0,0.0337736010551452,0,1,1,0,0,0,2.9599202312529087,2.9261466301977634
6082,Jiri Pavlenka,2018,,GK,34,2981,0,0,0,0.0,0,0,2,0,0,0,2.902501774951816,2.902501774951816
6082,Jiri Pavlenka,2017,,GK,34,3060,0,0,0,0.0,0,0,1,0,0,0,1.6246837098151443,1.6246837098151443
