player_id,player_name,season,team,position,games,time,goals,assists,xG,xA,shots,key_passes,yellow,red,npg,npxG,xGChain,xGBuildup
10715,João Palhinha,2025,,MC,4,327,1,0,0.4885386526584625,0.0,4,0,0,0,1,0.4885386526584625,1.142378032207489,0.7335177510976791
10715,João Palhinha,2025,,DMC,3,270,1,1,0.2120584025979042,0.4351674430072307,6,2,2,0,1,0.2120584025979042,0.7020791694521904,0.455942471511662
10715,João Palhinha,2025,,Sub,1,9,0,0,0.0,0.0,0,0,0,0,0,0.0,0.0640760883688926,0.0640760883688926
10715,João Palhinha,2024,,DMC,6,446,0,0,0.397293628193438,0.0741168316453695,6,2,1,1,0,0.397293628193438,3.2739519625902176,3.0329731851816177
10715,João Palhinha,2024,,Sub,11,210,0,0,0.2311913445591926,0.2240838892757892,4,3,1,0,0,0.2311913445591926,2.547059826552868,2.243585132062435
10715,João Palhinha,2023,,DMC,26,2258,3,1,2.344429715536535,0.8451391234993935,34,12,9,0,3,2.344429715536535,8.506487711332738,7.397910202853382
10715,João Palhinha,2023,,MC,5,450,1,0,0.2762248590588569,0.0,7,0,2,0,1,0.2762248590588569,1.9467733204364777,1.8677419871091845
10715,João Palhinha,2023,,Sub,2,34,0,0,0.6248574256896973,0.0,3,0,2,0,0,0.6248574256896973,0.71242356300354,0.2264140397310257
10715,João Palhinha,2022,,DMC,35,3124,3,0,2.6951698008924723,0.275451373308897,38,7,14,0,3,2.6951698008924723,5.985029879026115,5.4245135728269815
