player_id,player_name,season,team,position,games,time,goals,assists,xG,xA,shots,key_passes,yellow,red,npg,npxG,xGChain,xGBuildup
10904,Joan Gonzàlez,2023,,MC,10,720,1,0,1.1343248840421438,0.7408167272806168,10,9,2,0,1,1.1343248840421438,2.456037363037467,1.555687565356493
10904,Joan Gonzàlez,2023,,Sub,16,345,0,0,0.0705369561910629,0.5017394870519638,1,4,3,0,0,0.0705369561910629,1.7123548947274685,1.1400784403085709
10904,Joan Gonzàlez,2023,,DMC,2,162,0,1,0.5318702775985003,0.0912938937544822,3,2,1,0,0,0.5318702775985003,1.0128058195114136,0.3896416127681732
10904,Joan Gonzàlez,2023,,MR,1,56,0,0,0.0,0.0,0,0,0,0,0,0.0,0.3388324677944183,0.3388324677944183
10904,Joan Gonzàlez,2022,,MC,24,1867,0,3,1.1823956975713372,1.5621746759861708,12,13,5,0,0,1.1823956975713372,4.526397575624287,2.6661283345893025
10904,Joan Gonzàlez,2022,,Sub,9,184,1,0,0.5789317935705185,0.023636233061552,4,1,3,0,1,0.5789317935705185,0.4321490842849016,0.354086184874177
10904,Joan Gonzàlez,2022,,AMC,2,178,0,0,0.054857101291418,0.0165561009198427,1,1,0,0,0,0.054857101291418,0.0165561009198427,0.0165561009198427
