player_id,player_name,season,team,position,games,time,goals,assists,xG,xA,shots,key_passes,yellow,red,npg,npxG,xGChain,xGBuildup
13887,Jobe Bellingham,2025,,MC,1,75,0,0,0.0,0.0,0,0,0,0,0,0.0,0.5710175633430481,0.5710175633430481
13887,Jobe Bellingham,2025,,Sub,5,72,0,0,0.1011364981532096,0.1837927997112274,1,2,0,0,0,0.1011364981532096,0.7239920981228352,0.5518093667924404
13887,Jobe Bellingham,2025,,AMC,1,50,0,0,0.0,0.0,0,0,0,0,0,0.0,0.4553661048412323,0.4553661048412323
