player_id,player_name,season,team,position,games,time,goals,assists,xG,xA,shots,key_passes,yellow,red,npg,npxG,xGChain,xGBuildup
561,Joe Rothwell,2023,,DMC,3,221,0,0,0.025902098044753,0.0467371474951505,1,2,0,0,0,0.025902098044753,0.3972675874829292,0.3719159737229347
561,Joe Rothwell,2023,,Sub,8,149,0,0,0.0238093882799148,0.0903980145230889,1,2,0,0,0,0.0238093882799148,1.2996129803359509,1.262756559997797
561,Joe Rothwell,2022,,MC,8,608,0,1,0.0825202018022537,0.9372860789299012,2,6,0,0,0,0.0825202018022537,1.018509056419134,0.7479313425719738
561,Joe Rothwell,2022,,DMC,4,283,0,0,0.0663084015250206,0.2609499990940094,1,2,1,0,0,0.0663084015250206,1.2366840690374374,1.2366840690374374
561,Joe Rothwell,2022,,Sub,8,137,0,0,0.0,0.0,0,0,0,0,0,0.0,0.142949097789824,0.142949097789824
