player_id,player_name,season,team,position,games,time,goals,assists,xG,xA,shots,key_passes,yellow,red,npg,npxG,xGChain,xGBuildup
10209,Jofre Carreras,2025,,AMR,1,50,0,0,0.0,0.0,0,0,0,0,0,0.0,0.0,0.0
10209,Jofre Carreras,2025,,Sub,2,39,0,0,0.0,0.0791851505637168,0,1,0,0,0,0.0,0.0791851505637168,0.0
10209,Jofre Carreras,2024,,AMR,9,655,1,1,0.4576627649366855,1.15908420458436,10,8,0,0,1,0.4576627649366855,1.185584478080273,0.2457880489528179
10209,Jofre Carreras,2024,,MR,8,631,0,2,1.7916215490549805,0.946339137852192,10,7,3,0,0,1.7916215490549805,2.9076015297323465,0.2428275272250175
10209,Jofre Carreras,2024,,ML,6,497,1,0,0.6520645767450333,0.0999594200402498,12,3,1,0,1,0.6520645767450333,1.282891109585762,0.6744602434337139
10209,Jofre Carreras,2024,,Sub,11,219,0,0,0.1274388851597905,0.2897053277119994,4,6,0,0,0,0.1274388851597905,0.5619128793478012,0.1617245227098465
10209,Jofre Carreras,2024,,MC,2,149,1,0,0.167351059615612,0.0,4,0,0,0,1,0.167351059615612,0.167351059615612,0.0
10209,Jofre Carreras,2024,,DR,1,66,0,0,0.0,0.0,0,0,0,0,0,0.0,0.0650817081332206,0.0650817081332206
10209,Jofre Carreras,2021,,Sub,3,13,0,1,0.0,0.5122259855270386,0,2,0,0,0,0.0,0.7971600294113159,0.2849340140819549
