player_id,player_name,season,team,position,games,time,goals,assists,xG,xA,shots,key_passes,yellow,red,npg,npxG,xGChain,xGBuildup
12323,Johnny Cardoso,2025,,MC,2,149,0,0,0.0,0.0202612876892089,0,1,1,0,0,0.0,0.4952849447727203,0.4952849447727203
12323,Johnny Cardoso,2025,,DMC,1,50,0,0,0.0145736718550324,0.0,1,0,1,0,0,0.0145736718550324,0.2822101712226867,0.2822101712226867
12323,Johnny Cardoso,2024,,DMC,20,1762,3,0,2.253299243748188,0.1597066465765237,16,5,3,0,3,2.253299243748188,6.234810057561845,5.42636902211234
12323,Johnny Cardoso,2024,,MC,4,328,0,1,0.3385416269302368,0.5096907168626785,1,3,1,0,0,0.3385416269302368,2.291947729885578,1.4437153842300177
12323,Johnny Cardoso,2024,,Sub,4,57,0,0,0.0810128897428512,0.0644543170928955,2,1,0,0,0,0.0810128897428512,0.3804361373186111,0.2930512428283691
12323,Johnny Cardoso,2023,,DMC,14,1178,1,2,1.2635239735245705,0.3339216560125351,11,6,2,0,1,1.2635239735245705,2.60941818729043,2.101853983476758
12323,Johnny Cardoso,2023,,MC,1,90,0,0,0.1371777057647705,0.0,1,0,0,0,0,0.1371777057647705,0.0369932688772678,0.0369932688772678
12323,Johnny Cardoso,2023,,Sub,2,79,0,0,0.0,0.1232887096703052,0,2,1,0,0,0.0,0.0762568488717079,0.0
