player_id,player_name,season,team,position,games,time,goals,assists,xG,xA,shots,key_passes,yellow,red,npg,npxG,xGChain,xGBuildup
9170,John Finn,2024,,DMC,3,203,0,0,0.0150610916316509,0.0082203112542629,1,1,0,0,0,0.0150610916316509,0.0412880945950746,0.0262270029634237
9170,John Finn,2024,,Sub,12,199,0,0,0.2293567340821027,0.0,8,0,1,0,0,0.2293567340821027,0.3189603313803673,0.1685721129179
9170,John Finn,2024,,MC,2,159,0,0,0.018132172524929,0.0,1,0,0,0,0,0.018132172524929,0.154005941003561,0.154005941003561
9170,John Finn,2020,,Sub,6,54,0,0,0.1304596979171037,0.0,2,0,0,0,0,0.1304596979171037,0.1236132998019456,0.0951955989003181
