player_id,player_name,season,team,position,games,time,goals,assists,xG,xA,shots,key_passes,yellow,red,npg,npxG,xGChain,xGBuildup
13936,Jon Gorrotxategi,2025,,DMC,4,325,0,0,0.0113161196932196,0.0,1,0,1,0,0,0.0113161196932196,0.9423426389694214,0.9310265183448792
13936,Jon Gorrotxategi,2025,,MC,3,264,0,0,0.1049207132309675,0.1472315043210983,3,3,0,0,0,0.1049207132309675,1.1695953011512756,0.9418586641550064
13936,Jon Gorrotxategi,2025,,Sub,1,29,0,0,0.0,0.0,0,0,1,0,0,0.0,0.4155527353286743,0.4155527353286743
