player_id,player_name,season,team,position,games,time,goals,assists,xG,xA,shots,key_passes,yellow,red,npg,npxG,xGChain,xGBuildup
12950,Jordan Teze,2025,,DR,4,320,0,0,0.0786131992936134,0.1494944542646408,2,1,1,0,0,0.0786131992936134,1.404594048857689,1.1764864325523376
12950,Jordan Teze,2025,,MC,2,176,0,0,0.028871513903141,0.0857478454709053,1,3,1,0,0,0.028871513903141,0.4616281688213348,0.4107231497764587
12950,Jordan Teze,2025,,DMC,1,90,0,0,0.053137619048357,0.3433643281459808,2,5,0,0,0,0.053137619048357,0.4356704354286194,0.2188412100076675
12950,Jordan Teze,2024,,DR,7,453,1,0,1.3265466168522837,1.1081394478678703,4,9,1,1,1,1.3265466168522837,2.945053249597549,1.118240848183632
12950,Jordan Teze,2024,,DMR,1,67,0,0,0.0,0.1735492944717407,0,2,0,0,0,0.0,0.2249075919389724,0.0513583086431026
12950,Jordan Teze,2024,,Sub,8,54,0,0,0.2769793570041656,0.3948339745402336,1,2,1,0,0,0.2769793570041656,1.3528641685843468,1.0606163442134855
