player_id,player_name,season,team,position,games,time,goals,assists,xG,xA,shots,key_passes,yellow,red,npg,npxG,xGChain,xGBuildup
12882,Jordan James,2024,,MC,14,1073,0,1,0.655382601544261,0.961289457976818,14,20,3,0,0,0.655382601544261,3.7163476329296823,3.0051122587174177
12882,Jordan James,2024,,Sub,9,122,0,0,0.1144508700817823,0.6319057084619999,3,3,1,0,0,0.1144508700817823,2.779326489195228,2.0480452552437782
