player_id,player_name,season,team,position,games,time,goals,assists,xG,xA,shots,key_passes,yellow,red,npg,npxG,xGChain,xGBuildup
11358,José Gragera,2024,,MC,5,379,0,0,0.0203774664551019,0.0204612221568822,1,1,0,0,0,0.0203774664551019,1.0749452710151672,1.0544840395450592
11358,José Gragera,2024,,DMC,2,140,0,0,0.0,0.0,0,0,0,0,0,0.0,0.1038141697645187,0.1038141697645187
11358,José Gragera,2024,,Sub,3,61,0,0,0.0199214983731508,0.0,1,0,0,0,0,0.0199214983731508,0.0838553253561258,0.063933826982975
11358,José Gragera,2022,,MC,3,205,0,0,0.0167351998388767,0.0,1,0,0,0,0,0.0167351998388767,0.3984520137310028,0.3984520137310028
11358,José Gragera,2022,,DC,1,90,0,0,0.0,0.0,0,0,0,0,0,0.0,0.9024699926376344,0.9024699926376344
11358,José Gragera,2022,,DMC,1,85,0,0,0.041432399302721,0.0,1,0,1,0,0,0.041432399302721,0.0876645967364311,0.0876645967364311
11358,José Gragera,2022,,Sub,4,77,1,0,0.9908850193023682,0.0,2,0,1,0,1,0.9908850193023682,0.0,0.0
