player_id,player_name,season,team,position,games,time,goals,assists,xG,xA,shots,key_passes,yellow,red,npg,npxG,xGChain,xGBuildup
11751,Joseph Okumu,2024,,DC,19,1591,1,0,1.1993559412658217,0.1032256837934255,11,4,3,1,1,1.1993559412658217,4.75019621476531,4.696245219558477
11751,Joseph Okumu,2024,,DR,1,90,0,0,0.0063570942729711,0.0,1,0,0,0,0,0.0063570942729711,0.0195723790675401,0.013215284794569
11751,Joseph Okumu,2024,,Sub,2,33,0,0,0.0,0.0,0,0,0,0,0,0.0,0.8357757851481438,0.8357757851481438
11751,Joseph Okumu,2023,,DC,19,1687,1,0,1.052511740475893,0.0,9,0,3,0,1,1.052511740475893,6.09743894636631,6.081668987870216
11751,Joseph Okumu,2023,,Sub,2,50,0,0,0.1122817993164062,0.0,2,0,0,0,0,0.1122817993164062,0.1221546903252601,0.1221546903252601
