player_id,player_name,season,team,position,games,time,goals,assists,xG,xA,shots,key_passes,yellow,red,npg,npxG,xGChain,xGBuildup
11023,Josh Doig,2025,,DL,7,580,0,0,0.0998358316719532,0.3905791565775871,2,4,3,0,0,0.0998358316719532,1.3505909480154514,1.1248750309459865
11023,Josh Doig,2023,,DL,13,1124,0,0,0.1459844233468175,0.4815462324768305,6,8,5,0,0,0.1459844233468175,2.932640792801976,2.606689834967256
11023,Josh Doig,2023,,DML,10,739,0,1,0.3776753563433885,0.2393318451941013,5,3,1,0,0,0.3776753563433885,1.0837052520364523,0.572094714269042
11023,Josh Doig,2023,,ML,3,256,0,1,0.03480751439929,0.3453013310208916,1,5,1,0,0,0.03480751439929,0.4954016860574484,0.1399505659937858
11023,Josh Doig,2023,,Sub,2,86,0,0,0.0323930382728576,0.2271793857216835,1,3,0,0,0,0.0323930382728576,0.268382079899311,0.1403249092400074
11023,Josh Doig,2022,,DML,11,869,1,2,0.9436714053153992,1.0557890012860298,12,5,0,0,1,0.9436714053153992,3.3576000379398465,1.5861615100875497
11023,Josh Doig,2022,,ML,4,311,1,0,0.2570967935025692,0.1263036020100116,5,3,1,0,1,0.2570967935025692,0.668784873560071,0.285383902490139
11023,Josh Doig,2022,,Sub,7,178,0,1,0.0277344994246959,0.2581864222884178,1,4,0,0,0,0.0277344994246959,0.4490138031542301,0.2427968755364418
