player_id,player_name,season,team,position,games,time,goals,assists,xG,xA,shots,key_passes,yellow,red,npg,npxG,xGChain,xGBuildup
10005,Joshua Wilson-Esbrand,2023,,DL,3,241,0,0,0.0158616509288549,0.0797733142971992,1,1,1,0,0,0.0158616509288549,0.2145464792847633,0.2145464792847633
10005,Joshua Wilson-Esbrand,2023,,Sub,6,82,1,1,0.0822915975004434,0.639319121837616,2,2,0,0,1,0.0822915975004434,0.8339294493198395,0.4723959788680076
10005,Joshua Wilson-Esbrand,2023,,ML,1,73,0,0,0.0,0.0546037144958972,0,1,0,0,0,0.0,0.1435981690883636,0.088994450867176
10005,Joshua Wilson-Esbrand,2023,,MC,1,64,0,0,0.092893548309803,0.4548642039299011,1,1,0,0,0,0.092893548309803,0.2850498259067535,0.1921562701463699
