player_id,player_name,season,team,position,games,time,goals,assists,xG,xA,shots,key_passes,yellow,red,npg,npxG,xGChain,xGBuildup
12410,Joshua King,2025,,AMC,7,502,0,0,1.0615207478404045,0.1514108711853623,10,3,2,0,0,1.0615207478404045,1.964130386710167,0.8528223559260368
12410,Joshua King,2025,,FW,1,71,0,0,0.0164728909730911,0.0,1,0,0,0,0,0.0164728909730911,0.1174871176481247,0.1174871176481247
12410,Joshua King,2024,,AMC,1,64,0,0,0.0,0.0702220797538757,0,2,0,0,0,0.0,0.0871671438217163,0.0169450659304857
12410,Joshua King,2024,,Sub,7,51,0,0,0.5880258642137051,0.6829599142074585,3,1,0,0,0,0.5880258642137051,1.2873054463416338,0.4784808326512575
