player_id,player_name,season,team,position,games,time,goals,assists,xG,xA,shots,key_passes,yellow,red,npg,npxG,xGChain,xGBuildup
10399,Juan Latasa,2024,,FW,14,1115,2,0,2.8581840563565493,0.4667151682078838,27,10,5,0,2,2.8581840563565493,5.639052802696824,2.647672460414469
10399,Juan Latasa,2024,,Sub,14,261,1,0,1.691525612026453,0.1102942340075969,13,2,1,1,1,1.691525612026453,1.0792811885476112,0.1496945656836033
10399,Juan Latasa,2023,,FW,15,1110,1,0,3.551237165927887,0.7988091260194778,25,10,3,1,1,3.551237165927887,4.389822207391262,0.405360646545887
10399,Juan Latasa,2023,,Sub,18,447,2,0,1.7896048659458756,0.4226573556661606,20,9,2,0,2,1.7896048659458756,2.1268575554713607,0.7189650349318981
10399,Juan Latasa,2022,,Sub,16,225,0,0,0.6195591194555163,0.632050771266222,11,4,1,0,0,0.6195591194555163,1.466940777376294,0.5888468027114868
10399,Juan Latasa,2022,,FW,2,180,1,0,0.1702721267938614,0.1255023777484893,4,2,1,0,1,0.1702721267938614,0.2126795127987861,0.0475760623812675
10399,Juan Latasa,2021,,Sub,1,6,0,0,0.1094139963388443,0.0,1,0,0,0,0,0.1094139963388443,0.0440067015588283,0.0440067015588283
