player_id,player_name,season,team,position,games,time,goals,assists,xG,xA,shots,key_passes,yellow,red,npg,npxG,xGChain,xGBuildup
11747,Juan Herzog,2024,,DC,14,1196,0,0,0.526969350874424,0,8,0,1,0,0,0.526969350874424,2.6409805454313755,2.597265738993883
11747,Juan Herzog,2024,,Sub,4,78,0,0,0.059878084808588,0,2,0,0,0,0,0.059878084808588,0.059878084808588,0.0
11747,Juan Herzog,2024,,DR,1,47,0,0,0.0,0,0,0,0,0,0,0.0,0.0,0.0
11747,Juan Herzog,2023,,DC,3,270,2,0,0.6798617094755173,0,3,0,1,0,2,0.6798617094755173,0.2586515843868255,0.2586515843868255
11747,Juan Herzog,2023,,Sub,1,20,0,0,0.0,0,0,0,0,0,0,0.0,0.0,0.0
