player_id,player_name,season,team,position,games,time,goals,assists,xG,xA,shots,key_passes,yellow,red,npg,npxG,xGChain,xGBuildup
9824,Julen Agirrezabala,2025,,GK,9,810,0,0,0,0.0134038729593157,0,1,1,0,0,0,0.2512644864618778,0.2512644864618778
9824,Julen Agirrezabala,2024,,GK,14,1212,0,0,0,0.0,0,0,1,1,0,0,3.1538388207554817,3.1538388207554817
9824,Julen Agirrezabala,2023,,GK,2,180,0,0,0,0.0,0,0,0,0,0,0,0.1301006227731704,0.1301006227731704
9824,Julen Agirrezabala,2023,,Sub,2,54,0,0,0,0.0,0,0,0,0,0,0,0.0,0.0
9824,Julen Agirrezabala,2022,,GK,7,630,0,0,0,0.0,0,0,0,0,0,0,0.4263003170490265,0.4263003170490265
9824,Julen Agirrezabala,2022,,Sub,1,42,0,0,0,0.0,0,0,0,0,0,0,0.015472300350666,0.015472300350666
9824,Julen Agirrezabala,2021,,GK,4,360,0,0,0,0.0,0,0,0,0,0,0,0.1048934012651443,0.1048934012651443
