player_id,player_name,season,team,position,games,time,goals,assists,xG,xA,shots,key_passes,yellow,red,npg,npxG,xGChain,xGBuildup
11585,Julien Duranville,2024,,Sub,10,149,0,0,0.3678707648068666,0.6575317978858948,4,1,1,0,0,0.3678707648068666,1.0254025552421808,0.0
11585,Julien Duranville,2024,,MR,1,63,0,0,0.0501601733267307,0.0,1,0,1,0,0,0.0501601733267307,0.0908578932285308,0.0406977199018001
11585,Julien Duranville,2024,,AMR,1,47,0,0,0.0,0.0,0,0,1,0,0,0.0,0.0487813204526901,0.0487813204526901
11585,Julien Duranville,2023,,Sub,2,5,0,0,0.0,0.0,0,0,0,0,0,0.0,0.0,0.0
11585,Julien Duranville,2022,,Sub,1,25,0,0,0.0204049106687307,0.1065335199236869,1,2,0,0,0,0.0204049106687307,0.1269384324550628,0.0
