player_id,player_name,season,team,position,games,time,goals,assists,xG,xA,shots,key_passes,yellow,red,npg,npxG,xGChain,xGBuildup
11745,Juli치n Araujo,2024,,DR,7,457,0,0,0.0,0.0628243163228035,0,1,2,0,0,0.0,1.7560443449765444,1.7560443449765444
11745,Juli치n Araujo,2024,,Sub,5,39,0,0,0.0,0.0,0,0,0,0,0,0.0,0.0443053189665079,0.0443053189665079
11745,Juli치n Araujo,2023,,DR,15,1228,1,0,0.9133434295654296,0.4173383936285972,6,9,4,0,1,0.9133434295654296,2.6403065379709005,1.5012051351368427
11745,Juli치n Araujo,2023,,Sub,10,220,0,0,0.0122012440115213,0.7724031656980515,1,7,1,0,0,0.0122012440115213,0.8831264898180962,0.1957510653883218
