player_id,player_name,season,team,position,games,time,goals,assists,xG,xA,shots,key_passes,yellow,red,npg,npxG,xGChain,xGBuildup
10545,Julian Jeanvier,2022,,DC,20,1687,1,0,1.3331746757030487,0,8,0,3,1,1,1.3331746757030487,3.8581243939697742,3.770368415862322
10545,Julian Jeanvier,2022,,Sub,2,81,0,0,0.0,0,0,0,0,0,0,0.0,0.1243648082017898,0.1243648082017898
