player_id,player_name,season,team,position,games,time,goals,assists,xG,xA,shots,key_passes,yellow,red,npg,npxG,xGChain,xGBuildup
8650,Julien Laporte,2023,,DC,20,1709,0,0,0.7517039217054844,0.0440158322453498,11,1,4,0,0,0.7517039217054844,2.6126489033922558,2.553248520940542
8650,Julien Laporte,2023,,Sub,3,114,0,0,0.0653406307101249,0.0,2,0,0,0,0,0.0653406307101249,0.4719170033931732,0.4634296186268329
8650,Julien Laporte,2022,,DC,19,1632,0,0,0.1760066021233797,0.0087625002488493,5,1,1,0,0,0.1760066021233797,3.603973319754005,3.595210822299123
8650,Julien Laporte,2022,,Sub,1,23,0,0,0.0,0.0,0,0,0,0,0,0.0,0.0,0.0
8650,Julien Laporte,2021,,DC,33,2896,2,0,2.051666311919689,0.2082591988146305,17,6,7,0,2,2.051666311919689,4.252374017611146,4.058594884350896
8650,Julien Laporte,2020,,DC,30,2663,0,0,0.5918614049442112,0.2116890959441661,8,7,6,1,0,0.5918614049442112,3.904836790636182,3.792619686573744
