player_id,player_name,season,team,position,games,time,goals,assists,xG,xA,shots,key_passes,yellow,red,npg,npxG,xGChain,xGBuildup
12411,Junior Ndiaye,2024,,FW,4,303,0,0,0.2087661027908325,0.3014165014028549,3,4,0,0,0,0.2087661027908325,0.6808379217982292,0.3121194317936897
12411,Junior Ndiaye,2024,,Sub,11,107,0,0,0.6118707582354546,0.0212369095534086,2,1,0,0,0,0.6118707582354546,1.3127650246024132,0.6796573549509048
