player_id,player_name,season,team,position,games,time,goals,assists,xG,xA,shots,key_passes,yellow,red,npg,npxG,xGChain,xGBuildup
10970,Kaiky,2023,,DC,5,450,0,0,0.0,0.0341274254024028,0,1,0,0,0,0.0,0.8443124815821648,0.8101850561797619
10970,Kaiky,2023,,Sub,3,62,1,0,0.2039155699312687,0.0,3,0,2,0,1,0.2039155699312687,0.2082523703575134,0.0828237831592559
10970,Kaiky,2022,,DC,7,563,0,0,0.0841713026165962,0.0,1,0,4,0,0,0.0841713026165962,1.0601583793759346,1.0601583793759346
10970,Kaiky,2022,,Sub,6,20,0,0,0.0,0.0,0,0,1,0,0,0.0,0.1057809963822364,0.1057809963822364
