player_id,player_name,season,team,position,games,time,goals,assists,xG,xA,shots,key_passes,yellow,red,npg,npxG,xGChain,xGBuildup
9872,Kaio Jorge,2023,,FW,8,652,2,0,5.230623461306095,0.2469829516485333,21,8,1,0,1,4.469324685633183,2.7316106148064137,0.423874294385314
9872,Kaio Jorge,2023,,Sub,12,139,1,0,2.437554366886616,0.0,6,0,1,0,1,1.6762555316090584,1.6982021071016788,0.0219465754926204
9872,Kaio Jorge,2021,,Sub,9,111,0,0,0.531188003718853,0.5476000010967255,5,2,0,0,0,0.531188003718853,1.01472570002079,0.0952275022864341
