player_id,player_name,season,team,position,games,time,goals,assists,xG,xA,shots,key_passes,yellow,red,npg,npxG,xGChain,xGBuildup
12442,Kamil Józwiak,2023,,ML,7,545,0,1,0.1382301012054085,1.2023921310901642,3,5,1,0,0,0.1382301012054085,1.6889029191806912,0.3603616477921605
12442,Kamil Józwiak,2023,,Sub,4,40,0,0,0.0138506228104233,0.0,1,0,1,0,0,0.0138506228104233,0.0530365975573658,0.0391859747469425
