player_id,player_name,season,team,position,games,time,goals,assists,xG,xA,shots,key_passes,yellow,red,npg,npxG,xGChain,xGBuildup
12964,Kamil Grabara,2025,,GK,7,630,0,0,0.0364092700183391,0.0,1,0,1,0,0,0.0364092700183391,0.7615349926054478,0.7615349926054478
12964,Kamil Grabara,2024,,GK,29,2589,0,0,0.0,0.0652356334030628,0,2,2,0,0,0.0,2.0407195538282394,1.9754839204251768
