player_id,player_name,season,team,position,games,time,goals,assists,xG,xA,shots,key_passes,yellow,red,npg,npxG,xGChain,xGBuildup
11314,Keke Maximilian Topp,2025,,Sub,3,37,0,1,0.0728349313139915,0.3311635851860046,1,1,0,0,0,0.0728349313139915,0.4213794078677892,0.090215815231204
11314,Keke Maximilian Topp,2024,,Sub,18,163,2,2,1.0255268886685371,2.121702302247286,7,7,1,0,2,1.0255268886685371,3.3093114234507084,0.7712192162871361
11314,Keke Maximilian Topp,2024,,FW,1,48,0,0,0.0,0.2013181746006012,0,3,0,0,0,0.0,0.2908554971218109,0.0895373076200485
11314,Keke Maximilian Topp,2022,,Sub,1,18,0,0,0.0548735000193119,0.0,1,0,0,0,0,0.0548735000193119,0.0,0.0
