player_id,player_name,season,team,position,games,time,goals,assists,xG,xA,shots,key_passes,yellow,red,npg,npxG,xGChain,xGBuildup
13818,Kendry P치ez,2025,,Sub,4,93,0,0,0.401548370718956,0.1216013133525848,2,2,0,0,0,0.401548370718956,0.9133126828819512,0.5073440466076136
13818,Kendry P치ez,2025,,AMC,1,67,0,0,0.1035200580954551,0.0,3,0,0,0,0,0.1035200580954551,0.1898086220026016,0.0862885564565658
13818,Kendry P치ez,2025,,FW,1,65,1,0,0.3986758887767792,0.0,1,0,0,0,1,0.3986758887767792,0.3986758887767792,0.0
13818,Kendry P치ez,2025,,AMR,1,48,0,0,0.0139952003955841,0.0,1,0,0,0,0,0.0139952003955841,0.3031190633773803,0.2891238629817962
