player_id,player_name,season,team,position,games,time,goals,assists,xG,xA,shots,key_passes,yellow,red,npg,npxG,xGChain,xGBuildup
10712,Kevin Spadanuda,2022,,ML,10,708,0,1,0.4594589415937662,0.4376768469810486,4,5,2,0,0,0.4594589415937662,1.6235332041978836,0.7538857199251652
10712,Kevin Spadanuda,2022,,Sub,9,169,0,0,0.1399289965629577,0.1438639983534813,2,3,1,0,0,0.1399289965629577,0.2527449950575828,0.0
10712,Kevin Spadanuda,2022,,MR,1,67,0,0,0.0,0.0,0,0,0,0,0,0.0,0.0,0.0
10712,Kevin Spadanuda,2022,,FWL,1,65,0,0,0.0,0.0,0,0,0,0,0,0.0,0.0,0.0
10712,Kevin Spadanuda,2022,,AML,1,59,0,0,0.063356302678585,0.0,1,0,0,0,0,0.063356302678585,0.063356302678585,0.0
