player_id,player_name,season,team,position,games,time,goals,assists,xG,xA,shots,key_passes,yellow,red,npg,npxG,xGChain,xGBuildup
9068,Komnen Andric,2023,,FW,1,70,0,0,0.0217414014041423,0.037314873188734,1,1,0,0,0,0.0217414014041423,0.0949330925941467,0.0358768180012702
9068,Komnen Andric,2023,,Sub,6,65,0,0,0.0565310735255479,0.1092511052265763,2,3,0,0,0,0.0565310735255479,0.1657821787521243,0.015130503103137
9068,Komnen Andric,2022,,FW,16,1214,4,1,4.040287390351296,0.3975683990865946,25,10,3,0,3,2.520097449421882,1.721729626879096,0.4694888088852167
9068,Komnen Andric,2022,,Sub,18,218,0,2,0.4483938468620181,0.4589534904807806,5,5,1,0,0,0.4483938468620181,1.6137181725353005,0.7361711040139198
9068,Komnen Andric,2020,,FW,14,1239,3,3,4.967645339667797,2.819488663226366,29,17,1,0,2,3.459095008671284,7.5950839798897505,2.474931688979268
9068,Komnen Andric,2020,,ML,1,87,0,0,0.0,0.0,0,0,0,0,0,0.0,0.0,0.0
9068,Komnen Andric,2020,,Sub,1,22,0,0,0.0,0.0,0,0,0,0,0,0.0,0.0,0.0
