player_id,player_name,season,team,position,games,time,goals,assists,xG,xA,shots,key_passes,yellow,red,npg,npxG,xGChain,xGBuildup
13063,Konstantinos Koulierakis,2025,,DC,7,630,0,0,1.3877479135990145,0.105880388058722,10,2,1,0,0,1.3877479135990145,1.7385139130055904,1.661554491147399
13063,Konstantinos Koulierakis,2024,,DC,27,2338,0,1,1.091104881837964,1.235508069396019,22,9,3,0,0,1.091104881837964,6.381279045715928,6.07377159036696
13063,Konstantinos Koulierakis,2024,,DL,1,90,0,0,0.0,0.0,0,0,1,0,0,0.0,0.0,0.0
13063,Konstantinos Koulierakis,2024,,Sub,2,50,0,1,0.0,0.0345038808882236,0,1,0,0,0,0.0,0.0345038808882236,0.0
