player_id,player_name,season,team,position,games,time,goals,assists,xG,xA,shots,key_passes,yellow,red,npg,npxG,xGChain,xGBuildup
10849,Kristian Pedersen,2022,,DL,3,245,0,0,0.3014000058174133,0.0732360985130071,1,2,1,0,0,0.3014000058174133,0.4279901869595051,0.371764987707138
10849,Kristian Pedersen,2022,,Sub,3,24,0,0,0.0,0.0,0,0,0,0,0,0.0,0.0812141001224517,0.0812141001224517
