player_id,player_name,season,team,position,games,time,goals,assists,xG,xA,shots,key_passes,yellow,red,npg,npxG,xGChain,xGBuildup
8309,Kristoffer Askildsen,2022,,MC,6,415,0,0,0.1952044377103448,0.1192898284643888,5,5,1,0,0,0.1952044377103448,0.4280384704470634,0.2416469007730484
8309,Kristoffer Askildsen,2022,,Sub,14,247,0,0,0.1842231024056673,0.3872193098068237,4,2,2,0,0,0.1842231024056673,1.0397812072187662,0.9011791069060564
8309,Kristoffer Askildsen,2022,,DMC,1,48,0,0,0.0347172990441322,0.0,1,0,0,0,0,0.0347172990441322,0.0347172990441322,0.0
8309,Kristoffer Askildsen,2021,,MC,3,265,0,0,0.0,0.0,0,0,1,0,0,0.0,0.6539422832429409,0.6539422832429409
8309,Kristoffer Askildsen,2021,,ML,3,225,0,0,0.2723087072372436,0.0860532969236373,6,1,1,0,0,0.2723087072372436,0.3460882976651191,0.1778876036405563
8309,Kristoffer Askildsen,2021,,Sub,12,176,0,0,0.0615356005728244,0.0414792001247406,2,1,3,0,0,0.0615356005728244,0.4537942074239254,0.3613531067967415
8309,Kristoffer Askildsen,2021,,DMC,1,80,0,0,0.0,0.0,0,0,0,0,0,0.0,0.3674690127372741,0.3674690127372741
8309,Kristoffer Askildsen,2020,,Sub,6,83,0,0,0.0114770997315645,0.0,1,0,2,0,0,0.0114770997315645,0.165435092523694,0.1539579927921295
8309,Kristoffer Askildsen,2019,,Sub,4,62,1,0,0.0105907004326581,0.1491280049085617,1,2,0,1,1,0.0105907004326581,0.2956551946699619,0.1359364967793226
