player_id,player_name,season,team,position,games,time,goals,assists,xG,xA,shots,key_passes,yellow,red,npg,npxG,xGChain,xGBuildup
10823,Kyliane Dong,2022,,FWL,1,87,0,0,0.0734731629490852,0.1023609563708305,1,1,0,0,0,0.0734731629490852,0.1957370489835739,0.0199029203504323
10823,Kyliane Dong,2022,,AMC,1,62,0,0,0.0,0.0529653429985046,0,1,0,0,0,0.0,0.036181841045618,0.036181841045618
10823,Kyliane Dong,2022,,Sub,4,57,0,0,0.0171831995248794,0.0,1,0,0,0,0,0.0171831995248794,0.0871251970529556,0.0699419975280761
