player_id,player_name,season,team,position,games,time,goals,assists,xG,xA,shots,key_passes,yellow,red,npg,npxG,xGChain,xGBuildup
9670,Léo Leroy,2023,,Sub,18,213,0,1,0.8023915942758322,0.3570748129859566,6,4,2,0,0,0.8023915942758322,2.264496498741209,1.499814241193235
9670,Léo Leroy,2023,,DMC,2,156,0,0,0.021384909749031,0.0,1,0,0,0,0,0.021384909749031,0.5058642625808716,0.4844793379306793
9670,Léo Leroy,2023,,MC,1,70,0,0,0.0,0.0,0,0,1,0,0,0.0,0.0,0.0
9670,Léo Leroy,2022,,DMC,11,800,0,0,0.389995813369751,0.7217110600322485,9,6,4,0,0,0.389995813369751,2.312213588505984,1.749672519043088
9670,Léo Leroy,2022,,MC,3,220,0,0,0.1184043027460575,0.0,2,0,1,0,0,0.1184043027460575,0.3349392972886562,0.2931109964847564
9670,Léo Leroy,2022,,Sub,13,186,0,0,0.4863664861768484,0.3660567626357078,7,5,2,0,0,0.4863664861768484,2.865345446392894,2.012922056019306
9670,Léo Leroy,2021,,DMC,6,405,0,0,0.0738421007990837,0.1215445008128881,3,3,2,0,0,0.0738421007990837,0.2183967009186744,0.0401293002068996
9670,Léo Leroy,2021,,Sub,17,113,0,0,0.0885099023580551,0.0111613003537058,4,1,0,0,0,0.0885099023580551,0.2304572016000747,0.1307860016822815
9670,Léo Leroy,2021,,MC,1,86,0,0,0.0133081004023551,0.0,1,0,1,0,0,0.0133081004023551,0.0795945972204208,0.0795945972204208
