player_id,player_name,season,team,position,games,time,goals,assists,xG,xA,shots,key_passes,yellow,red,npg,npxG,xGChain,xGBuildup
9839,Leo Rom치n,2025,,GK,9,810,0,0,0,0,0,0,1,0,0,0,0.6582629103213549,0.6582629103213549
9839,Leo Rom치n,2024,,GK,7,630,0,0,0,0,0,0,0,0,0,0,0.7954421639442444,0.7954421639442444
9839,Leo Rom치n,2022,,GK,1,90,0,0,0,0,0,0,0,0,0,0,0.391853928565979,0.391853928565979
9839,Leo Rom치n,2021,,GK,2,180,0,0,0,0,0,0,0,0,0,0,0.0429989993572235,0.0429989993572235
