player_id,player_name,season,team,position,games,time,goals,assists,xG,xA,shots,key_passes,yellow,red,npg,npxG,xGChain,xGBuildup
10237,Leo Østigard,2025,,DC,5,411,0,0,0.2433530986309051,0.0215458758175373,2,1,4,0,0,0.2433530986309051,0.8796005845069885,0.8580547571182251
10237,Leo Østigard,2024,,DC,25,2141,1,0,1.1810280419886112,0.2356155719608068,11,5,4,1,1,1.1810280419886112,3.6605460047721854,3.537724658846855
10237,Leo Østigard,2024,,Sub,2,17,0,0,0.0,0.0,0,0,0,0,0,0.0,0.0,0.0
10237,Leo Østigard,2023,,DC,18,1536,1,0,0.932888064533472,0.0754244029521942,5,2,2,0,1,0.932888064533472,4.81048946082592,4.767707750201225
10237,Leo Østigard,2023,,Sub,7,75,0,0,0.0949007049202919,0.0331003591418266,2,1,0,0,0,0.0949007049202919,0.2922598700970411,0.2646910436451435
10237,Leo Østigard,2022,,DC,4,360,0,0,0.0635099727660417,0.0,3,0,1,0,0,0.0635099727660417,1.0620233621448278,1.0516483690589666
10237,Leo Østigard,2022,,Sub,3,52,0,0,0.0,0.0,0,0,0,0,0,0.0,1.2763749212026596,1.2763749212026596
10237,Leo Østigard,2021,,DC,13,1103,0,0,0.2581785963848233,0.1531995981931686,7,2,2,1,0,0.2581785963848233,1.0645369016565382,0.915263504255563
10237,Leo Østigard,2021,,Sub,2,67,0,0,0.0,0.0,0,0,0,1,0,0.0,0.964040994644165,0.964040994644165
