player_id,player_name,season,team,position,games,time,goals,assists,xG,xA,shots,key_passes,yellow,red,npg,npxG,xGChain,xGBuildup
11077,Leo Greiml,2022,,DC,3,270,0,0,0.0,0.0547963008284568,0,1,1,0,0,0.0,0.1176645010709762,0.0628682002425193
11077,Leo Greiml,2022,,Sub,4,80,0,0,0.0786295980215072,0.0,1,0,1,0,0,0.0786295980215072,0.116082102060318,0.116082102060318
