player_id,player_name,season,team,position,games,time,goals,assists,xG,xA,shots,key_passes,yellow,red,npg,npxG,xGChain,xGBuildup
11386,Lewis Miley,2025,,Sub,5,106,0,1,0.0353293567895889,0.2221463806927204,1,3,0,0,0,0.0353293567895889,0.4584913700819015,0.4182280376553535
11386,Lewis Miley,2025,,MC,1,90,0,0,0.0,0.0360578782856464,0,1,0,0,0,0.0,0.1268280148506164,0.0907701402902603
11386,Lewis Miley,2024,,Sub,13,184,0,0,0.0943565517663955,0.0,1,0,0,0,0,0.0943565517663955,0.409417500719428,0.3150609489530325
11386,Lewis Miley,2024,,MC,1,90,1,0,0.109593890607357,0.0893867462873458,2,1,0,0,1,0.109593890607357,0.6042286157608032,0.5148418545722961
11386,Lewis Miley,2023,,MC,14,1145,0,2,0.7337807565927505,1.3306482061743736,11,9,1,0,0,0.7337807565927505,4.143508151173592,2.391927935183048
11386,Lewis Miley,2023,,Sub,3,78,1,1,0.3831213414669037,0.2154732532799244,2,3,0,0,1,0.3831213414669037,2.07991686463356,1.6433028280735016
11386,Lewis Miley,2022,,Sub,1,10,0,0,0.0640049427747726,0.0,1,0,0,0,0,0.0640049427747726,0.0640049427747726,0.0
