player_id,player_name,season,team,position,games,time,goals,assists,xG,xA,shots,key_passes,yellow,red,npg,npxG,xGChain,xGBuildup
8816,Liam Cooper,2022,,DC,16,1367,1,0,0.575167678296566,0.356974009424448,8,4,5,0,1,0.575167678296566,3.1956543028354645,3.0356351882219315
8816,Liam Cooper,2022,,Sub,2,54,0,0,0.3768520057201385,0.0654949024319648,2,1,0,0,0,0.3768520057201385,0.0,0.0
8816,Liam Cooper,2021,,DC,21,1814,0,1,0.2801405992358923,0.132166001945734,6,4,5,0,0,0.2801405992358923,3.401978757232428,3.3240342624485493
8816,Liam Cooper,2020,,DC,25,2189,1,0,2.0945085920393467,0.0,15,0,4,1,1,2.0945085920393467,7.379914786666632,7.379914786666632
