player_id,player_name,season,team,position,games,time,goals,assists,xG,xA,shots,key_passes,yellow,red,npg,npxG,xGChain,xGBuildup
8868,Liam Delap,2025,,FW,2,81,0,0,0.189981997013092,0.0,2,0,0,0,0,0.189981997013092,1.3349732905626297,1.1449912786483765
8868,Liam Delap,2025,,Sub,1,14,0,0,0.0442576743662357,0.0,1,0,0,0,0,0.0442576743662357,0.4699513614177704,0.4256936907768249
8868,Liam Delap,2024,,FW,32,2608,11,2,11.323602486401796,2.784454360604286,64,20,10,0,9,9.801264811307192,14.224508199840784,3.1533351335674524
8868,Liam Delap,2024,,Sub,5,63,1,0,0.607379537075758,0.0,4,0,1,0,1,0.607379537075758,0.482506301254034,0.0
8868,Liam Delap,2021,,Sub,1,7,0,0,0.0,0.0,0,0,0,0,0,0.0,0.0,0.0
8868,Liam Delap,2020,,Sub,1,39,0,0,0.0640852004289627,0.0,1,0,0,0,0,0.0640852004289627,0.0640852004289627,0.0
