player_id,player_name,season,team,position,games,time,goals,assists,xG,xA,shots,key_passes,yellow,red,npg,npxG,xGChain,xGBuildup
8987,Lilian Egloff,2023,,DMC,1,76,0,0,0.0124765615910291,0.0,1,0,1,0,0,0.0124765615910291,0.0358246341347694,0.0233480725437402
8987,Lilian Egloff,2023,,Sub,4,17,0,0,0.1096947751939296,0.0,2,0,0,0,0,0.1096947751939296,0.1872561201453209,0.0921085253357887
8987,Lilian Egloff,2022,,Sub,8,98,0,0,0.0933283995836973,0.6186839938163757,3,2,0,0,0,0.0933283995836973,0.8736954182386398,0.1768389930948615
8987,Lilian Egloff,2022,,FW,1,67,0,0,0.1298259943723678,0.0988038033246994,4,1,0,0,0,0.1298259943723678,0.165471002459526,0.0
8987,Lilian Egloff,2022,,MC,1,66,0,0,0.0775135979056358,0.0910120978951454,1,1,1,0,0,0.0775135979056358,0.5440689921379089,0.3755429983139038
8987,Lilian Egloff,2021,,Sub,4,25,0,0,0.0,0.090287297964096,0,1,0,0,0,0.0,0.090287297964096,0.0
8987,Lilian Egloff,2020,,Sub,2,13,0,0,0.0,0.0,0,0,0,0,0,0.0,0.0,0.0
