player_id,player_name,season,team,position,games,time,goals,assists,xG,xA,shots,key_passes,yellow,red,npg,npxG,xGChain,xGBuildup
13046,Lior Kasa,2024,,Sub,6,116,0,0,0.1849428303539753,0.038125853985548,3,2,2,0,0,0.1849428303539753,0.4370474033057689,0.2521045766770839
13046,Lior Kasa,2024,,AMR,1,58,0,0,0.0384931974112987,0.0,1,0,0,0,0,0.0384931974112987,0.3648336827754974,0.3648336827754974
13046,Lior Kasa,2024,,MC,1,47,0,0,0.6674780249595642,0.0,1,0,0,0,0,0.6674780249595642,0.6674780249595642,0.0
