player_id,player_name,season,team,position,games,time,goals,assists,xG,xA,shots,key_passes,yellow,red,npg,npxG,xGChain,xGBuildup
8200,Logan Costa,2024,,DC,29,2556,2,1,0.9958862774074078,0.8420990593731403,12,5,3,0,2,0.9958862774074078,10.42654450982809,9.747779451310636
8200,Logan Costa,2024,,Sub,4,130,0,0,0.0,0.0,0,0,0,0,0,0.0,0.6185565888881683,0.6185565888881683
8200,Logan Costa,2023,,DC,29,2587,1,1,1.6294890763238072,0.5063137877732515,13,6,6,0,1,1.6294890763238072,5.955654142424464,5.562472378835082
8200,Logan Costa,2023,,Sub,2,56,0,0,0.0236541293561458,0.0,1,0,0,0,0,0.0236541293561458,0.1944153122603893,0.1707611829042434
8200,Logan Costa,2022,,DC,4,360,0,0,0.3935234472155571,0.0781371220946312,5,2,0,0,0,0.3935234472155571,0.3177407644689083,0.2899914644658565
8200,Logan Costa,2022,,Sub,2,48,0,0,0.0,0.0,0,0,0,0,0,0.0,0.0264937002211809,0.0264937002211809
