player_id,player_name,season,team,position,games,time,goals,assists,xG,xA,shots,key_passes,yellow,red,npg,npxG,xGChain,xGBuildup
10270,Lohann Doucet,2025,,MC,1,65,0,0,0.0263052377849817,0.0742542073130607,1,3,1,0,0,0.0263052377849817,0.139566496014595,0.0653122887015342
10270,Lohann Doucet,2025,,Sub,1,17,0,0,0.0,0.0,0,0,0,0,0,0.0,0.0,0.0
10270,Lohann Doucet,2022,,Sub,9,68,0,0,0.0815343037247657,0.1272349953651428,1,1,0,0,0,0.0815343037247657,0.3905809018760919,0.2633459065109491
10270,Lohann Doucet,2021,,Sub,2,2,0,0,0.0,0.0,0,0,0,0,0,0.0,0.0922984033823013,0.0922984033823013
