player_id,player_name,season,team,position,games,time,goals,assists,xG,xA,shots,key_passes,yellow,red,npg,npxG,xGChain,xGBuildup
11936,Lorenzo Lucca,2025,,FW,3,234,0,0,1.141263373196125,0.0,7,0,1,0,0,1.141263373196125,2.133831337094307,1.0685787424445152
11936,Lorenzo Lucca,2025,,Sub,4,44,1,0,0.4149275124073028,0.0,2,0,0,0,1,0.4149275124073028,0.7299386262893677,0.3150111138820648
11936,Lorenzo Lucca,2024,,FW,27,2173,10,1,8.423097733408213,1.361424092203379,54,12,9,0,9,7.661798898130655,8.518941298127174,1.69659124314785
11936,Lorenzo Lucca,2024,,Sub,6,196,2,0,0.8304021060466766,0.053977433592081,12,2,1,0,2,0.8304021060466766,0.7728930860757828,0.2472175359725952
11936,Lorenzo Lucca,2023,,FW,30,2465,5,4,7.993761874735355,1.4457896761596205,56,20,6,0,5,7.993761874735355,9.727942906320097,1.6677897074259818
11936,Lorenzo Lucca,2023,,Sub,7,159,3,0,1.1042355746030807,0.0,5,0,0,0,3,1.1042355746030807,1.0614569745957851,0.0345286224037408
