player_id,player_name,season,team,position,games,time,goals,assists,xG,xA,shots,key_passes,yellow,red,npg,npxG,xGChain,xGBuildup
10295,Louis Mouton,2025,,AMC,4,289,0,0,0.4846524447202682,1.2352004051208496,4,5,0,1,0,0.4846524447202682,1.881771445274353,0.3276371099054813
10295,Louis Mouton,2025,,MC,1,63,0,0,0.0909676551818847,0.0,1,0,0,0,0,0.0909676551818847,0.0909676551818847,0.0
10295,Louis Mouton,2025,,Sub,2,34,0,0,0.0575096569955349,0.0,1,0,0,0,0,0.0575096569955349,0.0575096569955349,0.0
10295,Louis Mouton,2024,,MC,12,839,0,1,1.3245231620967388,1.0710654556751251,11,9,2,0,0,1.3245231620967388,3.1536827385425568,1.5890604332089424
10295,Louis Mouton,2024,,Sub,12,208,0,0,0.1781237469986081,0.3813366256654262,8,7,0,0,0,0.1781237469986081,2.0432756058871746,1.7280234135687351
