player_id,player_name,season,team,position,games,time,goals,assists,xG,xA,shots,key_passes,yellow,red,npg,npxG,xGChain,xGBuildup
12846,Louis Leroux,2025,,DL,3,270,1,0,0.3948456645011902,0.0409497432410717,1,1,1,0,1,0.3948456645011902,0.6759545020759106,0.6350047588348389
12846,Louis Leroux,2025,,MC,3,254,0,0,0.0598440468311309,0.0381113905459642,2,2,0,0,0,0.0598440468311309,0.2130661159753799,0.1344968006014824
12846,Louis Leroux,2025,,Sub,2,44,0,0,0.0,0.0207305401563644,0,1,0,0,0,0.0,0.0207305401563644,0.0207305401563644
12846,Louis Leroux,2024,,MC,6,520,1,1,0.7228734232485294,0.9279224202036858,5,5,0,0,1,0.7228734232485294,2.9352287966758013,1.2844329085201025
12846,Louis Leroux,2024,,Sub,8,102,1,0,0.508394181728363,0.2272827597334981,1,3,0,0,1,0.508394181728363,1.240367409773171,0.6216357219964266
12846,Louis Leroux,2024,,DL,1,90,0,0,0.563056230545044,0.1071048229932785,2,2,1,0,0,0.563056230545044,0.6701610088348389,0.5290178656578064
12846,Louis Leroux,2024,,DML,1,90,0,0,0.1132037118077278,0.0606922917068004,1,1,0,0,0,0.1132037118077278,1.1505612134933472,0.976665198802948
