player_id,player_name,season,team,position,games,time,goals,assists,xG,xA,shots,key_passes,yellow,red,npg,npxG,xGChain,xGBuildup
12987,Luca Kerber,2025,,DMC,2,160,0,0,0.0278478153049945,0.1233281344175338,1,1,1,0,0,0.0278478153049945,0.5355702042579651,0.4122420847415924
12987,Luca Kerber,2025,,MR,1,81,0,0,0.0,0.0,0,0,1,0,0,0.0,0.0,0.0
12987,Luca Kerber,2025,,MC,1,57,0,0,0.1811359822750091,0.0,2,0,0,0,0,0.1811359822750091,0.1947393119335174,0.0981023013591766
12987,Luca Kerber,2025,,Sub,2,27,0,0,0.0,0.0288383606821298,0,1,0,0,0,0.0,0.0288383606821298,0.0
12987,Luca Kerber,2024,,Sub,16,306,2,0,1.1627484848722816,0.4286955669522285,7,4,3,0,2,1.1627484848722816,1.5820343345403671,0.4504240825772285
12987,Luca Kerber,2024,,DMC,4,277,0,0,0.0,0.4117397964000702,0,2,1,0,0,0.0,0.9241470098495485,0.5124072134494781
12987,Luca Kerber,2024,,MC,3,174,0,0,0.0,0.0,0,0,0,0,0,0.0,0.0,0.0
