player_id,player_name,season,team,position,games,time,goals,assists,xG,xA,shots,key_passes,yellow,red,npg,npxG,xGChain,xGBuildup
11929,Luca Lipani,2025,,MC,1,75,0,0,0.0,0.0071920319460332,0,1,0,0,0,0.0,0.0279402881860733,0.0279402881860733
11929,Luca Lipani,2025,,Sub,1,20,0,0,0.0,0.0,0,0,0,0,0,0.0,0.0,0.0
11929,Luca Lipani,2023,,DMC,3,200,0,0,0.060433380305767,0.0686498880386352,1,1,0,0,0,0.060433380305767,0.0686498880386352,0.0
11929,Luca Lipani,2023,,MC,2,157,0,0,0.1190742775797844,0.1212311685085296,2,1,0,0,0,0.1190742775797844,0.2616351917386055,0.1425609141588211
11929,Luca Lipani,2023,,Sub,3,35,0,0,0.0,0.0185225568711757,0,1,0,0,0,0.0,0.1168692223727703,0.1168692223727703
