player_id,player_name,season,team,position,games,time,goals,assists,xG,xA,shots,key_passes,yellow,red,npg,npxG,xGChain,xGBuildup
10972,Lucas Robertone,2023,,DMC,19,1581,0,2,0.5265885330736637,2.147992553189397,21,23,5,0,0,0.5265885330736637,7.311077385209501,5.538830889388919
10972,Lucas Robertone,2023,,MC,6,489,0,1,0.3172606341540813,0.5925421193242073,9,5,2,0,0,0.3172606341540813,2.6121320128440857,2.0223243683576584
10972,Lucas Robertone,2023,,AMC,4,315,0,2,0.1064185481518507,0.1458325628191232,5,5,2,0,0,0.1064185481518507,0.7457183841615915,0.5597215816378593
10972,Lucas Robertone,2023,,Sub,4,69,0,0,0.0849402379244566,0.0,2,0,2,0,0,0.0849402379244566,0.0165361147373914,0.0
10972,Lucas Robertone,2022,,MC,24,1953,0,5,0.9432524582371116,6.147083758376539,25,37,6,0,0,0.9432524582371116,9.821358295157552,5.622514797374606
10972,Lucas Robertone,2022,,AMC,6,510,1,1,1.0073620676994324,0.9477984271943568,4,12,0,0,1,1.0073620676994324,1.8865234572440384,0.8317598924040794
10972,Lucas Robertone,2022,,DMC,2,180,0,0,0.0327770803123712,0.345210999250412,2,1,0,0,0,0.0327770803123712,0.9975155144929886,0.6195271015167236
10972,Lucas Robertone,2022,,ML,2,166,0,1,0.0609594993293285,0.0780890006572008,1,3,1,0,0,0.0609594993293285,0.2093629986047744,0.1484030038118362
10972,Lucas Robertone,2022,,Sub,3,87,1,0,0.3273237980902195,0.0,4,0,0,0,1,0.3273237980902195,0.3273237980902195,0.0
