player_id,player_name,season,team,position,games,time,goals,assists,xG,xA,shots,key_passes,yellow,red,npg,npxG,xGChain,xGBuildup
11824,Lucas Pires,2023,,DL,15,1310,1,0,0.7356938924640417,1.4265193548053503,10,18,5,0,1,0.7356938924640417,3.0521904164925218,1.4879429284483194
11824,Lucas Pires,2023,,Sub,14,175,0,0,0.0874005556106567,0.4345246516168117,1,5,1,0,0,0.0874005556106567,0.7513939491473138,0.4967097989283502
