player_id,player_name,season,team,position,games,time,goals,assists,xG,xA,shots,key_passes,yellow,red,npg,npxG,xGChain,xGBuildup
11991,Lukas Ullrich,2025,,DL,3,230,0,0,0.0742934495210647,0.1174036636948585,1,4,0,0,0,0.0742934495210647,0.7616552710533142,0.6113460212945938
11991,Lukas Ullrich,2025,,DML,2,176,0,0,0.0,0.0941344797611236,0,2,1,0,0,0.0,1.1107556521892548,1.1107556521892548
11991,Lukas Ullrich,2025,,Sub,2,31,0,0,0.0,0.0,0,0,0,0,0,0.0,0.0,0.0
11991,Lukas Ullrich,2024,,DL,24,1909,1,2,1.2157446863129735,1.7085003964602947,8,8,4,0,1,1.2157446863129735,5.3729419857263565,4.036795541644096
11991,Lukas Ullrich,2024,,Sub,2,40,0,0,0.0,0.0,0,0,0,0,0,0.0,0.0,0.0
11991,Lukas Ullrich,2023,,Sub,4,39,0,0,0.0,0.0,0,0,0,0,0,0.0,0.0911717340350151,0.0911717340350151
