player_id,player_name,season,team,position,games,time,goals,assists,xG,xA,shots,key_passes,yellow,red,npg,npxG,xGChain,xGBuildup
13755,Mário Sauer,2025,,MC,5,345,0,0,0.0921764271333813,0.0655167922377586,4,1,1,0,0,0.0921764271333813,0.2253771629184484,0.1249295212328434
13755,Mário Sauer,2025,,Sub,3,41,0,0,0.0143021801486611,0.0,1,0,0,0,0,0.0143021801486611,0.2260371455922722,0.2117349654436111
