player_id,player_name,season,team,position,games,time,goals,assists,xG,xA,shots,key_passes,yellow,red,npg,npxG,xGChain,xGBuildup
11378,Máximo Perrone,2025,,DMC,6,485,1,1,0.4072293527424335,0.2060820572078228,3,3,2,0,1,0.4072293527424335,2.128648065030575,1.5888825450092554
11378,Máximo Perrone,2025,,Sub,1,23,0,0,0.0,0.0,0,0,0,0,0,0.0,0.0,0.0
11378,Máximo Perrone,2024,,DMC,15,1273,0,2,0.8097074758261442,1.244611165486276,7,21,4,0,0,0.8097074758261442,5.381199080497026,3.759792286902666
11378,Máximo Perrone,2024,,MC,5,431,0,1,0.0160387158393859,0.371292931959033,1,3,1,0,0,0.0160387158393859,1.7538544200360775,1.3665227703750134
11378,Máximo Perrone,2024,,Sub,6,162,0,0,0.1199856922030448,0.3439153954386711,2,6,1,0,0,0.1199856922030448,2.497666720300913,2.116332944482565
11378,Máximo Perrone,2023,,MC,18,1381,0,0,0.1271019587293267,0.175723260268569,4,5,4,0,0,0.1271019587293267,2.9605037178844213,2.7354319598525763
11378,Máximo Perrone,2023,,Sub,9,155,0,0,0.0479356069117784,0.1980608608573675,3,4,1,0,0,0.0479356069117784,2.1673859134316444,2.0975066795945168
11378,Máximo Perrone,2023,,DMC,2,107,0,0,0.0,0.0,0,0,1,0,0,0.0,0.093862846493721,0.093862846493721
11378,Máximo Perrone,2022,,Sub,1,17,0,0,0.0,0.0,0,0,0,0,0,0.0,0.0,0.0
