player_id,player_name,season,team,position,games,time,goals,assists,xG,xA,shots,key_passes,yellow,red,npg,npxG,xGChain,xGBuildup
10981,Malcom Adu,2024,,Sub,1,12,0,0,0.0,0.0,0,0,0,0,0,0.0,0.0,0.0
10981,Malcom Adu,2023,,Sub,10,112,0,0,0.0,0.021074978634715,0,1,2,0,0,0.0,0.7965084742754698,0.7754334956407547
10981,Malcom Adu,2023,,AMR,1,64,0,0,0.0357596240937709,0.0,1,0,0,0,0,0.0357596240937709,0.0592795312404632,0.0235199052840471
10981,Malcom Adu,2023,,AML,1,62,0,0,0.0784479975700378,0.0,3,0,0,0,0,0.0784479975700378,0.0387631356716156,0.0
10981,Malcom Adu,2022,,Sub,8,68,0,0,0.0363125363364815,0.1316871326416731,2,3,0,0,0,0.0363125363364815,0.2920263092964887,0.1699718162417411
