player_id,player_name,season,team,position,games,time,goals,assists,xG,xA,shots,key_passes,yellow,red,npg,npxG,xGChain,xGBuildup
10716,Manor Solomon,2025,,ML,1,72,0,0,0.0,0.0,0,0,0,0,0,0.0,0.4727863371372223,0.4727863371372223
10716,Manor Solomon,2025,,Sub,3,29,1,1,0.608427070081234,0.471932552754879,2,2,0,0,1,0.608427070081234,1.7051804065704346,0.6961777210235596
10716,Manor Solomon,2023,,AML,2,156,0,2,0.3568769991397857,0.8803116828203201,6,9,1,0,0,0.3568769991397857,1.763838529586792,0.9190229326486588
10716,Manor Solomon,2023,,Sub,3,38,0,0,0.0326213054358959,0.0532355085015296,1,3,0,0,0,0.0326213054358959,0.2626111283898353,0.2280660271644592
10716,Manor Solomon,2022,,AML,4,318,1,0,0.4248324893414974,0.2232743948698043,3,3,0,0,1,0.4248324893414974,0.5528359040617943,0.4708506017923355
10716,Manor Solomon,2022,,Sub,15,218,3,0,0.6180267464369535,0.1017245324328541,8,3,0,0,3,0.6180267464369535,0.8814844442531466,0.2719767224043607
