player_id,player_name,season,team,position,games,time,goals,assists,xG,xA,shots,key_passes,yellow,red,npg,npxG,xGChain,xGBuildup
11266,Manu Bueno,2025,,Sub,1,8,0,0,0.0956592112779617,0.0,1,0,0,0,0,0.0956592112779617,0.0956592112779617,0.0956592112779617
11266,Manu Bueno,2024,,MC,1,71,1,0,0.0923635959625244,0.0,3,0,0,0,1,0.0923635959625244,0.0521373338997364,0.0
11266,Manu Bueno,2024,,Sub,8,40,0,0,0.0274356864392757,0.0,1,0,0,0,0,0.0274356864392757,0.0913079604506492,0.0638722740113735
11266,Manu Bueno,2023,,MC,1,88,0,0,0.0,0.0326305255293846,0,1,0,0,0,0.0,0.5745768547058105,0.541946291923523
11266,Manu Bueno,2023,,Sub,3,26,0,0,0.01587382145226,0.0353546440601348,1,1,1,0,0,0.01587382145226,0.0896183717995882,0.0383899062871933
11266,Manu Bueno,2022,,DMC,2,151,0,0,0.0189492311328649,0.0440704263746738,1,2,0,0,0,0.0189492311328649,0.1341557167470455,0.0900852903723716
