player_id,player_name,season,team,position,games,time,goals,assists,xG,xA,shots,key_passes,yellow,red,npg,npxG,xGChain,xGBuildup
11766,Manuel Ugarte,2025,,MC,2,151,0,0,0.0166856367141008,0.0,1,0,0,0,0,0.0166856367141008,0.1464880555868148,0.1298024132847786
11766,Manuel Ugarte,2025,,Sub,5,106,0,0,0.015479695983231,0.0169318187981843,1,1,0,0,0,0.015479695983231,0.0624025203287601,0.0299910064786672
11766,Manuel Ugarte,2024,,MC,19,1429,1,1,0.9589451644569637,0.5549681624397635,16,6,8,0,1,0.9589451644569637,4.507475052960217,3.845005577430129
11766,Manuel Ugarte,2024,,DMC,3,254,0,0,0.0231227539479732,0.5072909593582153,1,1,2,0,0,0.0231227539479732,1.1318165212869644,1.1318165212869644
11766,Manuel Ugarte,2024,,Sub,7,119,0,1,0.1053787469863891,0.553829625248909,2,3,1,0,0,0.1053787469863891,1.5965474620461464,1.076007790863514
11766,Manuel Ugarte,2023,,MC,19,1602,0,1,0.4321953430771827,0.7677224427461624,10,9,4,0,0,0.4321953430771827,10.43718995153904,9.71533416211605
11766,Manuel Ugarte,2023,,DMC,2,180,0,0,0.0,0.1664176173508167,0,2,1,0,0,0.0,1.831528335809708,1.6651107966899872
11766,Manuel Ugarte,2023,,Sub,4,156,0,1,0.0,0.1172193866223096,0,3,0,0,0,0.0,0.5770454928278923,0.5087437964975834
