player_id,player_name,season,team,position,games,time,goals,assists,xG,xA,shots,key_passes,yellow,red,npg,npxG,xGChain,xGBuildup
7603,Marc Guehi,2025,,DC,8,720,1,1,1.066298758611083,1.204563113395125,6,6,0,0,1,1.066298758611083,3.7922285236418247,2.367715734988451
7603,Marc Guehi,2024,,DC,33,2970,3,2,2.812644485384226,2.1218281043693423,13,15,7,1,3,2.812644485384226,8.596746942028403,7.739544311538339
7603,Marc Guehi,2024,,MC,1,90,0,0,0.1482011079788208,0.0130819762125611,2,1,0,0,0,0.1482011079788208,0.0294713210314512,0.0
7603,Marc Guehi,2023,,DC,22,1917,0,1,0.4888940155506134,0.8907990846782923,5,5,2,0,0,0.4888940155506134,6.038358552381396,5.825376553460956
7603,Marc Guehi,2023,,MC,1,80,0,0,0.0,0.0203708242624998,0,1,0,0,0,0.0,0.5781720876693726,0.5781720876693726
7603,Marc Guehi,2023,,Sub,2,24,0,0,0.0,0.0513984523713588,0,1,0,0,0,0.0,0.0513984523713588,0.0513984523713588
7603,Marc Guehi,2022,,DC,37,3330,1,0,1.6622220277786257,0.6576718036085367,14,10,8,0,1,1.6622220277786257,4.7370849046856165,4.268240002915263
7603,Marc Guehi,2021,,DC,36,3227,2,1,2.491802053526044,1.2006488796323538,19,6,4,0,2,2.491802053526044,7.82427760027349,7.775645872578025
