player_id,player_name,season,team,position,games,time,goals,assists,xG,xA,shots,key_passes,yellow,red,npg,npxG,xGChain,xGBuildup
10932,Marcos Antônio,2022,,MC,6,433,0,1,0.3345594108104706,0.4086219370365143,2,2,0,0,0,0.3345594108104706,3.130376480519772,2.795817159116268
10932,Marcos Antônio,2022,,Sub,10,143,1,0,0.548675000667572,0.0212123673409223,1,1,2,0,1,0.548675000667572,0.934715187177062,0.3648278173059225
