player_id,player_name,season,team,position,games,time,goals,assists,xG,xA,shots,key_passes,yellow,red,npg,npxG,xGChain,xGBuildup
10999,Marcão,2025,,DC,5,450,0,0,0.3352418858557939,0.0,6,0,1,0,0,0.3352418858557939,1.102104976773262,1.102104976773262
10999,Marcão,2025,,Sub,2,8,0,0,0.0,0.0,0,0,0,0,0,0.0,0.0,0.0
10999,Marcão,2024,,DC,6,519,0,0,0.0,0.0,0,0,1,1,0,0.0,0.4517691787332296,0.4517691787332296
10999,Marcão,2024,,Sub,6,28,0,0,0.0,0.0,0,0,3,0,0,0.0,0.0791286220774054,0.0791286220774054
10999,Marcão,2023,,DC,3,252,0,0,0.0,0.3002846240997314,0,1,1,0,0,0.0,0.9011388868093492,0.9011388868093492
10999,Marcão,2023,,Sub,4,89,0,0,0.0,0.0,0,0,1,0,0,0.0,0.2850679624825716,0.2850679624825716
10999,Marcão,2022,,DC,4,360,0,0,0.0,0.0,0,0,2,0,0,0.0,0.471064799465239,0.471064799465239
10999,Marcão,2022,,Sub,1,11,0,0,0.0,0.0,0,0,0,0,0,0.0,0.0,0.0
