player_id,player_name,season,team,position,games,time,goals,assists,xG,xA,shots,key_passes,yellow,red,npg,npxG,xGChain,xGBuildup
12883,Marc Domenech,2025,,AMR,2,129,0,1,0.0385925993323326,0.4367350935935974,1,1,0,0,0,0.0385925993323326,0.4753276705741882,0.0
12883,Marc Domenech,2025,,Sub,4,66,0,0,0.0783620849251747,0.0680341944098472,2,1,0,0,0,0.0783620849251747,0.1786238029599189,0.0512349978089332
12883,Marc Domenech,2024,,AML,2,111,0,0,0.0508354716002941,0.0110001908615231,2,1,0,0,0,0.0508354716002941,0.6816215291619301,0.6197858452796936
12883,Marc Domenech,2024,,Sub,7,109,0,0,0.2534226719290018,0.2047999761998653,5,4,0,0,0,0.2534226719290018,0.3605646714568138,0.0
12883,Marc Domenech,2024,,FW,1,77,0,0,0.4389843642711639,0.0,1,0,0,0,0,0.4389843642711639,0.0910145714879036,0.0910145714879036
