player_id,player_name,season,team,position,games,time,goals,assists,xG,xA,shots,key_passes,yellow,red,npg,npxG,xGChain,xGBuildup
12932,Marco Komenda,2024,,DC,14,1173,0,0,0.0325876260176301,0.4972275318577885,2,7,3,0,0,0.0325876260176301,5.023319222033024,4.512938745319843
12932,Marco Komenda,2024,,DML,1,78,0,0,0.0,0.0538930296897888,0,1,0,0,0,0.0,0.0720840021967887,0.0181909687817096
12932,Marco Komenda,2024,,DL,1,49,0,0,0.0135688399896025,0.0,1,0,0,0,0,0.0135688399896025,0.1004360765218734,0.0868672356009483
12932,Marco Komenda,2024,,Sub,2,10,0,0,0.0,0.0,0,0,0,0,0,0.0,0.5851869583129883,0.5851869583129883
