player_id,player_name,season,team,position,games,time,goals,assists,xG,xA,shots,key_passes,yellow,red,npg,npxG,xGChain,xGBuildup
13158,Marius Courcoul,2025,,MC,1,50,0,0,0.0,0.0,0,0,0,0,0,0.0,0.0,0.0
13158,Marius Courcoul,2025,,Sub,4,35,0,0,0.0,0.0547398971393704,0,2,0,0,0,0.0,0.1122495541349053,0.0575096569955349
13158,Marius Courcoul,2024,,MC,3,244,0,0,0.0598311349749565,0.0417022667825222,3,1,0,0,0,0.0598311349749565,0.4375119507312774,0.3982678726315498
13158,Marius Courcoul,2024,,Sub,5,52,0,0,0.0,0.0,0,0,0,0,0,0.0,0.0,0.0
