player_id,player_name,season,team,position,games,time,goals,assists,xG,xA,shots,key_passes,yellow,red,npg,npxG,xGChain,xGBuildup
11042,Marko Milovanovic,2023,,Sub,9,155,1,0,0.7669462822377682,0.0872660875320434,4,1,0,0,1,0.7669462822377682,1.2362915389239788,0.4471944868564605
11042,Marko Milovanovic,2023,,FW,2,124,0,0,0.0252063311636447,0.0880329310894012,1,1,0,0,0,0.0252063311636447,0.6430270709097385,0.5297878384590149
11042,Marko Milovanovic,2022,,Sub,2,13,0,0,0.0545378997921943,0.0,1,0,1,0,0,0.0545378997921943,0.0,0.0
