player_id,player_name,season,team,position,games,time,goals,assists,xG,xA,shots,key_passes,yellow,red,npg,npxG,xGChain,xGBuildup
12842,Mark McKenzie,2025,,DC,7,630,0,0,0.0,0.2002891935408115,0,2,2,0,0,0.0,0.7159015312790871,0.515612319111824
12842,Mark McKenzie,2025,,Sub,1,23,0,0,0.0,0.0,0,0,0,0,0,0.0,0.4756304621696472,0.4756304621696472
12842,Mark McKenzie,2024,,DC,29,2486,1,1,1.791058113798499,0.4668611120432615,8,4,1,1,1,1.791058113798499,8.477668391540647,8.392160452902317
12842,Mark McKenzie,2024,,Sub,1,18,0,0,0.0,0.0,0,0,0,0,0,0.0,0.0,0.0
