player_id,player_name,season,team,position,games,time,goals,assists,xG,xA,shots,key_passes,yellow,red,npg,npxG,xGChain,xGBuildup
11035,Marquinhos,2023,,Sub,6,86,0,0,0.1143381297588348,1.0209415145218372,4,5,0,0,0,0.1143381297588348,1.4474652167409658,0.7456805892288685
11035,Marquinhos,2023,,AMR,1,61,0,0,0.1258637458086013,0.0,1,0,0,0,0,0.1258637458086013,0.3947478532791137,0.2688841223716736
11035,Marquinhos,2022,,Sub,1,1,0,0,0.0,0.0,0,0,0,0,0,0.0,0.0,0.0
