player_id,player_name,season,team,position,games,time,goals,assists,xG,xA,shots,key_passes,yellow,red,npg,npxG,xGChain,xGBuildup
7838,Martin Valjent,2025,,DC,9,810,0,0,0.1985369175672531,0.0,7,0,0,0,0,0.1985369175672531,1.934436183422804,1.7497262945398688
7838,Martin Valjent,2024,,DC,31,2773,3,0,0.9961849488317966,0.124384019523859,12,4,4,0,3,0.9961849488317966,4.728357254527509,4.529047730378807
7838,Martin Valjent,2023,,DC,28,2376,0,1,0.2804082296788692,0.7641149433329701,9,7,5,0,0,0.2804082296788692,3.387194753624499,2.823629103600979
7838,Martin Valjent,2022,,DC,30,2663,0,0,0.2314129825681448,0.6158813796937466,6,3,8,0,0,0.2314129825681448,4.363023828715086,4.289631552994251
7838,Martin Valjent,2021,,DC,36,3183,0,0,0.3135232999920845,0.4681521952152252,10,6,4,0,0,0.3135232999920845,4.310011922381818,3.733486832119525
7838,Martin Valjent,2019,,DC,36,3192,0,0,0.4403956076130271,0.9237706754356624,15,5,6,0,0,0.4403956076130271,4.993543159216642,4.869200080633164
