player_id,player_name,season,team,position,games,time,goals,assists,xG,xA,shots,key_passes,yellow,red,npg,npxG,xGChain,xGBuildup
2053,Martin Erlic,2024,,DC,5,297,0,0,0.2383443117141723,0.0,6,0,0,0,0,0.2383443117141723,0.1023738905787468,0.0908693708479404
2053,Martin Erlic,2024,,Sub,3,29,0,0,0.0,0.0,0,0,0,0,0,0.0,0.0,0.0
2053,Martin Erlic,2023,,DC,31,2596,1,0,1.2599187605082989,0.0,8,0,5,0,1,1.2599187605082989,3.7084224950522175,3.7084224950522175
2053,Martin Erlic,2023,,Sub,1,41,0,0,0.0,0.0,0,0,0,0,0,0.0,0.049066100269556,0.049066100269556
2053,Martin Erlic,2022,,DC,26,2308,0,0,0.1989549156278371,0.3690258935093879,4,2,2,0,0,0.1989549156278371,5.846259288489819,5.846259288489819
2053,Martin Erlic,2022,,Sub,2,21,0,0,0.0,0.0,0,0,0,0,0,0.0,0.0617498531937599,0.0617498531937599
2053,Martin Erlic,2021,,DC,30,2588,2,0,2.7529046311974525,0.4516618084162473,15,5,5,0,2,2.7529046311974525,3.6600474109873176,3.509313840419054
2053,Martin Erlic,2020,,DC,19,1688,2,1,0.9438073793426156,0.4853120148181915,7,1,5,0,2,0.9438073793426156,2.1927025448530912,2.1814465429633856
2053,Martin Erlic,2020,,Sub,8,98,1,0,0.5045409798622131,0.0,2,0,1,0,1,0.5045409798622131,0.7017289996147156,0.7017289996147156
