player_id,player_name,season,team,position,games,time,goals,assists,xG,xA,shots,key_passes,yellow,red,npg,npxG,xGChain,xGBuildup
11916,Marvin Mehlem,2023,,MC,11,881,3,2,1.5584757141768932,1.025501862168312,11,14,3,0,3,1.5584757141768932,4.679780390113592,2.229950588196516
11916,Marvin Mehlem,2023,,AMC,8,636,0,0,1.4693147782236338,0.3124211393296718,12,8,0,0,0,1.4693147782236338,2.3156144814565778,0.8363800402730703
11916,Marvin Mehlem,2023,,Sub,1,21,0,0,0.0,0.0,0,0,0,0,0,0.0,0.0,0.0
