player_id,player_name,season,team,position,games,time,goals,assists,xG,xA,shots,key_passes,yellow,red,npg,npxG,xGChain,xGBuildup
2385,Mat Ryan,2025,,GK,7,630,0,0,0,0.0,0,0,1,0,0,0,0.4501182436943054,0.4501182436943054
2385,Mat Ryan,2024,,GK,14,1260,0,0,0,0.0,0,0,0,0,0,0,2.6335456520318985,2.6335456520318985
2385,Mat Ryan,2021,,GK,3,270,0,0,0,0.0,0,0,0,0,0,0,0.0360803008079528,0.0360803008079528
2385,Mat Ryan,2020,,GK,14,1260,0,0,0,0.060327298939228,0,1,1,0,0,0,1.6561840623617172,1.6561840623617172
2385,Mat Ryan,2019,,GK,38,3420,0,0,0,0.0,0,0,0,0,0,0,4.3156101051718,4.3156101051718
2385,Mat Ryan,2018,,GK,34,3060,0,0,0,0.0,0,0,2,0,0,0,0.953547933138907,0.953547933138907
2385,Mat Ryan,2017,,GK,38,3420,0,0,0,0.0,0,0,0,0,0,0,0.6440804554149508,0.6440804554149508
2385,Mat Ryan,2016,,GK,2,180,0,0,0,0.0,0,0,0,0,0,0,0.0520288981497287,0.0520288981497287
2385,Mat Ryan,2015,,GK,8,720,0,0,0,0.0,0,0,0,0,0,0,0.8481715191155672,0.8481715191155672
