player_id,player_name,season,team,position,games,time,goals,assists,xG,xA,shots,key_passes,yellow,red,npg,npxG,xGChain,xGBuildup
13083,Matías Moreno,2025,,DC,5,429,0,0,0.3047850225120783,0.0,2,0,1,0,0,0.3047850225120783,1.2480525858700275,1.2268146388232708
13083,Matías Moreno,2025,,Sub,1,1,0,0,0.0,0.0,0,0,0,0,0,0.0,0.0,0.0
13083,Matías Moreno,2024,,DC,2,128,0,0,0.0,0.0207727458328008,0,1,0,0,0,0.0,0.0207727458328008,0.0207727458328008
13083,Matías Moreno,2024,,Sub,2,16,0,0,0.0,0.0240513887256383,0,1,0,0,0,0.0,0.0406466126441955,0.0165952257812023
