player_id,player_name,season,team,position,games,time,goals,assists,xG,xA,shots,key_passes,yellow,red,npg,npxG,xGChain,xGBuildup
4381,Mateusz Klich,2022,,Sub,14,224,0,0,0.1730077974498272,0.2886551991105079,4,5,2,0,0,0.1730077974498272,1.2394929844886065,0.9285477884113787
4381,Mateusz Klich,2021,,MC,12,894,0,2,1.0261496752500534,1.0685603227466345,14,19,0,0,0,1.0261496752500534,4.041031140834093,2.3760288432240486
4381,Mateusz Klich,2021,,DMC,11,769,0,0,0.3383138999342918,0.5384903978556395,8,6,1,0,0,0.3383138999342918,2.016960896551609,1.2389518916606903
4381,Mateusz Klich,2021,,AMC,3,246,1,0,0.9711370021104812,0.257519006729126,12,6,1,0,1,0.9711370021104812,1.2771480083465576,0.3176109939813614
4381,Mateusz Klich,2021,,Sub,7,208,0,0,0.3663905011489987,0.0480076000094413,8,1,3,0,0,0.3663905011489987,1.6302570588886738,1.4441927932202816
4381,Mateusz Klich,2020,,MC,25,1984,4,4,2.767141320277005,2.8419414702802896,32,35,4,0,2,1.2448031050153077,11.638619631528854,8.322745595127344
4381,Mateusz Klich,2020,,AMC,2,180,0,1,0.0,0.7317320257425308,0,7,1,0,0,0.0,0.6328140050172806,0.0369989015161991
4381,Mateusz Klich,2020,,Sub,7,150,0,0,0.220065202564001,0.0771755017340183,3,2,1,0,0,0.220065202564001,1.2868227288126943,0.9895826270803808
4381,Mateusz Klich,2020,,DMC,1,90,0,0,0.0127528999000787,0.0,1,0,0,0,0,0.0127528999000787,1.0498600006103516,1.0371099710464478
