player_id,player_name,season,team,position,games,time,goals,assists,xG,xA,shots,key_passes,yellow,red,npg,npxG,xGChain,xGBuildup
10781,Mateusz Wieteska,2024,,DC,1,90,0,0,0.3743296265602112,0.0,1,0,0,0,0,0.3743296265602112,0.0278651248663663,0.0278651248663663
10781,Mateusz Wieteska,2024,,Sub,4,80,0,0,0.0,0.1158414855599403,0,1,1,0,0,0.0,0.1742993220686912,0.0584578365087509
10781,Mateusz Wieteska,2023,,DC,12,1029,1,1,0.3257330190390348,0.5759464874863625,6,4,3,1,1,0.3257330190390348,2.252440683543682,1.9674060037359595
10781,Mateusz Wieteska,2023,,Sub,9,105,0,0,0.0283701326698064,0.0,1,0,0,0,0,0.0283701326698064,0.0968425348401069,0.0968425348401069
10781,Mateusz Wieteska,2022,,DC,35,3127,0,1,2.2902032490819693,0.711905213072896,16,3,7,1,0,2.2902032490819693,6.617553901858628,6.603171699680388
