player_id,player_name,season,team,position,games,time,goals,assists,xG,xA,shots,key_passes,yellow,red,npg,npxG,xGChain,xGBuildup
11990,Mateus Lusuardi,2025,,DC,3,202,0,0,0.1197365634143352,0.1444711238145828,4,1,1,0,0,0.1197365634143352,0.1128613799810409,0.1128613799810409
11990,Mateus Lusuardi,2023,,DC,2,180,0,0,0.0472821108996868,0.0,1,0,1,0,0,0.0472821108996868,0.2722821794450283,0.2722821794450283
11990,Mateus Lusuardi,2023,,DL,1,49,0,0,0.0,0.0,0,0,0,0,0,0.0,0.0,0.0
11990,Mateus Lusuardi,2023,,Sub,1,1,0,0,0.0,0.0,0,0,0,0,0,0.0,0.0,0.0
