player_id,player_name,season,team,position,games,time,goals,assists,xG,xA,shots,key_passes,yellow,red,npg,npxG,xGChain,xGBuildup
9936,Matheus Henrique,2023,,DMC,17,1514,2,2,2.884714345447719,1.075150498189032,15,20,4,0,2,2.884714345447719,6.510832730680704,3.1257477942854166
9936,Matheus Henrique,2023,,MC,10,899,0,0,0.4266705177724361,0.5491285882890224,3,12,2,1,0,0.4266705177724361,1.6896630320698025,1.0359380915760994
9936,Matheus Henrique,2023,,Sub,4,89,0,0,0.0363100655376911,0.1558466628193855,1,4,0,0,0,0.0363100655376911,0.3255055844783783,0.2305268943309784
9936,Matheus Henrique,2022,,MC,21,1710,3,0,3.606018491089344,1.3819194063544271,23,23,4,0,3,3.606018491089344,7.625580817461014,2.856070375069976
9936,Matheus Henrique,2022,,Sub,9,248,1,1,0.1984376534819603,0.1585687287151813,2,4,0,0,1,0.1984376534819603,0.712575763463974,0.4271668344736099
9936,Matheus Henrique,2021,,MC,6,463,0,1,0.1280769035220146,0.4763175118714571,4,4,1,0,0,0.1280769035220146,2.0832446217536926,1.556802827864885
9936,Matheus Henrique,2021,,DMC,4,317,0,0,0.0203422997146844,0.2218502946197986,1,3,1,0,0,0.0203422997146844,1.246624380350113,1.0440424978733065
9936,Matheus Henrique,2021,,Sub,15,271,0,0,0.1281099990010261,0.3431282062083483,3,7,1,0,0,0.1281099990010261,1.847335948608816,1.4956656666472554
