player_id,player_name,season,team,position,games,time,goals,assists,xG,xA,shots,key_passes,yellow,red,npg,npxG,xGChain,xGBuildup
10710,Mathieu Coutadeur,2022,,MC,20,1753,0,0,0.0502117983996868,0.9199739890173078,3,10,1,0,0,0.0502117983996868,3.911663453094661,3.730132657103241
10710,Mathieu Coutadeur,2022,,DMC,2,152,0,0,0.0,0.0,0,0,1,0,0,0.0,0.0334948003292083,0.0334948003292083
10710,Mathieu Coutadeur,2022,,Sub,5,59,0,0,0.0086442697793245,0.0,1,0,0,0,0,0.0086442697793245,0.1669780015945434,0.1583340018987655
