player_id,player_name,season,team,position,games,time,goals,assists,xG,xA,shots,key_passes,yellow,red,npg,npxG,xGChain,xGBuildup
12152,Matheus França,2024,,Sub,4,45,1,0,0.4079460725188255,0.0,6,0,0,0,1,0.4079460725188255,0.5714588239789009,0.1635127514600753
12152,Matheus França,2023,,Sub,9,110,0,1,0.1634665546007454,0.741845490410924,5,5,1,0,0,0.1634665546007454,0.875422103330493,0.5917453020811081
12152,Matheus França,2023,,AML,1,87,0,0,0.128116101026535,0.1221184581518173,3,1,0,0,0,0.128116101026535,0.2502345740795135,0.0
