player_id,player_name,season,team,position,games,time,goals,assists,xG,xA,shots,key_passes,yellow,red,npg,npxG,xGChain,xGBuildup
12808,Mathis Amougou,2025,,MC,2,124,0,0,0.035762682557106,0.0589719004929065,1,1,0,0,0,0.035762682557106,0.0947345793247222,0.035762682557106
12808,Mathis Amougou,2025,,Sub,1,13,0,0,0.0913275256752967,0.0,1,0,0,0,0,0.0913275256752967,0.0913275256752967,0.0
12808,Mathis Amougou,2024,,MC,8,621,0,0,0.424521129578352,0.1066125482320785,7,2,2,0,0,0.424521129578352,1.5497498139739037,1.16351911239326
12808,Mathis Amougou,2024,,Sub,9,135,0,0,0.0,0.2531526461243629,0,5,0,0,0,0.0,0.3154361881315708,0.1437936276197433
12808,Mathis Amougou,2024,,DMC,1,89,0,0,0.0,0.0,0,0,0,0,0,0.0,0.0777245461940765,0.0777245461940765
