player_id,player_name,season,team,position,games,time,goals,assists,xG,xA,shots,key_passes,yellow,red,npg,npxG,xGChain,xGBuildup
9892,Matias Viña,2023,,DL,13,972,0,2,0.3592149438336491,1.2761561684310436,8,15,1,0,0,0.3592149438336491,3.481733580119908,2.482716388069093
9892,Matias Viña,2023,,Sub,2,75,0,1,0.0,0.0647905394434928,0,1,0,0,0,0.0,0.0,0.0
9892,Matias Viña,2022,,DL,3,219,1,0,0.3143389970064163,0.0,5,0,0,0,1,0.3143389970064163,0.4262706786394119,0.1860145628452301
9892,Matias Viña,2022,,DML,3,191,1,0,0.4019914343953132,0.2471261546015739,3,3,1,0,1,0.4019914343953132,0.6260431557893753,0.1135726496577262
9892,Matias Viña,2022,,Sub,9,99,0,0,0.0366452671587467,0.0,1,0,0,0,0,0.0366452671587467,0.7085421532392502,0.6718968860805035
9892,Matias Viña,2021,,DL,11,919,0,1,0.3482599090784788,0.4357960065826773,6,8,1,0,0,0.3482599090784788,2.92576752230525,2.354587784968317
9892,Matias Viña,2021,,ML,5,363,0,0,0.1235366985201835,0.1945810988545417,3,2,0,0,0,0.1235366985201835,0.4935334976762533,0.1754155997186899
9892,Matias Viña,2021,,DML,2,180,0,0,0.14376200735569,0.5811740159988403,2,1,1,0,0,0.14376200735569,1.4381643868982792,0.7132293917238712
9892,Matias Viña,2021,,Sub,8,106,0,0,0.0911215022206306,0.0,1,0,0,0,0,0.0911215022206306,0.4683639071881771,0.3772419057786464
