player_id,player_name,season,team,position,games,time,goals,assists,xG,xA,shots,key_passes,yellow,red,npg,npxG,xGChain,xGBuildup
12945,Mats Pannewig,2024,,MC,2,127,0,0,0.0328404456377029,0.0683701187372207,1,1,0,0,0,0.0328404456377029,0.4460082352161407,0.3447976559400558
12945,Mats Pannewig,2024,,Sub,12,116,0,0,0.3424581987783313,0.0,8,0,1,0,0,0.3424581987783313,0.4280384741723537,0.1615327969193458
