player_id,player_name,season,team,position,games,time,goals,assists,xG,xA,shots,key_passes,yellow,red,npg,npxG,xGChain,xGBuildup
11959,Matteo Prati,2025,,MC,6,440,0,0,0.2388057000935077,0.6561147272586823,5,5,1,0,0,0.2388057000935077,1.0576649736613035,0.613153038546443
11959,Matteo Prati,2025,,Sub,1,47,0,0,0.0,0.0,0,0,0,0,0,0.0,0.1538933515548706,0.1538933515548706
11959,Matteo Prati,2024,,MC,8,537,0,0,0.0431844154372811,0.3672561757266521,2,4,1,0,0,0.0431844154372811,1.099348958581686,0.9276963248848916
11959,Matteo Prati,2024,,Sub,4,42,0,0,0.0304681444540619,0.1349073834717273,2,2,0,0,0,0.0304681444540619,0.1205258108675479,0.0561439506709575
11959,Matteo Prati,2023,,MC,16,1405,0,0,1.7781103514134884,0.2640716014429927,24,10,3,0,0,1.7781103514134884,3.2741908906027675,2.7087694946676493
11959,Matteo Prati,2023,,Sub,7,303,1,0,0.1821557153016328,0.1286671925336122,6,3,1,0,1,0.1821557153016328,0.912715321406722,0.7465545609593391
11959,Matteo Prati,2023,,DMC,3,270,0,1,0.1692543448880314,0.189362496137619,5,1,0,0,0,0.1692543448880314,0.7062463983893394,0.6011743219569325
