player_id,player_name,season,team,position,games,time,goals,assists,xG,xA,shots,key_passes,yellow,red,npg,npxG,xGChain,xGBuildup
12908,Matthias Braunöder,2024,,DMC,2,112,0,0,0.048855721950531,0,1,0,1,1,0,0.048855721950531,0.0412727184593677,0.0412727184593677
12908,Matthias Braunöder,2024,,MC,1,90,0,0,0.0,0,0,0,0,0,0,0.0,0.0,0.0
12908,Matthias Braunöder,2024,,Sub,5,65,0,0,0.0138385910540819,0,1,0,0,0,0,0.0138385910540819,0.0,0.0
