player_id,player_name,season,team,position,games,time,goals,assists,xG,xA,shots,key_passes,yellow,red,npg,npxG,xGChain,xGBuildup
11797,Maxime Colin,2025,,DC,1,90,0,0,0.0,0.0,0,0,0,0,0,0.0,0.0376413688063621,0.0376413688063621
11797,Maxime Colin,2025,,Sub,2,74,0,0,0.0,0.0,0,0,0,0,0,0.0,0.0511022135615348,0.0511022135615348
11797,Maxime Colin,2023,,DR,22,1835,0,0,0.230180736631155,0.68876594863832,6,4,3,0,0,0.230180736631155,2.892052374780178,2.5728819742798805
