player_id,player_name,season,team,position,games,time,goals,assists,xG,xA,shots,key_passes,yellow,red,npg,npxG,xGChain,xGBuildup
9487,Maxime Estève,2025,,DC,8,717,0,0,0.1381386984139681,0.0348956920206546,4,1,0,0,0,0.1381386984139681,0.3234941996634006,0.3045799247920513
9487,Maxime Estève,2023,,DC,26,2189,1,1,0.6738801980391145,0.2588873840868473,13,6,6,1,1,0.6738801980391145,2.9416581206023693,2.8278242722153664
9487,Maxime Estève,2023,,DL,1,86,0,0,0.0,0.0,0,0,1,0,0,0.0,0.0495774559676647,0.0495774559676647
9487,Maxime Estève,2023,,Sub,1,41,0,0,0.0,0.0,0,0,0,0,0,0.0,0.0593277886509895,0.0593277886509895
9487,Maxime Estève,2022,,DC,18,1545,0,0,0.3007557019591331,0.0217300001531839,5,1,3,0,0,0.3007557019591331,1.9210137901827693,1.899283799342811
9487,Maxime Estève,2022,,Sub,5,88,0,0,0.1231620088219642,0.0,1,0,0,0,0,0.1231620088219642,0.3186994045972824,0.3186994045972824
9487,Maxime Estève,2021,,DC,20,1779,0,0,0.7381463795900345,0.1129579991102218,5,1,2,0,0,0.7381463795900345,1.2513285987079144,1.2513285987079144
9487,Maxime Estève,2021,,Sub,4,68,0,0,0.0,0.0216764993965625,0,1,0,0,0,0.0,0.3338502035476267,0.3338502035476267
