player_id,player_name,season,team,position,games,time,goals,assists,xG,xA,shots,key_passes,yellow,red,npg,npxG,xGChain,xGBuildup
11841,Maximilian Wittek,2024,,DL,12,981,0,0,1.1192880980670452,1.9061231650412085,23,20,5,0,0,1.1192880980670452,4.890295937657356,2.6393819265067577
11841,Maximilian Wittek,2024,,DML,10,842,0,0,0.3918254282325506,0.6110870782285929,11,12,1,0,0,0.3918254282325506,1.7938949093222618,1.3180409260094166
11841,Maximilian Wittek,2024,,ML,5,450,0,0,0.1755916941910982,0.5329243242740631,5,6,0,0,0,0.1755916941910982,1.7357651814818382,1.5996621251106262
11841,Maximilian Wittek,2024,,DC,4,360,0,0,0.0362846162170171,0.2576010543853044,2,6,0,0,0,0.0362846162170171,0.4881476014852524,0.2378197684884071
11841,Maximilian Wittek,2024,,Sub,1,11,0,0,0.0,0.0,0,0,1,0,0,0.0,0.0,0.0
11841,Maximilian Wittek,2023,,AML,5,411,3,0,1.0676981769502163,0.3576221242547035,10,6,1,0,3,1.0676981769502163,1.5053144991397858,0.318552702665329
11841,Maximilian Wittek,2023,,DML,6,380,0,1,0.1288213692605495,0.2805791087448597,8,9,0,0,0,0.1288213692605495,1.1676020398736,1.0350911300629375
11841,Maximilian Wittek,2023,,DL,2,180,0,0,0.0754104889929294,0.1068903058767318,5,3,1,0,0,0.0754104889929294,0.1181404255330562,0.0538649335503578
11841,Maximilian Wittek,2023,,Sub,8,89,0,0,0.0718945749104023,0.2750665787607431,3,6,2,0,0,0.0718945749104023,0.5738974586129189,0.3228731006383896
