player_id,player_name,season,team,position,games,time,goals,assists,xG,xA,shots,key_passes,yellow,red,npg,npxG,xGChain,xGBuildup
13711,Maxim De Cuyper,2025,,DL,4,272,0,0,0.0,0.0352411791682243,0,2,1,0,0,0.0,1.0076555907726288,0.9854227900505066
13711,Maxim De Cuyper,2025,,Sub,3,76,1,0,0.5555662959814072,0.1297849416732788,3,1,0,0,1,0.5555662959814072,0.1570477113127708,0.1096455082297325
