player_id,player_name,season,team,position,games,time,goals,assists,xG,xA,shots,key_passes,yellow,red,npg,npxG,xGChain,xGBuildup
9963,Maximiliano Caufriez,2024,,DC,1,90,0,0,0.0,0.0,0,0,0,0,0,0.0,0.0,0.0
9963,Maximiliano Caufriez,2023,,DC,20,1686,0,1,0.2216372434049844,0.1907353671267628,6,9,5,3,0,0.2216372434049844,2.3175756316632032,2.1690973164513707
9963,Maximiliano Caufriez,2022,,DC,25,2205,1,0,0.6794941537082195,0.0,14,0,8,1,1,0.6794941537082195,5.193271500989795,5.047922788187861
9963,Maximiliano Caufriez,2022,,Sub,2,43,0,0,0.0,0.0,0,0,0,0,0,0.0,0.1016099974513053,0.1016099974513053
9963,Maximiliano Caufriez,2021,,DC,12,1009,0,0,0.0479955002665519,0.1902353037148714,2,4,3,1,0,0.0479955002665519,1.4969129990786314,1.3150519989430904
9963,Maximiliano Caufriez,2021,,DR,3,242,0,0,0.0882973968982696,0.4391519026830792,1,2,0,1,0,0.0882973968982696,0.7815240100026131,0.3423725999891758
9963,Maximiliano Caufriez,2021,,Sub,2,14,0,0,0.0,0.0,0,0,1,0,0,0.0,0.279118001461029,0.279118001461029
