player_id,player_name,season,team,position,games,time,goals,assists,xG,xA,shots,key_passes,yellow,red,npg,npxG,xGChain,xGBuildup
12780,Mehdi Taremi,2024,,FW,7,513,0,2,1.2659114114940166,1.6898191198706627,7,12,0,0,0,1.2659114114940166,4.034112274646759,1.235269706696272
12780,Mehdi Taremi,2024,,Sub,19,268,1,0,2.059211164712906,0.1395143382251262,7,3,1,0,0,1.297912321984768,2.354089826345444,1.05674815364182
