player_id,player_name,season,team,position,games,time,goals,assists,xG,xA,shots,key_passes,yellow,red,npg,npxG,xGChain,xGBuildup
9178,Merveille Papela,2023,,DMC,1,75,0,0,0.0320968776941299,0.04062470048666,1,1,0,0,0,0.0320968776941299,0.0727215781807899,0.0
9178,Merveille Papela,2023,,Sub,8,64,0,0,0.0165054202079772,0.4805937111377716,1,1,1,0,0,0.0165054202079772,0.621811717748642,0.6053062975406647
9178,Merveille Papela,2023,,MC,1,64,0,0,0.0454137064516544,0.0137439416721463,1,1,0,0,0,0.0454137064516544,0.0591576471924781,0.0
9178,Merveille Papela,2023,,DMR,1,61,0,0,0.3498598039150238,0.0,1,0,0,0,0,0.3498598039150238,0.7704879641532898,0.420628160238266
9178,Merveille Papela,2021,,Sub,5,71,0,0,0.0157338995486497,0.0,1,0,0,0,0,0.0157338995486497,0.0157338995486497,0.0
9178,Merveille Papela,2020,,Sub,1,1,0,0,0.0,0.0,0,0,0,0,0,0.0,0.0,0.0
