player_id,player_name,season,team,position,games,time,goals,assists,xG,xA,shots,key_passes,yellow,red,npg,npxG,xGChain,xGBuildup
4848,Michael Frey,2022,,FW,10,768,0,3,0.8109058951959014,2.024816036224365,18,9,2,0,0,0.8109058951959014,3.4159344509243965,0.6457106284797192
4848,Michael Frey,2022,,Sub,5,109,0,0,1.1484318226575851,0.071041002869606,10,1,0,0,0,1.1484318226575851,1.1031414195895195,0.0
4848,Michael Frey,2014,,FW,6,507,2,0,0.9735831115394832,0.5393264079466462,9,9,1,0,2,0.9735831115394832,1.5073716808110476,0.4518870189785957
4848,Michael Frey,2014,,Sub,8,171,0,0,0.2695599962025881,0.1395347993820905,4,2,1,0,0,0.2695599962025881,0.9993879869580268,0.5902933795005083
4848,Michael Frey,2014,,FWR,1,17,0,0,0.0,0.0,0,0,0,0,0,0.0,0.0,0.0
