player_id,player_name,season,team,position,games,time,goals,assists,xG,xA,shots,key_passes,yellow,red,npg,npxG,xGChain,xGBuildup
9887,Michael Svoboda,2024,,DC,15,1291,1,0,0.1870584022253751,0.4492136985063553,3,4,1,0,1,0.1870584022253751,3.28065818361938,3.1747253220528364
9887,Michael Svoboda,2024,,Sub,1,20,0,0,0.0130407819524407,0.5108163952827454,1,1,0,0,0,0.0130407819524407,0.5108163952827454,0.5108163952827454
9887,Michael Svoboda,2021,,DC,13,1113,0,0,0.8052030205726624,0.0,5,0,2,1,0,0.8052030205726624,3.013260094448924,3.013260094448924
9887,Michael Svoboda,2021,,Sub,5,115,0,0,0.2224420011043548,0.0,2,0,0,0,0,0.2224420011043548,0.0370430983603,0.0370430983603
