player_id,player_name,season,team,position,games,time,goals,assists,xG,xA,shots,key_passes,yellow,red,npg,npxG,xGChain,xGBuildup
11036,Michele Castagnetti,2022,,MC,9,668,0,0,0.1583752036094665,0.4346456415951252,5,8,0,0,0,0.1583752036094665,2.34561051428318,2.106691718101501
11036,Michele Castagnetti,2022,,DMC,5,385,0,0,0.218688590452075,0.4775677546858787,4,9,1,0,0,0.218688590452075,0.5097423084080219,0.1190906725823879
11036,Michele Castagnetti,2022,,Sub,13,349,0,1,0.0965062174946069,0.8604461625218391,3,8,1,0,0,0.0965062174946069,1.8683796022087336,1.1849301122128963
