player_id,player_name,season,team,position,games,time,goals,assists,xG,xA,shots,key_passes,yellow,red,npg,npxG,xGChain,xGBuildup
10890,Michele Di Gregorio,2025,,GK,7,630,0,0,0,0.0,0,0,0,0,0,0,0.2340227346867323,0.2340227346867323
10890,Michele Di Gregorio,2024,,GK,33,2970,0,0,0,0.3083939254283905,0,1,0,0,0,0,3.53214343264699,3.53214343264699
10890,Michele Di Gregorio,2023,,GK,33,2872,0,0,0,0.0,0,0,0,0,0,0,5.725842714309692,5.725842714309692
10890,Michele Di Gregorio,2022,,GK,37,3330,0,1,0,0.1993340104818344,0,1,0,0,0,0,3.494345225393772,3.295011229813099
