player_id,player_name,season,team,position,games,time,goals,assists,xG,xA,shots,key_passes,yellow,red,npg,npxG,xGChain,xGBuildup
10050,Micky van de Ven,2025,,DC,8,713,1,0,0.6268071625381708,0.1233854927122592,5,2,2,0,1,0.6268071625381708,1.9121844973415136,1.9121844973415136
10050,Micky van de Ven,2024,,DC,12,1003,0,2,0.7710057385265827,1.1784075498580933,6,2,4,0,0,0.7710057385265827,5.81458580493927,4.6361783146858215
10050,Micky van de Ven,2024,,Sub,1,28,0,0,0.0,0.0,0,0,0,0,0,0.0,0.01373952627182,0.01373952627182
10050,Micky van de Ven,2023,,DC,25,2165,3,0,0.9709036685526372,0.0354084856808185,8,1,5,0,3,0.9709036685526372,10.223746405914426,10.040895657613872
10050,Micky van de Ven,2023,,DL,2,180,0,0,0.0,0.0,0,0,0,0,0,0.0,0.3821153864264488,0.3821153864264488
10050,Micky van de Ven,2022,,DC,29,2610,1,1,1.3219706201925874,1.5724412687122822,16,5,3,0,1,1.3219706201925874,7.588461617939174,7.298216842114925
10050,Micky van de Ven,2022,,DL,4,360,0,0,0.0,0.0564845018088817,0,1,2,0,0,0.0,1.4472796618938446,1.3907956182956696
10050,Micky van de Ven,2021,,DL,2,143,0,1,0.0,0.6503440141677856,0,1,0,0,0,0.0,0.6503440141677856,0.0
10050,Micky van de Ven,2021,,Sub,3,44,0,0,0.0,0.0,0,0,0,0,0,0.0,0.1044100001454353,0.1044100001454353
