player_id,player_name,season,team,position,games,time,goals,assists,xG,xA,shots,key_passes,yellow,red,npg,npxG,xGChain,xGBuildup
12530,Mikayil Faye,2025,,Sub,2,36,0,0,0.0,0.0,0,0,0,0,0,0.0,0.1205417215824127,0.1205417215824127
12530,Mikayil Faye,2024,,DC,7,540,0,0,0.2133091790601611,0.0,6,0,0,1,0,0.2133091790601611,0.7344910651445389,0.6650322526693344
12530,Mikayil Faye,2024,,Sub,4,161,0,0,0.0,0.0261528939008712,0,1,1,0,0,0.0,0.507129468023777,0.4809765741229057
