player_id,player_name,season,team,position,games,time,goals,assists,xG,xA,shots,key_passes,yellow,red,npg,npxG,xGChain,xGBuildup
10224,Mika Mármol,2024,,DL,20,1800,0,1,0.2204277515411377,1.4932527411729095,6,15,3,0,0,0.2204277515411377,5.349221736192703,4.738982712849975
10224,Mika Mármol,2024,,DC,6,458,0,0,0.2359248995780944,0.0669841319322586,4,1,2,0,0,0.2359248995780944,1.1077070608735085,1.1077070608735085
10224,Mika Mármol,2024,,MC,1,90,0,0,0.0,0.0,0,0,0,0,0,0.0,0.9324005842208862,0.9324005842208862
10224,Mika Mármol,2024,,Sub,3,50,0,0,0.0,0.0,0,0,0,0,0,0.0,0.0781151428818702,0.0781151428818702
10224,Mika Mármol,2023,,DC,34,3013,0,1,0.1459772363305091,0.778977838344872,3,4,4,1,0,0.1459772363305091,6.229285994544625,6.199204419739544
10224,Mika Mármol,2023,,DL,2,180,0,0,0.0,0.0459293574094772,0,1,0,0,0,0.0,0.1253215931355953,0.1253215931355953
10224,Mika Mármol,2021,,Sub,1,1,0,0,0.0,0.0,0,0,0,0,0,0.0,0.0,0.0
