player_id,player_name,season,team,position,games,time,goals,assists,xG,xA,shots,key_passes,yellow,red,npg,npxG,xGChain,xGBuildup
10787,Mikkel Desler,2023,,DR,14,1096,0,1,0.3988607488572597,0.9358554277569056,8,5,2,0,0,0.3988607488572597,2.9789217859506607,2.598981898277998
10787,Mikkel Desler,2023,,DMR,4,277,0,0,0.149659976363182,0.1234071291983127,4,2,0,0,0,0.149659976363182,0.3190342336893081,0.0459671318531036
10787,Mikkel Desler,2023,,Sub,5,97,0,0,0.6010803692042828,0.1459731888025999,4,2,0,0,0,0.6010803692042828,0.301507219672203,0.2188728339970111
10787,Mikkel Desler,2023,,MR,1,90,0,0,0.0,0.0,0,0,0,0,0,0.0,0.0,0.0
10787,Mikkel Desler,2022,,DR,25,2155,1,2,0.9890417149290442,2.9275903292000294,10,16,3,1,1,0.9890417149290442,13.789689373224974,12.033603735268116
10787,Mikkel Desler,2022,,DMR,1,90,0,0,0.0,0.0,0,0,0,0,0,0.0,0.2339099943637848,0.2339099943637848
10787,Mikkel Desler,2022,,Sub,1,26,0,0,0.0559827014803886,0.0,1,0,0,0,0,0.0559827014803886,0.0162663999944925,0.0162663999944925
