player_id,player_name,season,team,position,games,time,goals,assists,xG,xA,shots,key_passes,yellow,red,npg,npxG,xGChain,xGBuildup
11907,Mohamed Daramy,2024,,Sub,2,10,0,0,0.0589403845369815,0.1120384484529495,1,1,0,0,0,0.0589403845369815,0.1709788292646408,0.0589403845369815
11907,Mohamed Daramy,2023,,FW,10,780,2,2,2.707652948796749,1.9311612099409103,14,15,0,0,2,2.707652948796749,4.261755838990212,0.9808223396539688
11907,Mohamed Daramy,2023,,FWL,6,523,0,2,1.559301495552063,0.2417213022708892,10,5,0,0,0,1.559301495552063,2.1462993398308754,1.1291667893528938
11907,Mohamed Daramy,2023,,ML,3,250,0,0,0.0857529006898403,0.1048595011234283,4,1,0,0,0,0.0857529006898403,0.6606333777308464,0.4700209833681583
11907,Mohamed Daramy,2023,,Sub,6,121,3,1,1.746483862400055,0.6378717496991158,4,2,0,0,2,0.986388698220253,2.37528033554554,0.7510198950767517
