player_id,player_name,season,team,position,games,time,goals,assists,xG,xA,shots,key_passes,yellow,red,npg,npxG,xGChain,xGBuildup
13210,Mohamed Meïté,2025,,Sub,5,88,1,1,1.4991185143589971,0.6554758828133345,7,2,0,0,1,1.4991185143589971,1.2347547225654123,0.2320636957883834
13210,Mohamed Meïté,2025,,FW,2,51,0,0,0.0,0.0,0,0,0,0,0,0.0,0.0,0.0
13210,Mohamed Meïté,2024,,FW,5,439,0,0,1.3969285264611244,0.3907247819006443,10,4,0,0,0,1.3969285264611244,2.3825215101242065,0.6780116483569145
13210,Mohamed Meïté,2024,,Sub,7,86,2,0,1.3139488399028778,0.0266821011900901,5,1,0,0,2,1.3139488399028778,0.7922464162111282,0.1095708981156349
