player_id,player_name,season,team,position,games,time,goals,assists,xG,xA,shots,key_passes,yellow,red,npg,npxG,xGChain,xGBuildup
6454,Mohamed Youcef Belaïli,2022,,ML,13,1017,5,2,5.573479570448399,2.8031092025339603,27,19,3,0,0,1.0129118859767914,4.339782524853945,2.4517627116292715
6454,Mohamed Youcef Belaïli,2022,,FW,3,212,1,1,0.3264021947979927,0.1407060027122497,6,2,0,0,1,0.3264021947979927,0.3917611911892891,0.0682898014783859
6454,Mohamed Youcef Belaïli,2022,,FWL,2,135,0,2,0.2148255966603756,0.4824458993971348,3,4,0,0,0,0.2148255966603756,0.4848882053047418,0.3185502085834741
6454,Mohamed Youcef Belaïli,2022,,Sub,4,107,0,0,0.2505527958273887,0.2400530986487865,5,4,2,0,0,0.2505527958273887,0.6653460264205933,0.4658580124378204
6454,Mohamed Youcef Belaïli,2022,,AML,1,73,0,0,0.0194706004112958,0.0,1,0,0,0,0,0.0194706004112958,0.0194706004112958,0.0194706004112958
6454,Mohamed Youcef Belaïli,2021,,ML,6,425,1,1,0.4268528837710619,0.6977074071764946,8,6,1,0,1,0.4268528837710619,0.9695586264133452,0.1884374991059303
6454,Mohamed Youcef Belaïli,2021,,AMC,3,188,0,1,0.9701979756355286,0.6236379742622375,3,2,1,0,0,0.2101030051708221,2.103231966495514,1.5273019671440125
6454,Mohamed Youcef Belaïli,2021,,FWL,2,157,2,0,1.2657869756221771,1.1412829756736755,5,6,0,0,2,1.2657869756221771,2.299179971218109,0.0
6454,Mohamed Youcef Belaïli,2021,,Sub,2,70,0,0,0.0866310000419616,0.2585926949977875,1,4,0,0,0,0.0866310000419616,0.2331149987876415,0.0946955978870391
