player_id,player_name,season,team,position,games,time,goals,assists,xG,xA,shots,key_passes,yellow,red,npg,npxG,xGChain,xGBuildup
12383,Mohamed Bamba,2025,,FW,5,341,1,0,0.7122245095670223,0.530046284198761,5,1,2,0,1,0.7122245095670223,0.7070144265890121,0.0550560988485813
12383,Mohamed Bamba,2025,,Sub,3,70,0,1,0.7182320952415466,0.4958261549472809,1,1,0,0,0,0.7182320952415466,1.21405827999115,0.0
12383,Mohamed Bamba,2023,,FW,13,1036,5,1,5.71428620070219,0.4607264418154955,32,8,3,0,5,5.71428620070219,6.658693369477987,1.4149001613259315
12383,Mohamed Bamba,2023,,AMC,1,90,1,2,1.3075766563415527,1.6461280584335327,3,6,0,0,0,0.5474814772605896,2.2538156509399414,0.0602059364318847
12383,Mohamed Bamba,2023,,Sub,2,37,2,0,0.6811020225286484,0.0,3,0,0,0,2,0.6811020225286484,0.1899396628141403,0.0
