player_id,player_name,season,team,position,games,time,goals,assists,xG,xA,shots,key_passes,yellow,red,npg,npxG,xGChain,xGBuildup
12134,Moritz-Broni Kwarteng,2024,,Sub,7,153,0,0,0.1552143841981887,0.1843577641993761,6,4,1,0,0,0.1552143841981887,1.2329154331237078,0.9355198871344328
12134,Moritz-Broni Kwarteng,2023,,Sub,9,118,0,1,0.6245626024901867,0.3534499956294894,8,3,1,1,0,0.6245626024901867,1.1882981956005096,0.6347060203552246
12134,Moritz-Broni Kwarteng,2023,,FWL,1,72,0,0,0.5842661261558533,0.0204505566507577,3,1,0,0,0,0.5842661261558533,0.6047166585922241,0.0
12134,Moritz-Broni Kwarteng,2023,,ML,1,64,0,0,0.5307021141052246,0.0,3,0,0,0,0,0.5307021141052246,0.1015660911798477,0.0
