player_id,player_name,season,team,position,games,time,goals,assists,xG,xA,shots,key_passes,yellow,red,npg,npxG,xGChain,xGBuildup
11304,Moussa Soumano,2022,,FW,5,326,0,0,0.2987106032669544,0.0800014026463031,2,3,2,0,0,0.2987106032669544,0.4139012955129146,0.0351889990270137
11304,Moussa Soumano,2022,,Sub,9,161,1,0,0.3146526217460632,0.1004482954740524,4,2,1,0,1,0.3146526217460632,0.5253182239830494,0.1102173123508691
