player_id,player_name,season,team,position,games,time,goals,assists,xG,xA,shots,key_passes,yellow,red,npg,npxG,xGChain,xGBuildup
12272,Myles Lewis-Skelly,2025,,Sub,5,66,0,0,0.0,0.0,0,0,1,0,0,0.0,0.0687840059399604,0.0687840059399604
12272,Myles Lewis-Skelly,2024,,DL,15,1234,1,0,0.1530950143933296,0.4991668798029423,2,8,2,1,1,0.1530950143933296,4.918346662074328,4.628653455525637
12272,Myles Lewis-Skelly,2024,,Sub,8,137,0,0,0.101358376443386,0.0,1,0,1,1,0,0.101358376443386,0.5467921681702137,0.4454337991774082
