player_id,player_name,season,team,position,games,time,goals,assists,xG,xA,shots,key_passes,yellow,red,npg,npxG,xGChain,xGBuildup
11013,Naatan Skyttä,2024,,Sub,1,2,0,0,0.0,0.0,0,0,0,0,0,0.0,0.0,0.0
11013,Naatan Skyttä,2023,,Sub,8,97,0,0,0.5021806135773659,0.5789231508970261,5,5,0,0,0,0.5021806135773659,1.302496187388897,0.787348099052906
11013,Naatan Skyttä,2022,,Sub,2,16,0,0,0.0645575001835823,0.0,1,0,0,0,0,0.0645575001835823,0.5125776007771492,0.4480201043188572
