player_id,player_name,season,team,position,games,time,goals,assists,xG,xA,shots,key_passes,yellow,red,npg,npxG,xGChain,xGBuildup
11791,Nabil Alioui,2023,,AMC,5,376,0,0,0.368472034111619,0.596677627414465,7,10,0,0,0,0.368472034111619,0.9952069260179996,0.4017482399940491
11791,Nabil Alioui,2023,,FW,4,277,2,0,0.3262624144554138,0.7763818185776472,6,4,0,0,2,0.3262624144554138,0.534951419569552,0.2086889939382672
11791,Nabil Alioui,2023,,ML,2,153,1,0,0.3188211414963007,0.1065495535731315,2,3,0,0,1,0.3188211414963007,0.5950652454048395,0.2521720826625824
11791,Nabil Alioui,2023,,Sub,6,130,0,1,0.9454405978322028,0.4393060151487589,10,6,1,0,0,0.9454405978322028,1.4359555542469025,0.2075110636651516
11791,Nabil Alioui,2023,,AML,1,90,1,0,0.1937789171934127,0.0522833429276943,3,1,0,0,1,0.1937789171934127,0.1937789171934127,0.0
