player_id,player_name,season,team,position,games,time,goals,assists,xG,xA,shots,key_passes,yellow,red,npg,npxG,xGChain,xGBuildup
9065,Nahuel Estévez,2025,,MC,1,88,0,0,0.0,0.0,0,0,1,0,0,0.0,0.0,0.0
9065,Nahuel Estévez,2025,,Sub,5,17,0,0,0.0797529052942991,0.3821693956851959,2,1,0,0,0,0.0797529052942991,0.1003529541194439,0.0418504253029823
9065,Nahuel Estévez,2024,,DMC,4,245,0,0,0.0660023121163249,0.0807272102683782,3,2,1,0,0,0.0660023121163249,1.0763130653649569,0.9603602886199952
9065,Nahuel Estévez,2024,,Sub,7,233,0,0,0.0305186826735734,0.146232008934021,2,1,1,0,0,0.0305186826735734,0.4223817661404609,0.4054179806262254
9065,Nahuel Estévez,2024,,MC,3,180,0,0,0.0,0.3075875006616115,0,3,0,0,0,0.0,0.4895857572555542,0.2192181274294853
9065,Nahuel Estévez,2020,,MC,19,1555,0,2,1.4977462068200111,1.644096301868558,19,24,6,0,0,1.4977462068200111,5.260037090629339,3.2669942267239094
9065,Nahuel Estévez,2020,,Sub,8,226,0,1,0.5477471137419343,0.7838527699932456,7,4,1,0,0,0.5477471137419343,1.550733880139887,0.7208187133073807
