player_id,player_name,season,team,position,games,time,goals,assists,xG,xA,shots,key_passes,yellow,red,npg,npxG,xGChain,xGBuildup
9274,Naouirou Ahamada,2024,,Sub,3,51,0,0,0.0217296388000249,0.0,1,0,0,0,0,0.0217296388000249,0.0753938257694244,0.0536641851067543
9274,Naouirou Ahamada,2023,,Sub,20,282,0,0,0.5298433359712362,0.0564648136496543,9,1,2,1,0,0.5298433359712362,2.506193021312356,1.9648387469351287
9274,Naouirou Ahamada,2022,,MC,17,1426,2,2,0.6138978954404593,1.1083042230457067,16,16,2,1,2,0.6138978954404593,5.58202375471592,4.412002116441727
9274,Naouirou Ahamada,2022,,Sub,8,73,0,0,0.182050397619605,0.0916864015161991,3,2,1,0,0,0.182050397619605,0.2159352004528045,0.0250358004122972
9274,Naouirou Ahamada,2021,,Sub,3,54,0,0,0.0,0.0,0,0,0,0,0,0.0,0.090287297964096,0.090287297964096
9274,Naouirou Ahamada,2020,,MC,3,133,0,0,0.2139863967895507,0.0,5,0,1,1,0,0.2139863967895507,0.659375973045826,0.445389986038208
9274,Naouirou Ahamada,2020,,Sub,3,119,0,0,0.0,0.0182351991534233,0,1,1,0,0,0.0,0.0391080994158983,0.020872900262475
