player_id,player_name,season,team,position,games,time,goals,assists,xG,xA,shots,key_passes,yellow,red,npg,npxG,xGChain,xGBuildup
11890,Natan,2025,,DC,9,810,0,0,0.22866518702358,0.1633914140984416,5,4,3,0,0,0.22866518702358,2.09494399279356,2.009252183139324
11890,Natan,2024,,DC,23,2070,1,1,0.3200320918112993,0.866259285248816,7,4,5,0,1,0.3200320918112993,3.873109032399952,3.5327224358916283
11890,Natan,2024,,Sub,8,93,0,0,0.1748053836636245,0.4057037234306335,2,1,0,1,0,0.1748053836636245,0.8651999831199646,0.459496259689331
11890,Natan,2023,,DC,7,622,0,0,0.1453984333202242,0.081479150801897,3,2,1,1,0,0.1453984333202242,2.5896768383681774,2.4969289265573025
11890,Natan,2023,,DL,4,273,0,0,0.0452391318976879,0.0554639119654893,1,2,0,0,0,0.0452391318976879,1.0426307767629623,1.0075778812170029
11890,Natan,2023,,Sub,3,68,0,0,0.0646995902061462,0.0,2,0,0,0,0,0.0646995902061462,0.4320307150483131,0.4320307150483131
