player_id,player_name,season,team,position,games,time,goals,assists,xG,xA,shots,key_passes,yellow,red,npg,npxG,xGChain,xGBuildup
9406,Nathan Broadhead,2024,,AML,4,318,1,0,1.0748822763562202,0.2926246337592602,7,4,0,0,1,1.0748822763562202,1.9182528853416445,0.6791724935173988
9406,Nathan Broadhead,2024,,AMC,2,141,1,0,0.4502265453338623,0.1036011055111885,1,1,0,0,1,0.4502265453338623,0.9486597776412964,0.4984332621097564
9406,Nathan Broadhead,2024,,Sub,11,138,0,0,0.2317527625709772,0.0807233899831771,4,1,0,0,0,0.2317527625709772,0.8529063872992992,0.5404302394017577
9406,Nathan Broadhead,2024,,ML,1,80,0,0,0.0714042410254478,0.3616255223751068,1,1,1,0,0,0.0714042410254478,0.512373149394989,0.4409689307212829
9406,Nathan Broadhead,2020,,Sub,1,1,0,0,0.0,0.0,0,0,0,0,0,0.0,0.0,0.0
