player_id,player_name,season,team,position,games,time,goals,assists,xG,xA,shots,key_passes,yellow,red,npg,npxG,xGChain,xGBuildup
11210,Nathan Fraser,2023,,Sub,6,92,0,0,0.1182086318731308,0.0273894686251878,2,1,1,0,0,0.1182086318731308,0.3114965111017227,0.1658984124660492
11210,Nathan Fraser,2023,,FW,1,83,0,0,0.3127199113368988,0.0387046188116073,1,1,0,0,0,0.3127199113368988,0.3514245152473449,0.0
