player_id,player_name,season,team,position,games,time,goals,assists,xG,xA,shots,key_passes,yellow,red,npg,npxG,xGChain,xGBuildup
12104,Neil El Aynaoui,2025,,AMC,1,49,0,0,0.0,0.0,0,0,0,0,0,0.0,0.0,0.0
12104,Neil El Aynaoui,2025,,Sub,4,39,0,0,0.0,0.0925521329045295,0,1,0,0,0,0.0,0.2068049870431423,0.1142528615891933
12104,Neil El Aynaoui,2024,,MC,14,1200,6,1,3.5424205493181944,1.4571703830733895,15,18,2,0,4,2.0222302749753,6.206750061362982,4.548976067453623
12104,Neil El Aynaoui,2024,,DMC,3,252,2,0,1.1350840227678418,0.5997590273618698,3,6,2,0,1,0.3749889032915234,0.8582838326692581,0.4635319672524929
12104,Neil El Aynaoui,2024,,Sub,7,144,0,0,0.042769119143486,0.0,1,0,0,0,0,0.042769119143486,0.6961478963494301,0.6533787772059441
12104,Neil El Aynaoui,2023,,MC,17,1463,0,1,1.050365659408271,1.0035515520721674,16,12,0,0,0,1.050365659408271,5.549049718305469,4.261634260416031
12104,Neil El Aynaoui,2023,,Sub,8,106,1,1,1.516439726576209,0.0800592526793479,6,4,1,0,1,1.516439726576209,1.3911159560084343,0.1551257595419883
