player_id,player_name,season,team,position,games,time,goals,assists,xG,xA,shots,key_passes,yellow,red,npg,npxG,xGChain,xGBuildup
12317,Nhoa Sangui,2025,,DL,3,267,0,0,0.0,0.6987127214670181,0,5,0,0,0,0.0,1.5029394924640656,1.3415266573429108
12317,Nhoa Sangui,2025,,Sub,5,60,0,0,0.1064043119549751,0.0,1,0,0,0,0,0.1064043119549751,0.2631940022110939,0.1567896902561187
12317,Nhoa Sangui,2024,,DL,6,488,0,1,0.0299639999866485,0.0749009326100349,2,1,0,0,0,0.0299639999866485,2.17920795455575,2.1043070293962955
12317,Nhoa Sangui,2024,,Sub,16,284,0,1,0.080063097178936,0.413611639291048,1,3,2,0,0,0.080063097178936,1.0924019841477275,0.5987272439524531
12317,Nhoa Sangui,2024,,DR,2,168,0,0,0.0,0.0692794919013977,0,1,0,0,0,0.0,0.4345612972974777,0.4345612972974777
12317,Nhoa Sangui,2024,,MC,2,140,0,0,0.0,0.0,0,0,1,0,0,0.0,0.1438104137778282,0.1438104137778282
