player_id,player_name,season,team,position,games,time,goals,assists,xG,xA,shots,key_passes,yellow,red,npg,npxG,xGChain,xGBuildup
4335,Nicolai Rapp,2023,,DC,1,77,0,0,0.0,0,0,0,1,0,0,0.0,0.0,0.0
4335,Nicolai Rapp,2023,,Sub,1,3,0,0,0.0,0,0,0,0,0,0,0.0,0.0638681799173355,0.0638681799173355
4335,Nicolai Rapp,2022,,Sub,7,58,0,0,0.0913596004247665,0,1,0,0,0,0,0.0913596004247665,0.1807548999786377,0.0893952995538711
