player_id,player_name,season,team,position,games,time,goals,assists,xG,xA,shots,key_passes,yellow,red,npg,npxG,xGChain,xGBuildup
12937,Nicolai Remberg,2025,,MC,7,630,0,1,0.0782753266394138,0.5649481862783432,3,3,2,0,0,0.0782753266394138,1.7532872408628464,1.110063761472702
12937,Nicolai Remberg,2024,,MC,24,2133,0,0,1.3874196484684944,0.2654184801504016,20,7,9,0,0,1.3874196484684944,5.314123736694455,4.865329956635833
12937,Nicolai Remberg,2024,,DMC,1,90,0,0,0.0,0.0,0,0,0,0,0,0.0,0.3642120957374573,0.3642120957374573
12937,Nicolai Remberg,2024,,Sub,6,84,0,1,0.1376495454460382,0.2653377652168274,2,1,1,0,0,0.1376495454460382,0.567079683765769,0.1640923507511615
