player_id,player_name,season,team,position,games,time,goals,assists,xG,xA,shots,key_passes,yellow,red,npg,npxG,xGChain,xGBuildup
1873,Nicola Leali,2025,,GK,7,630,0,0,0,0.085884004831314,0,1,0,0,0,0,0.2095286604017019,0.1236446555703878
1873,Nicola Leali,2024,,GK,29,2610,0,0,0,0.0,0,0,1,0,0,0,3.933131657540798,3.933131657540798
1873,Nicola Leali,2023,,GK,2,178,0,0,0,0.0,0,0,1,0,0,0,0.0756071507930755,0.0756071507930755
1873,Nicola Leali,2015,,GK,33,2970,0,0,0,0.0131705002859234,0,1,3,0,0,0,2.092812728136778,2.079642228782177
1873,Nicola Leali,2014,,GK,28,2459,0,0,0,0.0,0,0,0,1,0,0,0.4879114096984267,0.4879114096984267
