player_id,player_name,season,team,position,games,time,goals,assists,xG,xA,shots,key_passes,yellow,red,npg,npxG,xGChain,xGBuildup
9825,Nicolás Serrano,2025,,AMR,1,65,0,0,0.20619897544384,0.0795795246958732,4,1,0,0,0,0.20619897544384,0.3783462345600128,0.1210109293460846
9825,Nicolás Serrano,2025,,AML,1,49,0,0,0.0320374406874179,0.0523273572325706,1,1,0,0,0,0.0320374406874179,0.1029435247182846,0.0709060877561569
9825,Nicolás Serrano,2025,,Sub,1,8,0,0,0.0,0.0,0,0,0,0,0,0.0,0.0,0.0
9825,Nicolás Serrano,2024,,AMR,1,84,0,0,0.0829788967967033,0.0,2,0,0,0,0,0.0829788967967033,1.0060707330703735,0.9230917692184448
9825,Nicolás Serrano,2024,,Sub,3,23,0,0,0.1057383734732866,0.0154199851676821,3,1,0,0,0,0.1057383734732866,0.5413055382668972,0.4285057187080383
9825,Nicolás Serrano,2021,,ML,3,226,1,0,0.1638817973434925,0.0,4,0,0,0,1,0.1638817973434925,0.2701755966991186,0.106293000280857
9825,Nicolás Serrano,2021,,Sub,11,66,0,0,0.19477029889822,0.1309319995343685,5,3,0,0,0,0.19477029889822,0.4153661001473665,0.2205960992723703
