player_id,player_name,season,team,position,games,time,goals,assists,xG,xA,shots,key_passes,yellow,red,npg,npxG,xGChain,xGBuildup
13969,Nikola Stulic,2025,,FW,5,375,0,0,0.3557246718555689,0.5297285467386246,6,6,0,0,0,0.3557246718555689,0.9319604262709618,0.2446354925632476
13969,Nikola Stulic,2025,,Sub,1,39,0,0,0.0530195385217666,0.1040506288409233,1,1,0,0,0,0.0530195385217666,0.0530195385217666,0.0
