player_id,player_name,season,team,position,games,time,goals,assists,xG,xA,shots,key_passes,yellow,red,npg,npxG,xGChain,xGBuildup
12008,Nikola Krstovic,2025,,FW,3,263,2,2,2.760850965976715,0.2997373938560486,16,5,0,0,2,2.760850965976715,3.2819570899009705,0.3582532256841659
12008,Nikola Krstovic,2025,,Sub,4,78,0,1,0.4165301769971847,0.5957907885313034,5,3,0,0,0,0.4165301769971847,0.9677629917860032,0.0770944356918335
12008,Nikola Krstovic,2024,,FW,37,3096,11,5,12.192179908044636,3.5718187177553773,137,30,6,0,9,9.908283424563706,13.792114338837564,3.114339157938957
12008,Nikola Krstovic,2023,,FW,30,2332,6,1,11.776435803622007,2.6719192257151008,87,39,4,1,5,9.492539290338756,13.073735891841352,2.9776702914386988
12008,Nikola Krstovic,2023,,Sub,5,69,1,0,0.8265100680291653,0.0237466618418693,5,1,0,0,1,0.8265100680291653,0.8522910811007023,0.3514605965465307
