player_id,player_name,season,team,position,games,time,goals,assists,xG,xA,shots,key_passes,yellow,red,npg,npxG,xGChain,xGBuildup
11857,Nikola Dovedan,2023,,Sub,16,299,2,1,1.0131618389859796,1.2619900181889534,9,7,0,1,2,1.0131618389859796,3.061569683253765,1.4089690651744604
11857,Nikola Dovedan,2023,,AMC,3,187,0,0,0.1326865553855896,0.0,2,0,0,0,0,0.1326865553855896,0.2711655348539352,0.1384789794683456
11857,Nikola Dovedan,2023,,MC,2,138,1,0,0.5240657404065132,0.0709238648414611,3,1,0,0,1,0.5240657404065132,0.9214251264929773,0.32643548771739
