player_id,player_name,season,team,position,games,time,goals,assists,xG,xA,shots,key_passes,yellow,red,npg,npxG,xGChain,xGBuildup
13716,Noah Sadiki,2025,,MC,5,448,0,0,0.0391227416694164,0.0912126991897821,1,3,1,0,0,0.0391227416694164,1.0195693597197533,0.9410265469923615
13716,Noah Sadiki,2025,,DMC,3,270,0,0,0.0839409902691841,0.0,2,0,2,0,0,0.0839409902691841,0.4420094713568687,0.3580684810876846
