player_id,player_name,season,team,position,games,time,goals,assists,xG,xA,shots,key_passes,yellow,red,npg,npxG,xGChain,xGBuildup
12982,Oladapo Afolayan,2025,,Sub,5,57,0,0,0.4224926922470331,0.0,2,0,1,0,0,0.4224926922470331,0.5729682333767414,0.1504755262285471
12982,Oladapo Afolayan,2024,,FWR,5,450,1,0,1.1301187835633757,0.2907442227005958,8,6,1,0,1,1.1301187835633757,2.771447896957397,1.4683545529842377
12982,Oladapo Afolayan,2024,,FWL,5,395,0,0,1.2099585235118866,1.0706540271639824,11,4,1,0,0,1.2099585235118866,2.3455449417233467,0.1999405873939395
12982,Oladapo Afolayan,2024,,AMC,5,359,1,0,0.3575494829565286,0.7731976769864559,9,4,1,0,1,0.3575494829565286,1.001290213316679,0.1654365500435233
12982,Oladapo Afolayan,2024,,Sub,15,317,1,1,0.3336347099393606,1.5257747992873192,8,6,0,0,1,0.3336347099393606,1.9464835152029991,0.5850033015012741
12982,Oladapo Afolayan,2024,,ML,1,75,0,0,0.0,0.0,0,0,0,0,0,0.0,0.0,0.0
12982,Oladapo Afolayan,2024,,FW,1,48,0,0,0.0366956889629364,0.0678475126624107,2,2,0,0,0,0.0366956889629364,0.1530699282884597,0.1158371418714523
