player_id,player_name,season,team,position,games,time,goals,assists,xG,xA,shots,key_passes,yellow,red,npg,npxG,xGChain,xGBuildup
13949,Oliver Sørensen,2025,,MC,3,249,0,0,0.0805133953690528,0.0669031664729118,1,1,0,0,0,0.0805133953690528,0.6034144014120102,0.4559978544712066
13949,Oliver Sørensen,2025,,AMC,1,83,0,0,0.0,0.0,0,0,0,0,0,0.0,0.0,0.0
13949,Oliver Sørensen,2025,,Sub,3,47,0,0,0.0,0.0111572388559579,0,1,1,0,0,0.0,0.0512374006211757,0.0400801599025726
