player_id,player_name,season,team,position,games,time,goals,assists,xG,xA,shots,key_passes,yellow,red,npg,npxG,xGChain,xGBuildup
7710,Oliver Norwood,2023,,MC,16,1333,1,0,0.9768854081630708,0.6800131099298596,14,15,4,0,0,0.2157533876597881,2.7657132418826222,2.4070543106645346
7710,Oliver Norwood,2023,,Sub,11,80,0,0,0.0095408633351325,0.0133790839463472,1,1,4,0,0,0.0095408633351325,0.0229199472814798,0.0
7710,Oliver Norwood,2020,,MC,26,2078,0,0,0.430055795237422,1.0384976090863347,11,27,6,0,0,0.430055795237422,5.078900374472141,4.386640382930636
7710,Oliver Norwood,2020,,Sub,6,161,0,0,0.0,0.2277941983193159,0,5,0,0,0,0.0,0.0170090999454259,0.0170090999454259
7710,Oliver Norwood,2019,,MC,37,3112,1,1,1.3383014099672437,3.87992282398045,17,49,8,0,0,0.5771326068788767,9.954602483659984,9.053659860044718
7710,Oliver Norwood,2019,,Sub,1,7,0,0,0.0,0.0,0,0,0,0,0,0.0,0.0,0.0
