player_id,player_name,season,team,position,games,time,goals,assists,xG,xA,shots,key_passes,yellow,red,npg,npxG,xGChain,xGBuildup
12449,Oliver Arblaster,2023,,MC,10,843,0,0,0.0217242818325757,0.9520128425210714,1,10,2,0,0,0.0217242818325757,2.6926460289396346,2.5019283914007246
12449,Oliver Arblaster,2023,,DMC,1,90,0,0,0.0,0.0321021638810634,0,1,0,0,0,0.0,0.1429510563611984,0.1429510563611984
12449,Oliver Arblaster,2023,,Sub,1,21,0,0,0.0,0.0456317365169525,0,1,0,0,0,0.0,0.0456317365169525,0.0
