player_id,player_name,season,team,position,games,time,goals,assists,xG,xA,shots,key_passes,yellow,red,npg,npxG,xGChain,xGBuildup
12358,Oliver Scarles,2025,,DR,1,55,0,0,0.0,0.0,0,0,0,0,0,0.0,0.0290671605616807,0.0290671605616807
12358,Oliver Scarles,2024,,DML,4,295,0,0,0.030363930389285,0.0180325098335742,1,1,0,0,0,0.030363930389285,0.2690571025013923,0.2206606566905975
12358,Oliver Scarles,2024,,DL,2,138,0,0,0.0,0.0,0,0,1,0,0,0.0,0.0282109323889017,0.0282109323889017
12358,Oliver Scarles,2024,,Sub,8,137,0,0,0.1069729700684547,0.0638335272669792,2,1,0,0,0,0.1069729700684547,0.3163960389792919,0.2525625117123127
12358,Oliver Scarles,2024,,ML,1,74,0,0,0.0,0.0342390798032283,0,1,0,0,0,0.0,0.1209896579384803,0.0867505818605423
