player_id,player_name,season,team,position,games,time,goals,assists,xG,xA,shots,key_passes,yellow,red,npg,npxG,xGChain,xGBuildup
10875,Omar El Hilali,2025,,DR,8,699,0,1,0.0136713292449712,0.3056421112269163,1,6,2,0,0,0.0136713292449712,0.5664483075961471,0.4338309904560447
10875,Omar El Hilali,2025,,Sub,1,10,0,1,0.0,0.3902285695075989,0,1,0,0,0,0.0,0.3902285695075989,0.3902285695075989
10875,Omar El Hilali,2024,,DR,32,2813,0,2,0.0311675742268562,1.2102727070450785,2,8,10,0,0,0.0311675742268562,5.33083868958056,4.210913335904479
10875,Omar El Hilali,2024,,DC,4,360,0,0,0.0,0.0,0,0,1,0,0,0.0,0.2782092168927192,0.2782092168927192
10875,Omar El Hilali,2022,,DR,1,56,0,0,0.0,0.0,0,0,0,0,0,0.0,0.0,0.0
10875,Omar El Hilali,2022,,Sub,4,28,0,0,0.0,0.0120094995945692,0,1,1,0,0,0.0,0.0351307988166809,0.0231212992221117
