player_id,player_name,season,team,position,games,time,goals,assists,xG,xA,shots,key_passes,yellow,red,npg,npxG,xGChain,xGBuildup
12801,Osame Sahraoui,2025,,Sub,6,88,1,2,0.3663535304367542,0.7079841922968626,6,6,0,0,1,0.3663535304367542,1.5697621256113052,0.6307029761373997
12801,Osame Sahraoui,2024,,Sub,20,499,2,0,1.1975533552467823,1.451518839225173,11,13,0,0,2,1.1975533552467823,5.133881729096174,2.913365039974451
12801,Osame Sahraoui,2024,,AML,7,489,0,3,0.3570017851889133,1.5885370261967182,4,9,1,0,0,0.3570017851889133,3.040294609963894,1.816371113061905
12801,Osame Sahraoui,2024,,AMC,2,173,1,0,0.970665879547596,0.2633792757987976,4,4,0,0,1,0.970665879547596,1.5512784719467163,0.5643959864974022
12801,Osame Sahraoui,2024,,ML,1,90,0,0,0.2706204950809479,0.167875587940216,4,3,0,0,0,0.2706204950809479,0.4917739033699035,0.1757476925849914
