player_id,player_name,season,team,position,games,time,goals,assists,xG,xA,shots,key_passes,yellow,red,npg,npxG,xGChain,xGBuildup
11962,Oussama El Azzouzi,2025,,MC,1,79,0,0,0.0,0.0,0,0,0,0,0,0.0,0.0,0.0
11962,Oussama El Azzouzi,2025,,Sub,1,15,0,0,0.0,0.0,0,0,1,0,0,0.0,0.0,0.0
11962,Oussama El Azzouzi,2024,,Sub,2,11,0,0,0.0,0.0,0,0,0,0,0,0.0,0.0556897111237049,0.0556897111237049
11962,Oussama El Azzouzi,2023,,DMC,3,256,1,0,0.3713663518428802,0.0113539844751358,1,1,2,0,1,0.3713663518428802,0.5781022123992443,0.2067358531057834
11962,Oussama El Azzouzi,2023,,Sub,13,134,0,1,0.0,0.6390114016830921,0,4,2,0,0,0.0,0.8738314434885979,0.2593800695613026
11962,Oussama El Azzouzi,2023,,MC,2,130,1,1,0.1010400876402854,0.3065615892410278,1,1,0,0,1,0.1010400876402854,0.9508917927742004,0.8498517274856567
