player_id,player_name,season,team,position,games,time,goals,assists,xG,xA,shots,key_passes,yellow,red,npg,npxG,xGChain,xGBuildup
13291,Patrice Covic,2025,,DMC,1,72,0,0,0.0,0.0204737242311239,0,1,0,0,0,0.0,0.1657125502824783,0.1657125502824783
13291,Patrice Covic,2025,,MC,1,70,0,0,0.0,0.3184222280979156,0,1,1,0,0,0.0,0.4467464685440063,0.1283242255449295
13291,Patrice Covic,2025,,Sub,5,58,0,0,0.4320827424526214,0.0,1,0,0,0,0,0.4320827424526214,0.4494636263698339,0.0173808839172124
