player_id,player_name,season,team,position,games,time,goals,assists,xG,xA,shots,key_passes,yellow,red,npg,npxG,xGChain,xGBuildup
12777,Patrizio Masini,2025,,DMC,7,609,0,0,0.8556873928755522,0.1235361145809292,6,3,2,0,0,0.8556873928755522,2.119344057515264,1.280585616827011
12777,Patrizio Masini,2024,,DMC,8,704,1,0,0.3140006037428975,0.1354374885559082,6,2,0,0,1,0.3140006037428975,1.8606269136071203,1.7730244249105451
12777,Patrizio Masini,2024,,MC,7,572,0,0,0.0357765778899192,0.0688149984925985,1,2,1,0,0,0.0357765778899192,0.991933787241578,0.947084778919816
12777,Patrizio Masini,2024,,Sub,10,162,0,0,0.085628405213356,0.0368166975677013,1,1,2,0,0,0.085628405213356,0.2936748676002025,0.1712297573685646
12777,Patrizio Masini,2024,,AMC,1,90,0,0,0.0,0.0133987683802843,0,1,0,0,0,0.0,0.1545871496200561,0.1545871496200561
