player_id,player_name,season,team,position,games,time,goals,assists,xG,xA,shots,key_passes,yellow,red,npg,npxG,xGChain,xGBuildup
9738,Patson Daka,2024,,AMC,4,286,0,0,0.1959086507558822,0.0,3,0,0,0,0,0.1959086507558822,0.1959086507558822,0.0
9738,Patson Daka,2024,,Sub,17,234,1,0,1.5717444689944386,0.0259240753948688,12,1,0,0,1,1.5717444689944386,1.762050191871822,0.1643816493451595
9738,Patson Daka,2024,,FW,2,166,0,0,0.0,0.0,0,0,0,0,0,0.0,0.0,0.0
9738,Patson Daka,2022,,FW,12,786,3,3,2.5694941226392984,1.8751787766814232,19,10,1,0,3,2.5694941226392984,4.716146431863308,0.2714743074029684
9738,Patson Daka,2022,,Sub,17,288,1,1,0.6418763734400272,0.858550513163209,7,7,1,0,1,0.6418763734400272,1.9681648164987564,0.566002918407321
9738,Patson Daka,2022,,AML,1,90,0,0,0.8528264164924622,0.0,4,0,0,0,0,0.8528264164924622,1.5401140451431274,0.6872876286506653
9738,Patson Daka,2021,,FW,13,1024,4,2,3.755059193819761,0.5162167027592659,19,9,0,0,4,3.755059193819761,5.100292310118675,1.2210411066189408
9738,Patson Daka,2021,,Sub,10,140,1,1,1.3547400385141373,1.3033110201358795,7,4,2,0,1,1.3547400385141373,2.403625510632992,0.9413439109921456
