player_id,player_name,season,team,position,games,time,goals,assists,xG,xA,shots,key_passes,yellow,red,npg,npxG,xGChain,xGBuildup
12005,Pau Cubarsí,2025,,DC,6,526,0,0,0.2553307116031647,0.2965577282011509,3,2,0,0,0,0.2553307116031647,4.541647937148809,4.541647937148809
12005,Pau Cubarsí,2024,,DC,29,2474,0,2,0.9356927424669266,1.4989596754312515,8,8,3,0,0,0.9356927424669266,16.183128718286753,16.075127594172955
12005,Pau Cubarsí,2024,,Sub,6,157,0,1,0.0,0.0371170230209827,0,1,0,0,0,0.0,1.0727831777185202,1.0727831777185202
12005,Pau Cubarsí,2023,,DC,18,1538,0,0,0.0848426893353462,0.5032942704856396,3,5,4,0,0,0.0848426893353462,8.58378428965807,8.430206157267094
12005,Pau Cubarsí,2023,,Sub,1,43,0,0,0.0,0.0,0,0,0,0,0,0.0,0.1230605989694595,0.1230605989694595
