player_id,player_name,season,team,position,games,time,goals,assists,xG,xA,shots,key_passes,yellow,red,npg,npxG,xGChain,xGBuildup
10245,Paul Wanner,2024,,AMC,12,968,3,2,2.2240581922233105,1.3327651489526031,12,14,1,0,2,1.4662815146148205,3.911674365401268,1.6651039011776447
10245,Paul Wanner,2024,,Sub,9,269,0,0,0.6944191828370094,0.060119641944766,4,2,0,0,0,0.6944191828370094,1.3405693247914314,0.6266833916306496
10245,Paul Wanner,2024,,MC,3,193,0,0,0.12146707624197,0.0331097319722175,2,2,1,0,0,0.12146707624197,0.2116293031722307,0.0713252294808626
10245,Paul Wanner,2024,,FWR,2,133,0,0,0.6698893904685974,0.0222071465104818,3,1,0,0,0,0.6698893904685974,1.0447456240653992,0.4273871406912803
10245,Paul Wanner,2024,,AMR,1,90,0,0,0.1115403547883033,0.0,2,0,0,0,0,0.1115403547883033,0.2508701980113983,0.167505607008934
10245,Paul Wanner,2024,,MR,1,79,0,0,0.4234769344329834,0.0226780120283365,2,1,0,0,0,0.4234769344329834,0.446154922246933,0.0425886884331703
10245,Paul Wanner,2024,,FW,1,64,0,0,0.0,0.0,0,0,0,0,0,0.0,0.0,0.0
10245,Paul Wanner,2022,,Sub,2,19,0,0,0.0,0.0487035997211933,0,1,1,0,0,0.0,0.0,0.0
10245,Paul Wanner,2021,,Sub,4,27,0,0,0.0,0.0292018000036478,0,1,0,0,0,0.0,0.7455363962799311,0.7163345962762833
