player_id,player_name,season,team,position,games,time,goals,assists,xG,xA,shots,key_passes,yellow,red,npg,npxG,xGChain,xGBuildup
11956,Paulo Azzi,2024,,DMR,5,408,0,0,0.6203888580203056,0.2530014887452125,6,4,2,0,0,0.6203888580203056,1.702088464051485,1.0714305564761162
11956,Paulo Azzi,2024,,Sub,1,29,0,0,0.039651796221733,0.5471922755241394,2,1,0,0,0,0.039651796221733,0.7024470567703247,0.7024470567703247
11956,Paulo Azzi,2023,,DML,7,499,0,0,0.3456204226240515,0.2837613821029663,10,4,1,0,0,0.3456204226240515,1.5263827666640282,1.2245049625635147
11956,Paulo Azzi,2023,,Sub,16,244,0,0,0.5368293542414904,0.2222560001537203,9,4,0,0,0,0.5368293542414904,0.9179089963436128,0.3503162246197462
11956,Paulo Azzi,2023,,ML,1,90,0,0,0.0141432182863354,0.0,1,0,0,0,0,0.0141432182863354,0.0553228482604026,0.0411796271800994
11956,Paulo Azzi,2023,,DL,1,90,0,0,0.0408093258738517,0.0269019603729248,2,1,0,0,0,0.0408093258738517,0.0269019603729248,0.0269019603729248
