player_id,player_name,season,team,position,games,time,goals,assists,xG,xA,shots,key_passes,yellow,red,npg,npxG,xGChain,xGBuildup
11360,Paul Onuachu,2024,,FW,11,811,2,1,3.362305386923253,0.3973416239023208,24,6,2,0,2,3.362305386923253,4.015456853434444,0.5302784722298384
11360,Paul Onuachu,2024,,Sub,14,204,2,0,1.5244307909160852,0.1185444332659244,10,2,2,0,2,1.5244307909160852,1.467786855995655,0.4044767543673515
11360,Paul Onuachu,2022,,FW,4,266,0,0,0.2630238831043243,0.0,6,0,0,0,0,0.2630238831043243,0.3558159805834293,0.1009839959442615
11360,Paul Onuachu,2022,,Sub,7,124,0,0,0.6720886137336493,0.3200107105076313,5,4,0,0,0,0.6720886137336493,0.992099404335022,0.0
