player_id,player_name,season,team,position,games,time,goals,assists,xG,xA,shots,key_passes,yellow,red,npg,npxG,xGChain,xGBuildup
10817,Paul Joly,2024,,DR,7,556,0,1,0.3246249910444021,1.504033863544464,4,9,1,1,0,0.3246249910444021,1.6529754679650068,1.1834306865930555
10817,Paul Joly,2024,,Sub,16,190,0,0,0.2111536227166652,0.2242816668003797,3,5,0,0,0,0.2111536227166652,1.5594874061644075,1.1978539526462555
10817,Paul Joly,2024,,DMR,2,158,0,0,0.0900862421840429,0.1318394839763641,3,2,1,0,0,0.0900862421840429,0.1763851270079612,0.0316248312592506
10817,Paul Joly,2024,,DL,1,87,0,0,0.0,0.0,0,0,1,0,0,0.0,0.0123299984261393,0.0123299984261393
10817,Paul Joly,2022,,DR,10,870,0,0,0.4298934983089566,0.2405858999118209,7,7,2,0,0,0.4298934983089566,1.318872902542353,1.1022224947810173
