player_id,player_name,season,team,position,games,time,goals,assists,xG,xA,shots,key_passes,yellow,red,npg,npxG,xGChain,xGBuildup
12863,Pedro Díaz,2025,,AMC,3,223,0,0,0.1684338636696338,0.1863215193152427,5,3,0,0,0,0.1684338636696338,1.3375180959701538,1.034968912601471
12863,Pedro Díaz,2025,,FW,2,173,0,0,0.0443607419729232,0.0529246125370264,1,2,0,0,0,0.0443607419729232,0.7178202122449875,0.6205348744988441
12863,Pedro Díaz,2025,,MC,2,158,0,0,0.0427126474678516,0.0320260385051369,2,2,0,0,0,0.0427126474678516,0.6692088954150677,0.6188870072364807
12863,Pedro Díaz,2025,,Sub,2,34,0,0,0.1119846180081367,0.0,2,0,0,0,0,0.1119846180081367,0.0947340801358223,0.0947340801358223
12863,Pedro Díaz,2024,,DMC,7,521,1,0,1.6286772098392248,0.4398070545867085,15,9,1,0,1,0.8853996004909277,2.547907646745444,1.6534853614866734
12863,Pedro Díaz,2024,,AMC,4,344,1,0,0.227804291062057,0.4847539346665144,7,5,0,0,1,0.227804291062057,1.7761593610048294,1.575286876410246
12863,Pedro Díaz,2024,,Sub,14,286,1,0,0.8490250185132027,1.3574374299496412,9,12,0,0,1,0.8490250185132027,3.006298139691353,1.4819267503917215
12863,Pedro Díaz,2024,,MC,1,48,0,0,0.0,0.0,0,0,1,0,0,0.0,0.0,0.0
