player_id,player_name,season,team,position,games,time,goals,assists,xG,xA,shots,key_passes,yellow,red,npg,npxG,xGChain,xGBuildup
1946,Pepín,2023,,Sub,8,130,0,0,0.1443074801936745,0.076927326619625,5,2,1,0,0,0.1443074801936745,0.6224811859428883,0.4994095377624035
1946,Pepín,2023,,AMC,2,94,0,0,0.0,0.0,0,0,1,0,0,0.0,0.0988758355379104,0.0988758355379104
1946,Pepín,2022,,MC,10,759,0,1,0.1502671996131539,0.5268064923584461,6,4,1,0,0,0.1502671996131539,4.358692154288292,3.922002729028464
1946,Pepín,2022,,Sub,14,297,0,1,0.0879172580316662,0.5908121922984719,3,5,3,0,0,0.0879172580316662,1.8761369828134773,1.2413907293230295
1946,Pepín,2022,,AMC,1,60,0,0,0.0611378997564315,0.0,1,0,0,0,0,0.0611378997564315,0.0611378997564315,0.0
1946,Pepín,2018,,MC,1,54,0,0,0.0225342996418476,0.0,1,0,0,0,0,0.0225342996418476,0.0225342996418476,0.0
1946,Pepín,2018,,Sub,1,23,0,1,0.0743613988161087,0.2321899980306625,1,1,0,0,0,0.0743613988161087,0.4023779928684234,0.0958267003297805
