player_id,player_name,season,team,position,games,time,goals,assists,xG,xA,shots,key_passes,yellow,red,npg,npxG,xGChain,xGBuildup
2551,Pepelu,2025,,MC,5,411,0,0,0.1822562702000141,0.3124922439455986,4,5,0,0,0,0.1822562702000141,0.9805937577039004,0.7406240068376064
2551,Pepelu,2025,,Sub,2,57,0,0,0.0583832822740078,0.0749969556927681,1,2,0,0,0,0.0583832822740078,0.071750707924366,0.0133674247190356
2551,Pepelu,2024,,MC,15,1272,1,0,1.2089525973424315,2.067992757074535,13,19,6,1,0,0.4656749917194247,3.292990480549633,3.0050829462707043
2551,Pepelu,2024,,DMC,3,244,1,1,0.7432776093482971,0.1415627151727676,1,4,1,0,0,0.0,1.0822983998805285,1.0079981032758951
2551,Pepelu,2024,,Sub,16,175,0,0,0.0,0.3598294854164123,0,8,1,0,0,0.0,1.0424911063164473,0.9887803476303816
2551,Pepelu,2023,,MC,29,2610,7,1,6.719673790968955,2.2625318691134453,28,42,3,0,0,0.7735807141289115,9.847638914361596,9.03868060093373
2551,Pepelu,2023,,DMC,8,704,0,0,0.2266843877732753,1.042104538530111,7,10,1,0,0,0.2266843877732753,1.77538126334548,1.6522128283977509
2551,Pepelu,2021,,MC,23,1912,0,0,0.4096635989844799,2.063524793833494,11,26,8,0,0,0.4096635989844799,6.27061402797699,4.806397553533316
2551,Pepelu,2021,,Sub,6,86,0,0,0.2328650057315826,0.0,3,0,1,0,0,0.2328650057315826,1.1670427471399307,0.9341827780008316
