player_id,player_name,season,team,position,games,time,goals,assists,xG,xA,shots,key_passes,yellow,red,npg,npxG,xGChain,xGBuildup
12915,Philipp Sander,2025,,DMC,3,236,0,0,0.2524430081248283,0.0,5,0,0,0,0,0.2524430081248283,0.923230178654194,0.8037615343928337
12915,Philipp Sander,2025,,MC,2,165,0,0,0.1031899191439151,0.0,3,0,1,0,0,0.1031899191439151,0.328935632482171,0.3125296328216791
12915,Philipp Sander,2025,,Sub,1,25,0,0,0.0,0.0606166161596775,0,1,0,0,0,0.0,0.8213911652565002,0.8213911652565002
12915,Philipp Sander,2024,,DMC,13,1050,1,0,0.8925785664469004,0.5709970854222775,11,7,1,0,1,0.8925785664469004,6.50157542899251,5.743691403418779
12915,Philipp Sander,2024,,MC,3,234,0,0,0.1398673839867115,0.0878131305798888,4,4,0,0,0,0.1398673839867115,0.3973041698336601,0.2506092041730881
12915,Philipp Sander,2024,,Sub,11,113,0,0,0.2232451448217034,0.059726059436798,3,2,1,0,0,0.2232451448217034,0.7350234836339951,0.5247666034847498
