player_id,player_name,season,team,position,games,time,goals,assists,xG,xA,shots,key_passes,yellow,red,npg,npxG,xGChain,xGBuildup
10736,Philipp Hofmann,2024,,FW,26,2155,3,3,4.857502422295511,4.637907080352306,50,25,4,0,3,4.857502422295511,9.983462670817971,3.113165598362684
10736,Philipp Hofmann,2024,,AMC,1,62,0,0,0.0,0.0,0,0,0,0,0,0.0,0.1059318706393241,0.1059318706393241
10736,Philipp Hofmann,2024,,Sub,4,40,0,0,0.1036180481314659,0.052626684308052,2,2,0,0,0,0.1036180481314659,0.1562447249889373,0.0
10736,Philipp Hofmann,2023,,FW,18,1343,3,2,3.753204689361155,2.498701650649309,32,17,1,0,3,3.753204689361155,6.105330928228796,1.8987619550898671
10736,Philipp Hofmann,2023,,Sub,11,230,1,0,1.703678347170353,0.0581380799412727,7,2,0,0,1,1.703678347170353,1.7343220375478268,0.0710625406354665
10736,Philipp Hofmann,2022,,FW,31,2580,8,2,8.81518884934485,2.5194701943546534,51,23,5,0,8,8.81518884934485,10.796725623309612,2.271575433202088
10736,Philipp Hofmann,2022,,Sub,3,83,0,0,0.036839198321104,0.0782341994345188,1,2,0,0,0,0.036839198321104,0.1150733977556228,0.0
