player_id,player_name,season,team,position,games,time,goals,assists,xG,xA,shots,key_passes,yellow,red,npg,npxG,xGChain,xGBuildup
11902,Pietro Comuzzo,2025,,DC,3,201,0,0,0.069077568128705,0.0,2,0,0,0,0,0.069077568128705,0.14842314645648,0.0876205302774906
11902,Pietro Comuzzo,2025,,Sub,1,12,0,0,0.0,0.0,0,0,0,0,0,0.0,0.0,0.0
11902,Pietro Comuzzo,2024,,DC,23,2014,1,0,0.47288110665977,0.2483434695750475,4,5,4,0,1,0.47288110665977,5.024818738922477,4.963606417179108
11902,Pietro Comuzzo,2024,,Sub,9,140,0,0,0.0,0.1142358928918838,0,1,1,0,0,0.0,0.1817743796855211,0.1817743796855211
11902,Pietro Comuzzo,2024,,DR,1,38,0,0,0.0,0.0,0,0,0,0,0,0.0,0.0,0.0
11902,Pietro Comuzzo,2023,,Sub,4,37,0,0,0.0,0.0,0,0,1,0,0,0.0,0.4442299492657184,0.4442299492657184
