player_id,player_name,season,team,position,games,time,goals,assists,xG,xA,shots,key_passes,yellow,red,npg,npxG,xGChain,xGBuildup
6856,Rúben Vinagre,2023,,DL,2,154,0,0,0.0131507068872451,0.1008506752550602,1,2,0,0,0,0.0131507068872451,0.0925892703235149,0.0533751361072063
6856,Rúben Vinagre,2023,,Sub,10,113,0,0,0.0112166469916701,0.1354365330189466,1,3,0,0,0,0.0112166469916701,0.1805038368329405,0.089426152408123
6856,Rúben Vinagre,2022,,Sub,2,13,0,0,0.0,0.0,0,0,0,0,0,0.0,0.0,0.0
6856,Rúben Vinagre,2020,,DML,1,90,0,0,0.0,0.0,0,0,0,0,0,0.0,0.0731102004647255,0.0731102004647255
6856,Rúben Vinagre,2020,,Sub,1,83,0,0,0.0,0.0,0,0,0,0,0,0.0,0.1056360006332397,0.1056360006332397
6856,Rúben Vinagre,2019,,DML,6,522,0,0,0.068308800458908,0.0,2,0,1,0,0,0.068308800458908,0.9034808352589608,0.8351720348000526
6856,Rúben Vinagre,2019,,Sub,10,103,0,0,0.2195437029004097,0.6194771192967892,3,4,0,0,0,0.2195437029004097,1.5306186825037005,1.1241926699876783
6856,Rúben Vinagre,2018,,DML,7,596,0,0,0.4047630131244659,0.7090319842100143,2,3,1,0,0,0.4047630131244659,1.8644956350326536,0.8824840039014816
6856,Rúben Vinagre,2018,,Sub,10,101,0,0,0.0459256991744041,0.1601374996826052,2,3,0,0,0,0.0459256991744041,1.2461046045646071,1.0603686831891537
