player_id,player_name,season,team,position,games,time,goals,assists,xG,xA,shots,key_passes,yellow,red,npg,npxG,xGChain,xGBuildup
13852,Rômulo,2025,,FW,6,528,2,2,3.0972581692039967,0.5724906921386719,14,3,0,0,2,3.0972581692039967,4.466127157211304,1.0819200687110424
13852,Rômulo,2025,,Sub,1,39,0,0,0.0,0.0559580065310001,0,1,0,0,0,0.0,0.0559580065310001,0.0
