player_id,player_name,season,team,position,games,time,goals,assists,xG,xA,shots,key_passes,yellow,red,npg,npxG,xGChain,xGBuildup
12400,Rabby Nzingoula,2025,,Sub,1,1,0,0,0.0,0.073959931731224,0,1,0,1,0,0.0,0.073959931731224,0.0
12400,Rabby Nzingoula,2024,,MC,13,977,0,0,0.9643275029957294,0.9221896007657052,8,6,5,0,0,0.9643275029957294,2.310462359338999,1.1703722048550844
12400,Rabby Nzingoula,2024,,DMC,7,546,1,0,0.4386361157521605,0.0597298592329025,6,1,4,0,1,0.4386361157521605,1.6363318394869566,1.2706153821200132
12400,Rabby Nzingoula,2024,,Sub,7,189,0,1,0.1640322990715503,0.0328125320374965,5,1,2,0,0,0.1640322990715503,0.5364842647686601,0.4564119447022676
12400,Rabby Nzingoula,2023,,MC,1,87,0,1,0.0,0.1509222835302353,0,2,0,0,0,0.0,0.1634872406721115,0.0125649627298116
12400,Rabby Nzingoula,2023,,Sub,5,36,0,0,0.0953473523259162,0.0,1,0,1,0,0,0.0953473523259162,0.0953473523259162,0.0
