player_id,player_name,season,team,position,games,time,goals,assists,xG,xA,shots,key_passes,yellow,red,npg,npxG,xGChain,xGBuildup
9105,Radu Dragusin,2024,,DC,14,1184,0,0,0.1772594656795263,0.5174331180751324,5,4,1,0,0,0.1772594656795263,4.248265581205487,4.177286019548774
9105,Radu Dragusin,2024,,Sub,2,80,0,0,0.0,0.0,0,0,0,0,0,0.0,0.6007258892059326,0.6007258892059326
9105,Radu Dragusin,2023,,DC,23,2070,2,1,1.2919356785714626,0.9097644370049238,18,7,1,0,2,1.2919356785714626,4.089427103288472,3.0512233655899763
9105,Radu Dragusin,2023,,Sub,5,57,0,0,0.0,0.0,0,0,1,0,0,0.0,1.5639412999153135,1.5639412999153135
9105,Radu Dragusin,2021,,DC,7,621,0,0,0.0,0.1177183017134666,0,2,2,0,0,0.0,0.5989256873726845,0.5773915871977806
9105,Radu Dragusin,2021,,Sub,11,287,0,0,0.1155090034008026,0.0153189003467559,2,1,0,0,0,0.1155090034008026,0.2314286008477211,0.1899494007229805
9105,Radu Dragusin,2021,,DR,2,180,0,0,0.0127029996365308,0.0274793002754449,1,1,0,0,0,0.0127029996365308,0.461140988394618,0.4484379887580871
9105,Radu Dragusin,2020,,Sub,1,1,0,0,0.0,0.0,0,0,0,0,0,0.0,0.0,0.0
