player_id,player_name,season,team,position,games,time,goals,assists,xG,xA,shots,key_passes,yellow,red,npg,npxG,xGChain,xGBuildup
7749,Rayan Philippe,2025,,FWR,4,331,3,0,2.220920041203499,0.5084409825503826,14,4,2,0,3,2.220920041203499,2.1684025675058365,0.3903139382600784
7749,Rayan Philippe,2025,,Sub,3,75,0,0,0.0598720163106918,0.1348579823970794,1,2,0,0,0,0.0598720163106918,0.2116909474134445,0.0169609505683183
7749,Rayan Philippe,2020,,FW,1,66,0,0,0.058552298694849,0.0,1,0,0,0,0,0.058552298694849,0.058552298694849,0.0
7749,Rayan Philippe,2020,,Sub,3,23,0,0,0.3180859982967376,0.0,1,0,0,0,0,0.3180859982967376,0.3180859982967376,0.0
7749,Rayan Philippe,2019,,Sub,1,27,0,0,0.045396901667118,0.0,1,0,0,0,0,0.045396901667118,0.045396901667118,0.0
