player_id,player_name,season,team,position,games,time,goals,assists,xG,xA,shots,key_passes,yellow,red,npg,npxG,xGChain,xGBuildup
11049,Reda Belahyane,2025,,Sub,4,150,0,1,0.0,0.920782256871462,0,3,1,1,0,0.0,0.976503361016512,0.8372542858123779
11049,Reda Belahyane,2024,,MC,13,1153,0,2,0.1940229153260588,1.0857604276388884,6,13,2,0,0,0.1940229153260588,3.93520335201174,2.8916416419669986
11049,Reda Belahyane,2024,,DMC,5,445,0,0,0.0,0.0836304975673556,0,2,1,1,0,0.0,1.1837062202394009,1.1000757329165936
11049,Reda Belahyane,2024,,Sub,10,251,0,0,0.0,0.0289992019534111,0,1,1,1,0,0.0,0.685779757797718,0.656780555844307
11049,Reda Belahyane,2023,,DMC,1,75,0,0,0.0,0.0,0,0,0,0,0,0.0,0.8361473679542542,0.8361473679542542
11049,Reda Belahyane,2023,,Sub,2,37,0,0,0.0283172782510519,0.0,1,0,0,0,0,0.0283172782510519,0.0283172782510519,0.0
11049,Reda Belahyane,2022,,MC,1,90,0,0,0.0,0.0,0,0,0,0,0,0.0,0.165009006857872,0.165009006857872
11049,Reda Belahyane,2022,,Sub,3,86,0,0,0.0485533997416496,0.0370960123836994,1,1,0,0,0,0.0485533997416496,0.1462362892925739,0.0605868808925151
