player_id,player_name,season,team,position,games,time,goals,assists,xG,xA,shots,key_passes,yellow,red,npg,npxG,xGChain,xGBuildup
2555,Remiro,2025,,GK,9,810,0,0,0.0,0.0861811265349388,0,2,0,0,0,0.0,2.1247557178139687,2.038574583828449
2555,Remiro,2024,,GK,36,3240,0,0,0.0,0.0209182556718587,0,1,0,0,0,0.0,3.760053095407784,3.739134839735925
2555,Remiro,2023,,GK,37,3275,0,0,0.0,0.0272997692227363,0,1,3,1,0,0.0,2.69634373486042,2.669043943285942
2555,Remiro,2022,,GK,38,3420,0,0,0.0,0.0500283986330032,0,1,1,0,0,0.0,2.809489536099136,2.7594611337408423
2555,Remiro,2021,,GK,35,3150,0,0,0.0,0.0,0,0,1,0,0,0.0,5.01037117280066,5.01037117280066
2555,Remiro,2020,,GK,38,3420,0,0,0.0,0.0,0,0,0,0,0,0.0,3.788508365862072,3.788508365862072
2555,Remiro,2019,,GK,25,2250,0,0,0.0847690030932426,0.0164873003959655,1,1,0,0,0,0.0847690030932426,1.8016187082976105,1.7851314079016447
