player_id,player_name,season,team,position,games,time,goals,assists,xG,xA,shots,key_passes,yellow,red,npg,npxG,xGChain,xGBuildup
5569,Rhian Brewster,2023,,FW,3,192,0,0,0.2544517517089844,0.0532656237483024,4,1,0,0,0,0.2544517517089844,0.3358727749437094,0.0281553920358419
5569,Rhian Brewster,2023,,Sub,10,110,0,0,0.0904884133487939,0.0480884574353694,3,1,0,1,0,0.0904884133487939,0.4485824946314096,0.3100056238472461
5569,Rhian Brewster,2020,,FW,10,653,0,0,0.820656412281096,0.604493010789156,9,6,1,0,0,0.820656412281096,1.5689382888376713,0.2552597969770431
5569,Rhian Brewster,2020,,Sub,15,283,0,0,0.9430113779380918,0.3556636199355125,14,4,0,0,0,0.9430113779380918,1.3485306277871132,0.2403866173699498
5569,Rhian Brewster,2020,,FWL,1,90,0,0,0.168951004743576,0.0,2,0,0,0,0,0.168951004743576,0.2653520107269287,0.228762999176979
5569,Rhian Brewster,2020,,AMC,1,76,0,0,0.0,0.8064730167388916,0,1,0,0,0,0.0,0.8064730167388916,0.0
