player_id,player_name,season,team,position,games,time,goals,assists,xG,xA,shots,key_passes,yellow,red,npg,npxG,xGChain,xGBuildup
1601,Riccardo Marchizza,2023,,DL,12,1062,0,4,0.242714911699295,0.9633309692144394,7,11,1,0,0,0.242714911699295,2.3652594797313213,1.3743579853326082
1601,Riccardo Marchizza,2023,,DC,1,90,0,0,0.0098168654367327,0.0,1,0,0,0,0,0.0098168654367327,0.2165012061595916,0.2066843509674072
1601,Riccardo Marchizza,2022,,DL,3,198,0,0,0.0,0.1591376587748527,0,2,0,0,0,0.0,0.4184022843837738,0.2592644244432449
1601,Riccardo Marchizza,2022,,Sub,7,79,0,1,0.0,0.0397034995257854,0,1,1,0,0,0.0,0.3297010064125061,0.2899970114231109
1601,Riccardo Marchizza,2021,,DL,16,1239,0,0,0.2897438928484916,0.9833596833050252,6,11,3,0,0,0.2897438928484916,2.817180387675762,2.152808411978185
1601,Riccardo Marchizza,2021,,Sub,3,116,0,1,0.0421450994908809,0.6602659821510315,2,1,1,0,0,0.0421450994908809,0.8332837261259556,0.791138419881463
1601,Riccardo Marchizza,2020,,DL,17,1385,0,2,0.4494059905409813,1.0066744927316904,7,11,4,0,0,0.4494059905409813,2.163472220301628,1.2506535053253174
1601,Riccardo Marchizza,2020,,Sub,7,172,0,0,0.0,0.2275849021971225,0,4,0,0,0,0.0,0.8812241964042187,0.8812241964042187
