player_id,player_name,season,team,position,games,time,goals,assists,xG,xA,shots,key_passes,yellow,red,npg,npxG,xGChain,xGBuildup
9098,Robert Sánchez,2025,,GK,8,634,0,0,0,0.1910426318645477,0,2,2,1,0,0,3.4961742404848337,3.305131593719125
9098,Robert Sánchez,2024,,GK,32,2880,0,0,0,0.0161880310624837,0,1,5,0,0,0,6.038596088066697,6.022408057004213
9098,Robert Sánchez,2023,,GK,16,1438,0,0,0,0.0,0,0,2,0,0,0,4.148339273408055,4.148339273408055
9098,Robert Sánchez,2022,,GK,23,2070,0,0,0,0.0,0,0,2,0,0,0,2.587134573608637,2.587134573608637
9098,Robert Sánchez,2021,,GK,37,3330,0,0,0,0.6362469159066677,0,3,3,1,0,0,5.044877408072352,4.756718395277858
9098,Robert Sánchez,2020,,GK,27,2430,0,0,0,0.0256149005144834,0,1,2,0,0,0,3.148129854351282,3.122514847666025
