player_id,player_name,season,team,position,games,time,goals,assists,xG,xA,shots,key_passes,yellow,red,npg,npxG,xGChain,xGBuildup
13330,Robinio Vaz,2025,,FW,1,67,0,1,0.6927086114883423,0.4483806192874908,1,2,0,0,0,0.6927086114883423,1.183440923690796,1.0956772565841677
13330,Robinio Vaz,2025,,Sub,6,37,2,1,1.139314003288746,0.4210163354873657,3,1,1,0,2,1.139314003288746,2.213968738913536,0.6536384597420692
13330,Robinio Vaz,2024,,Sub,2,68,0,0,0.6522831320762634,0.0,2,0,1,0,0,0.6522831320762634,0.6837848871946335,0.03150175511837
