player_id,player_name,season,team,position,games,time,goals,assists,xG,xA,shots,key_passes,yellow,red,npg,npxG,xGChain,xGBuildup
8750,Rodrigo Battaglia,2022,,MC,8,604,0,0,0.0746406018733978,0.0,1,0,4,0,0,0.0746406018733978,0.6460838876664639,0.6460838876664639
8750,Rodrigo Battaglia,2022,,Sub,7,85,0,0,0.0194952003657817,0.0705360993742942,1,1,1,0,0,0.0194952003657817,0.2662759944796562,0.1762446947395801
8750,Rodrigo Battaglia,2021,,MC,7,610,0,0,0.2391989938914775,0.0840068003162741,3,2,0,0,0,0.2391989938914775,1.7507174126803875,1.6663389094173908
8750,Rodrigo Battaglia,2021,,DMC,5,404,0,0,0.0330576002597808,0.0171160008758306,2,1,1,0,0,0.0330576002597808,0.3519451972097158,0.3017715960741043
8750,Rodrigo Battaglia,2021,,Sub,14,144,0,0,0.0,0.0,0,0,3,0,0,0.0,0.3591637015342712,0.3591637015342712
8750,Rodrigo Battaglia,2020,,MC,26,2208,1,0,1.0337698962539434,0.0964141990989446,13,3,9,1,1,1.0337698962539434,2.529558952897787,2.3505981490015984
8750,Rodrigo Battaglia,2020,,DMC,3,270,0,0,0.1514929980039596,0.0,2,0,1,0,0,0.1514929980039596,0.0170274004340171,0.0170274004340171
8750,Rodrigo Battaglia,2020,,Sub,3,30,0,0,0.0220357999205589,0.0,1,0,0,0,0,0.0220357999205589,0.1354079991579055,0.1133729964494705
