player_id,player_name,season,team,position,games,time,goals,assists,xG,xA,shots,key_passes,yellow,red,npg,npxG,xGChain,xGBuildup
12041,Roman Yaremchuk,2023,,FW,11,698,3,0,2.7308076918125157,0.1735464483499527,9,4,2,0,3,2.7308076918125157,2.913978082127869,0.0096239419654011
12041,Roman Yaremchuk,2023,,Sub,14,232,0,0,1.4410787941887977,0.0389611758291721,9,2,0,0,0,1.4410787941887977,1.7172430399805307,0.3564926814287901
