player_id,player_name,season,team,position,games,time,goals,assists,xG,xA,shots,key_passes,yellow,red,npg,npxG,xGChain,xGBuildup
10004,Romeo Lavia,2025,,DMC,1,47,0,0,0.0,0.0,0,0,0,0,0,0.0,0.4291676580905914,0.4291676580905914
10004,Romeo Lavia,2025,,Sub,2,42,0,0,0.0,0.0,0,0,0,0,0,0.0,1.048369526863098,1.048369526863098
10004,Romeo Lavia,2024,,DMC,10,715,0,1,0.081313781440258,0.6860748287290335,1,6,3,0,0,0.081313781440258,2.526026234030724,1.867329940199852
10004,Romeo Lavia,2024,,MC,1,71,0,0,0.0,0.0371611788868904,0,1,0,0,0,0.0,0.1200291439890861,0.0828679651021957
10004,Romeo Lavia,2024,,Sub,5,44,0,0,0.065137542784214,0.0,1,0,1,0,0,0.065137542784214,0.065137542784214,0.0
10004,Romeo Lavia,2023,,Sub,1,29,0,0,0.0,0.0,0,0,0,0,0,0.0,0.0,0.0
10004,Romeo Lavia,2022,,MC,13,1135,0,0,0.0859679030254483,0.2841281415894627,4,9,5,0,0,0.0859679030254483,2.89591858163476,2.654767889529466
10004,Romeo Lavia,2022,,DMC,13,1039,1,0,0.1772099044173956,0.233637548983097,8,7,3,0,1,0.1772099044173956,2.2672951333224773,2.0128989294171333
10004,Romeo Lavia,2022,,Sub,3,87,0,0,0.0,0.0,0,0,1,0,0,0.0,0.4955739974975586,0.4955739974975586
