player_id,player_name,season,team,position,games,time,goals,assists,xG,xA,shots,key_passes,yellow,red,npg,npxG,xGChain,xGBuildup
10232,Ruan,2023,,DC,15,1185,0,0,0.5448156297206879,0.5424763485789299,6,3,3,1,0,0.5448156297206879,1.785075950436294,1.645831408910453
10232,Ruan,2023,,Sub,10,264,0,0,0.0,0.1095120683312416,0,1,1,0,0,0.0,0.598046563565731,0.4885344952344894
10232,Ruan,2023,,DR,1,64,0,0,0.0126517731696367,0.0,1,0,1,0,0,0.0126517731696367,0.0,0.0
10232,Ruan,2022,,DC,21,1723,0,0,0.9320680871605872,0.0193500407040119,4,1,8,3,0,0.9320680871605872,2.46853306889534,2.46853306889534
10232,Ruan,2022,,Sub,2,11,0,0,0.0134143996983766,0.0,1,0,1,0,0,0.0134143996983766,0.0,0.0
10232,Ruan,2021,,Sub,10,194,0,0,0.0,0.1007781978696584,0,2,1,0,0,0.0,0.5578839033842087,0.4720542058348655
