player_id,player_name,season,team,position,games,time,goals,assists,xG,xA,shots,key_passes,yellow,red,npg,npxG,xGChain,xGBuildup
7277,Ryan John Giles,2023,,DML,3,250,0,0,0.0,0.1650890111923217,0,3,0,0,0,0.0,0.2861588262021541,0.243841964751482
7277,Ryan John Giles,2023,,DL,2,163,0,0,0.0736318752169609,0.060987127944827,1,2,0,0,0,0.0736318752169609,0.2513364031910896,0.1485200487077236
7277,Ryan John Giles,2023,,Sub,6,79,0,0,0.0735124126076698,0.0,1,0,0,0,0,0.0735124126076698,0.207265093922615,0.1337526887655258
