player_id,player_name,season,team,position,games,time,goals,assists,xG,xA,shots,key_passes,yellow,red,npg,npxG,xGChain,xGBuildup
12356,Saba Goglichidze,2025,,DC,2,180,0,0,0.4604214429855346,0.0431298203766346,1,1,1,0,0,0.4604214429855346,0.6260628402233124,0.5829330198466778
12356,Saba Goglichidze,2025,,Sub,2,56,0,0,0.0,0.0202791020274162,0,1,0,0,0,0.0,0.0,0.0
12356,Saba Goglichidze,2024,,DC,28,2329,0,1,0.1715947100892663,0.3744480684399605,5,3,3,1,0,0.1715947100892663,1.8611214384436607,1.410059029236436
12356,Saba Goglichidze,2024,,Sub,4,158,0,0,0.0902880579233169,0.0,1,0,0,0,0,0.0902880579233169,0.5488940216600895,0.5488940216600895
12356,Saba Goglichidze,2024,,DR,1,73,0,0,0.0,0.0,0,0,0,0,0,0.0,0.0,0.0
