player_id,player_name,season,team,position,games,time,goals,assists,xG,xA,shots,key_passes,yellow,red,npg,npxG,xGChain,xGBuildup
9381,Saba Sazonov,2024,,Sub,1,1,0,0,0.0,0.0,0,0,0,0,0,0.0,0.0,0.0
9381,Saba Sazonov,2023,,Sub,14,311,0,0,0.3835054039955139,0.0382866822183132,1,1,1,0,0,0.3835054039955139,0.2101767808198928,0.1718901023268699
9381,Saba Sazonov,2023,,DC,2,110,0,0,0.0,0.0,0,0,1,0,0,0.0,0.1770684793591499,0.1770684793591499
9381,Saba Sazonov,2022,,DC,22,1870,1,0,0.8993256725370884,0.5366989821195602,14,2,9,0,1,0.8993256725370884,4.86879875138402,4.588409514166415
9381,Saba Sazonov,2022,,Sub,2,103,0,0,0.0,0.0,0,0,0,0,0,0.0,0.3722405359148979,0.3722405359148979
9381,Saba Sazonov,2021,,DC,3,270,0,0,1.0720769837498665,0.0,2,0,0,0,0,1.0720769837498665,1.1167569756507874,0.1672931984066963
9381,Saba Sazonov,2021,,Sub,3,34,0,0,0.0,0.0935641974210739,0,1,0,0,0,0.0,0.2779839932918548,0.1844190061092376
9381,Saba Sazonov,2020,,Sub,1,12,0,0,0.0,0.0,0,0,0,0,0,0.0,0.0,0.0
