player_id,player_name,season,team,position,games,time,goals,assists,xG,xA,shots,key_passes,yellow,red,npg,npxG,xGChain,xGBuildup
9562,Sacha Delaye,2023,,Sub,9,104,0,0,0.2782323099672794,0.1018649041652679,5,2,1,0,0,0.2782323099672794,0.3558684810996055,0.0236500464379787
9562,Sacha Delaye,2022,,Sub,3,12,1,0,0.0602614991366863,0.0,2,0,0,0,1,0.0602614991366863,0.0602614991366863,0.0
9562,Sacha Delaye,2021,,ML,2,140,0,0,0.0,0.0354419983923435,0,1,0,0,0,0.0,0.3350920081138611,0.2996498048305511
9562,Sacha Delaye,2021,,AMR,1,61,0,0,0.0164707005023956,0.0,1,0,0,0,0,0.0164707005023956,0.0164707005023956,0.0
9562,Sacha Delaye,2021,,Sub,8,45,0,1,0.0564671009778976,0.9637710191309452,2,2,0,0,0,0.0564671009778976,1.090354606509209,0.1109659969806671
9562,Sacha Delaye,2020,,Sub,1,4,0,0,0.0,0.0,0,0,0,0,0,0.0,0.1285839974880218,0.1285839974880218
