player_id,player_name,season,team,position,games,time,goals,assists,xG,xA,shots,key_passes,yellow,red,npg,npxG,xGChain,xGBuildup
11806,Sadibou Sané,2025,,DC,5,400,1,0,0.0506378002464771,0.0,1,0,1,2,1,0.0506378002464771,0.4742842763662338,0.4742842763662338
11806,Sadibou Sané,2023,,DC,9,770,0,0,0.2431267946958542,0.0,3,0,1,0,0,0.2431267946958542,1.0668466957286,1.0668466957286
11806,Sadibou Sané,2023,,Sub,5,75,0,0,0.0610213335603475,0.0087460940703749,2,1,0,0,0,0.0610213335603475,0.7873721718788147,0.7873721718788147
