player_id,player_name,season,team,position,games,time,goals,assists,xG,xA,shots,key_passes,yellow,red,npg,npxG,xGChain,xGBuildup
13911,Said El Mala,2025,,Sub,6,152,2,1,0.4933368731290102,0.492474265396595,11,3,0,0,2,0.4933368731290102,1.117400038987398,0.2581535540521145
13911,Said El Mala,2025,,AMC,1,78,1,0,0.8878874778747559,0.0,3,0,0,0,1,0.8878874778747559,0.9532591104507446,0.0653716102242469
