player_id,player_name,season,team,position,games,time,goals,assists,xG,xA,shots,key_passes,yellow,red,npg,npxG,xGChain,xGBuildup
3989,Salvatore Molina,2022,,Sub,4,134,0,0,0.0,0.1075790002942085,0,2,1,0,0,0.0,0.2333602979779243,0.1506252959370613
3989,Salvatore Molina,2022,,DML,1,80,0,0,0.0451937988400459,0.0,1,0,0,0,0,0.0451937988400459,0.179744005203247,0.134550005197525
3989,Salvatore Molina,2020,,MC,16,1297,1,3,0.53798539750278,1.27912309858948,10,16,0,0,1,0.53798539750278,4.46333235502243,3.2500990014523268
3989,Salvatore Molina,2020,,DML,6,536,0,0,0.1980664953589439,0.0669190008193254,4,3,0,0,0,0.1980664953589439,0.7074520085006952,0.5040690079331398
3989,Salvatore Molina,2020,,DMR,5,389,0,0,0.0,0.1426745038479566,0,4,0,0,0,0.0,0.580239993520081,0.521905891597271
3989,Salvatore Molina,2020,,MR,1,90,0,1,0.0,0.9361479878425598,0,2,1,0,0,0.0,0.3933889865875244,0.0
3989,Salvatore Molina,2020,,Sub,1,24,0,0,0.0207726992666721,0.0,1,0,0,0,0,0.0207726992666721,0.3671840131282806,0.3671840131282806
3989,Salvatore Molina,2014,,ML,2,129,0,0,0.0270952992141246,0.0836893022060394,1,3,0,0,0,0.0270952992141246,0.0810298025608062,0.0
3989,Salvatore Molina,2014,,Sub,2,47,0,0,0.0544859990477561,0.0,1,0,1,0,0,0.0544859990477561,0.0697351992130279,0.0152492001652717
