player_id,player_name,season,team,position,games,time,goals,assists,xG,xA,shots,key_passes,yellow,red,npg,npxG,xGChain,xGBuildup
9493,Sam Greenwood,2022,,Sub,15,157,1,1,0.472758799791336,0.6611670888960361,7,10,0,0,1,0.472758799791336,0.8449186570942402,0.6448863409459591
9493,Sam Greenwood,2022,,MC,2,138,0,1,0.1635519005358219,0.2401529997587204,3,2,1,0,0,0.1635519005358219,0.1658808924257755,0.0
9493,Sam Greenwood,2022,,DMC,1,78,0,0,0.0544095002114772,0.0,2,0,0,0,0,0.0544095002114772,0.0544095002114772,0.0
9493,Sam Greenwood,2021,,Sub,6,135,0,2,0.1541659981012344,0.4314804896712303,2,4,0,0,0,0.1541659981012344,1.1436379998922348,0.6631826087832451
9493,Sam Greenwood,2021,,MC,1,87,0,0,0.0718180015683174,0.0,2,0,0,0,0,0.0718180015683174,0.0820086002349853,0.0101905995979905
