player_id,player_name,season,team,position,games,time,goals,assists,xG,xA,shots,key_passes,yellow,red,npg,npxG,xGChain,xGBuildup
978,Sam Johnstone,2025,,GK,4,360,0,0,0,0.0,0,0,0,0,0,0,0.3112466409802437,0.3112466409802437
978,Sam Johnstone,2024,,GK,7,630,0,0,0,0.0490641593933105,0,1,0,0,0,0,1.1530965231359005,1.1530965231359005
978,Sam Johnstone,2023,,GK,20,1800,0,0,0,0.0,0,0,1,0,0,0,1.9733385294675827,1.9733385294675827
978,Sam Johnstone,2022,,GK,9,810,0,0,0,0.0,0,0,1,0,0,0,0.26689063757658,0.26689063757658
978,Sam Johnstone,2020,,GK,37,3330,0,1,0,0.1101170033216476,0,1,1,0,0,0,2.627215479500592,2.517098476178944
