player_id,player_name,season,team,position,games,time,goals,assists,xG,xA,shots,key_passes,yellow,red,npg,npxG,xGChain,xGBuildup
8870,Sam Lammers,2022,,FW,23,1758,1,2,4.084536092355847,1.703139622695744,42,18,1,0,1,4.084536092355847,6.673787981271744,1.4509302861988544
8870,Sam Lammers,2022,,Sub,10,254,1,0,1.4660959020256996,0.3037279061973095,9,5,0,0,1,1.4660959020256996,1.4509616866707802,0.3222166709601879
8870,Sam Lammers,2021,,FW,4,273,1,0,0.4259756952524185,0.1184225995093584,6,2,0,0,1,0.4259756952524185,0.3880890980362892,0.0
8870,Sam Lammers,2021,,Sub,12,220,0,0,0.4098785948008299,0.0,6,0,1,0,0,0.4098785948008299,0.7328919898718596,0.3363934010267257
8870,Sam Lammers,2021,,FWL,1,60,0,0,0.2292499989271164,0.0,1,0,0,0,0,0.2292499989271164,0.0,0.0
8870,Sam Lammers,2020,,Sub,14,222,2,0,0.8429194837808609,0.3866702131927013,7,4,0,0,2,0.8429194837808609,2.767406113445759,1.896811908110976
8870,Sam Lammers,2020,,FW,1,47,0,0,0.5406249761581421,0.0,2,0,0,0,0,0.5406249761581421,0.5406249761581421,0.4755760133266449
