player_id,player_name,season,team,position,games,time,goals,assists,xG,xA,shots,key_passes,yellow,red,npg,npxG,xGChain,xGBuildup
12284,Samir El Mourabet,2025,,MC,5,375,0,0,0.1328976824879646,0.4313017874956131,3,2,0,0,0,0.1328976824879646,1.1324235871434212,0.6025353893637657
12284,Samir El Mourabet,2025,,Sub,3,35,0,0,0.0861393064260482,0.0,1,0,0,0,0,0.0861393064260482,0.1264319121837616,0.0402926057577133
