player_id,player_name,season,team,position,games,time,goals,assists,xG,xA,shots,key_passes,yellow,red,npg,npxG,xGChain,xGBuildup
13800,Samir Chergui,2025,,DR,4,354,0,0,0.0589159354567527,0.0917504355311393,2,1,0,0,0,0.0589159354567527,1.3432784974575045,1.2058129012584686
13800,Samir Chergui,2025,,DC,2,180,0,0,0.0324038192629814,0.0,2,0,0,0,0,0.0324038192629814,0.9778181165456772,0.9668007791042328
13800,Samir Chergui,2025,,Sub,1,20,0,0,0.0,0.0,0,0,0,0,0,0.0,0.1064043119549751,0.1064043119549751
