player_id,player_name,season,team,position,games,time,goals,assists,xG,xA,shots,key_passes,yellow,red,npg,npxG,xGChain,xGBuildup
1505,Samir Handanovic,2022,,GK,14,1236,0,0,0.0,0.0517636872828006,0,1,0,0,0,0.0,3.6937343031167984,3.6937343031167984
1505,Samir Handanovic,2021,,GK,37,3330,0,0,0.0,0.0,0,0,1,0,0,0.0,8.01733011007309,8.01733011007309
1505,Samir Handanovic,2020,,GK,37,3244,0,0,0.0,0.0,0,0,1,0,0,0.0,6.667667277157307,6.667667277157307
1505,Samir Handanovic,2019,,GK,35,3150,0,0,0.0,0.1665813028812408,0,2,2,0,0,0.0,4.89583963342011,4.820576431229711
1505,Samir Handanovic,2018,,GK,38,3420,0,0,0.0,0.0,0,0,0,0,0,0.0,4.684538193047047,4.684538193047047
1505,Samir Handanovic,2017,,GK,38,3420,0,0,0.0,0.0,0,0,0,0,0,0.0,4.585601156577468,4.585601156577468
1505,Samir Handanovic,2016,,GK,37,3330,0,0,0.0295605007559061,0.0,1,0,4,0,0,0.0295605007559061,5.5048680901527405,5.5048680901527405
1505,Samir Handanovic,2015,,GK,36,3240,0,0,0.0,0.0,0,0,5,0,0,0.0,3.35711419954896,3.35711419954896
1505,Samir Handanovic,2014,,GK,37,3330,0,0,0.0,0.0,0,0,2,0,0,0.0,4.669234906323254,4.669234906323254
