player_id,player_name,season,team,position,games,time,goals,assists,xG,xA,shots,key_passes,yellow,red,npg,npxG,xGChain,xGBuildup
12922,Samuel Essende,2025,,FW,1,90,0,0,0.0,0.0,0,0,1,0,0,0.0,0.0,0.0
12922,Samuel Essende,2025,,Sub,3,51,1,0,0.3429335355758667,0.2636554120108485,4,2,0,0,1,0.3429335355758667,0.3563859639689326,0.0
12922,Samuel Essende,2024,,FW,21,1467,6,2,5.002278570085764,1.693508442491293,36,10,3,2,6,5.002278570085764,5.822194025851786,1.0767087284475565
12922,Samuel Essende,2024,,Sub,9,201,1,0,0.7682295963168144,0.0741982012987136,8,1,1,0,1,0.7682295963168144,0.8632782250642776,0.0829054936766624
