player_id,player_name,season,team,position,games,time,goals,assists,xG,xA,shots,key_passes,yellow,red,npg,npxG,xGChain,xGBuildup
10616,Samuel Iling-Junior,2024,,Sub,7,98,1,0,0.1766015514731407,0.0679608359932899,4,1,0,0,1,0.1766015514731407,0.4406674802303314,0.2640659213066101
10616,Samuel Iling-Junior,2023,,Sub,20,419,1,2,0.7516565285623074,1.2913253270089626,7,14,1,0,1,0.7516565285623074,2.715604592114687,1.733449101448059
10616,Samuel Iling-Junior,2023,,DML,4,340,0,0,0.1195592135190963,0.4657611772418022,2,5,0,0,0,0.1195592135190963,1.5781192630529404,1.3585829436779022
10616,Samuel Iling-Junior,2022,,Sub,11,199,0,1,0.1295244051143527,0.2023944612592458,3,5,1,0,0,0.1295244051143527,2.142598565667868,1.9230435155332088
10616,Samuel Iling-Junior,2022,,DML,1,83,1,0,0.5879694819450378,0.0,1,0,0,0,1,0.5879694819450378,0.5879694819450378,0.0
