player_id,player_name,season,team,position,games,time,goals,assists,xG,xA,shots,key_passes,yellow,red,npg,npxG,xGChain,xGBuildup
11927,Samuele Mulattieri,2023,,Sub,26,305,0,0,1.11442119628191,0.5217657005414367,11,5,1,0,0,1.11442119628191,2.150142624974251,0.6421138299629092
11927,Samuele Mulattieri,2023,,FW,1,83,0,0,0.1808370649814605,0.0796493738889694,2,2,0,0,0,0.1808370649814605,0.2604864239692688,0.0
