player_id,player_name,season,team,position,games,time,goals,assists,xG,xA,shots,key_passes,yellow,red,npg,npxG,xGChain,xGBuildup
11831,Samu Omorodion,2023,,FW,22,1784,9,0,11.045274198055267,1.0887212231755257,53,12,2,0,9,11.045274198055267,12.96581955999136,2.278701959177852
11831,Samu Omorodion,2023,,Sub,13,230,0,1,2.255930610001087,0.7951816879212856,14,6,4,0,0,2.255930610001087,2.4298923686146736,0.7471859753131866
