player_id,player_name,season,team,position,games,time,goals,assists,xG,xA,shots,key_passes,yellow,red,npg,npxG,xGChain,xGBuildup
11618,Samuel Amo-Ameyaw,2025,,Sub,4,113,0,1,0.0944206360727548,0.3978423867374658,2,3,1,0,0,0.0944206360727548,1.207980394363403,0.7662739753723145
11618,Samuel Amo-Ameyaw,2025,,DR,1,82,0,0,0.0,0.0,0,0,0,0,0,0.0,0.0334102474153041,0.0334102474153041
11618,Samuel Amo-Ameyaw,2024,,AMC,2,156,1,0,0.2049603089690208,0.1309127062559127,3,2,0,0,1,0.2049603089690208,0.7932771146297455,0.4574041068553924
11618,Samuel Amo-Ameyaw,2024,,Sub,8,90,1,0,0.7139539159834385,0.1844859756529331,5,2,1,0,1,0.7139539159834385,0.9381422735750676,0.0397023744881153
11618,Samuel Amo-Ameyaw,2024,,DMR,1,81,0,0,0.1302445083856582,0.120907112956047,2,1,0,0,0,0.1302445083856582,0.8806177377700806,0.6294661164283752
11618,Samuel Amo-Ameyaw,2022,,Sub,1,1,0,0,0.0,0.0250539388507604,0,1,0,0,0,0.0,0.0250539388507604,0.0250539388507604
