player_id,player_name,season,team,position,games,time,goals,assists,xG,xA,shots,key_passes,yellow,red,npg,npxG,xGChain,xGBuildup
7339,Samu S치iz,2022,,Sub,7,149,2,0,1.5808860063552856,0.2584740966558456,4,3,0,0,0,0.0944583006203174,1.4187982194125652,1.0658661127090454
7339,Samu S치iz,2022,,AMC,1,65,0,0,0.0,0.0,0,0,1,0,0,0.0,0.0,0.0
7339,Samu S치iz,2018,,ML,2,161,0,0,0.0347504001110792,0.0872474014759063,2,2,0,0,0,0.0347504001110792,1.1443079710006714,1.0401534959673882
7339,Samu S치iz,2018,,Sub,8,134,1,0,0.2494422942399978,0.0406359992921352,5,1,2,0,1,0.2494422942399978,0.7163014262914658,0.5503905937075615
