player_id,player_name,season,team,position,games,time,goals,assists,xG,xA,shots,key_passes,yellow,red,npg,npxG,xGChain,xGBuildup
8812,Sasa Kalajdzic,2025,,Sub,1,11,0,0,0.0,0.0,0,0,0,0,0,0.0,0.0,0.0
8812,Sasa Kalajdzic,2023,,FW,6,394,0,1,0.1673691570758819,1.0979803130030632,2,4,0,0,0,0.1673691570758819,1.7575737535953522,0.6435737758874893
8812,Sasa Kalajdzic,2023,,Sub,10,69,2,0,1.3522434905171394,0.7117666676640511,4,3,0,0,2,1.3522434905171394,2.1170667558908463,0.0802123546600341
8812,Sasa Kalajdzic,2022,,FW,4,289,0,3,0.9234404116868972,0.681012399494648,6,6,1,0,0,0.9234404116868972,1.094398096203804,0.2441340982913971
8812,Sasa Kalajdzic,2021,,FW,13,1161,6,0,7.140694715082645,2.166860193014145,38,18,2,0,5,5.625141762197018,8.1180849224329,2.194076679646969
8812,Sasa Kalajdzic,2021,,Sub,2,57,0,1,0.0,0.6324999928474426,0,3,0,0,0,0.0,0.1550029963254928,0.1245969980955123
8812,Sasa Kalajdzic,2020,,FW,23,1895,11,4,9.421110186725857,3.0980496369302277,46,24,1,0,11,9.421110186725857,13.0921935364604,3.163238258101046
8812,Sasa Kalajdzic,2020,,Sub,10,251,5,1,1.8171341996639967,0.1387630999088287,20,2,0,0,5,1.8171341996639967,2.0734061319381,0.4429094977676868
