player_id,player_name,season,team,position,games,time,goals,assists,xG,xA,shots,key_passes,yellow,red,npg,npxG,xGChain,xGBuildup
10757,Scott McKenna,2024,,DC,28,2448,0,0,1.1912503112107515,0.2465306296944618,10,4,5,1,0,1.1912503112107515,4.782997235655785,4.271701442077756
10757,Scott McKenna,2024,,Sub,1,20,0,0,0.0,0.0,0,0,0,0,0,0.0,0.0,0.0
10757,Scott McKenna,2023,,DC,5,420,0,0,0.1700837537646293,0.1904423832893371,2,3,0,0,0,0.1700837537646293,0.285503588616848,0.1808048486709594
10757,Scott McKenna,2022,,DC,19,1558,0,0,0.072630500420928,0.8567974828183651,2,8,4,0,0,0.072630500420928,3.241087295114994,2.432008508592844
10757,Scott McKenna,2022,,Sub,1,10,0,0,0.0,0.0,0,0,0,0,0,0.0,0.0683410018682479,0.0683410018682479
