player_id,player_name,season,team,position,games,time,goals,assists,xG,xA,shots,key_passes,yellow,red,npg,npxG,xGChain,xGBuildup
7859,Sergio Herrera,2025,,GK,9,810,0,0,0,0.0,0,0,0,0,0,0,0.4942442923784256,0.4942442923784256
7859,Sergio Herrera,2024,,GK,37,3330,0,0,0,0.0,0,0,5,0,0,0,3.095418728888035,3.095418728888035
7859,Sergio Herrera,2023,,GK,32,2875,0,0,0,0.0070047862827777,0,1,2,0,0,0,1.963049747981131,1.9560449616983533
7859,Sergio Herrera,2022,,GK,17,1530,0,0,0,0.0283029004931449,0,1,3,0,0,0,2.24229178018868,2.2139888796955347
7859,Sergio Herrera,2021,,GK,36,3240,0,0,0,0.0161438006907701,0,1,3,0,0,0,1.857691077515483,1.841547099873424
7859,Sergio Herrera,2020,,GK,32,2880,0,0,0,0.1201749965548515,0,1,1,0,0,0,2.542408585548401,2.4222335889935493
7859,Sergio Herrera,2020,,Sub,1,78,0,0,0,0.0,0,0,1,0,0,0,0.0,0.0
7859,Sergio Herrera,2019,,GK,18,1586,0,0,0,0.02563720010221,0,1,2,1,0,0,0.4981931000947952,0.47255589812994
7859,Sergio Herrera,2019,,Sub,1,72,0,0,0,0.0,0,0,0,0,0,0,0.0,0.0
