player_id,player_name,season,team,position,games,time,goals,assists,xG,xA,shots,key_passes,yellow,red,npg,npxG,xGChain,xGBuildup
12791,Sergio González,2024,,DC,33,2891,1,0,1.5080421650782228,0.5771256238222122,12,4,2,1,1,1.5080421650782228,2.6780589781701565,2.6134900487959385
12791,Sergio González,2024,,Sub,3,75,1,0,0.449967622756958,0.0,1,0,0,0,1,0.449967622756958,0.0646881461143493,0.0646881461143493
