player_id,player_name,season,team,position,games,time,goals,assists,xG,xA,shots,key_passes,yellow,red,npg,npxG,xGChain,xGBuildup
8761,Shon Weissman,2023,,FW,5,336,0,0,0.2386045530438423,0.0986453294754028,3,1,0,0,0,0.2386045530438423,0.3696316480636596,0.0813798606395721
8761,Shon Weissman,2023,,Sub,11,221,1,0,0.570114390924573,0.0314934626221656,4,1,0,0,1,0.570114390924573,0.6336637744680047,0.0320559376850724
8761,Shon Weissman,2022,,FW,6,453,0,0,1.7100252881646156,0.0227215997874736,11,1,0,0,0,1.7100252881646156,1.641074277460575,0.0079720104113221
8761,Shon Weissman,2022,,Sub,9,288,1,0,1.0634416807442904,0.1233778987079858,7,2,1,0,1,1.0634416807442904,0.926100597716868,0.1321970010176301
8761,Shon Weissman,2020,,FW,24,1939,6,1,5.584837421774864,2.511255258694291,35,16,3,0,6,5.584837421774864,9.109804302453997,2.4247397603467107
8761,Shon Weissman,2020,,Sub,8,194,0,0,0.2707090079784393,0.0987297017127275,4,3,0,0,0,0.2707090079784393,0.3840467929840088,0.0146078001707792
