player_id,player_name,season,team,position,games,time,goals,assists,xG,xA,shots,key_passes,yellow,red,npg,npxG,xGChain,xGBuildup
1158,Simone Scuffet,2024,,GK,14,1260,0,0,0,0.0,0,0,0,0,0,0,0.5037520937621593,0.5037520937621593
1158,Simone Scuffet,2023,,GK,31,2790,0,0,0,0.0,0,0,3,0,0,0,3.285050520673394,3.285050520673394
1158,Simone Scuffet,2020,,GK,1,90,0,0,0,0.0,0,0,0,0,0,0,0.0,0.0
1158,Simone Scuffet,2018,,GK,9,810,0,0,0,0.0,0,0,0,0,0,0,0.264959093183279,0.264959093183279
1158,Simone Scuffet,2017,,GK,6,540,0,0,0,0.0119356997311115,0,1,0,0,0,0,0.2109507024288177,0.2109507024288177
1158,Simone Scuffet,2016,,GK,5,450,0,0,0,0.0258521996438503,0,1,0,0,0,0,0.4195490926504135,0.3936968930065632
1158,Simone Scuffet,2016,,Sub,1,9,0,0,0,0.0,0,0,0,0,0,0,0.0,0.0
1158,Simone Scuffet,2014,,GK,1,90,0,0,0,0.0,0,0,0,0,0,0,0.012381000444293,0.012381000444293
1158,Simone Scuffet,2014,,Sub,1,62,0,0,0,0.0,0,0,0,0,0,0,0.0,0.0
