player_id,player_name,season,team,position,games,time,goals,assists,xG,xA,shots,key_passes,yellow,red,npg,npxG,xGChain,xGBuildup
1971,Simone Romagnoli,2023,,DC,30,2612,1,1,1.2882206961512566,0.4073518738150596,12,3,4,0,1,1.2882206961512566,6.038465643301606,5.950716221705079
1971,Simone Romagnoli,2023,,Sub,3,94,0,0,0.0,0.0,0,0,2,0,0,0.0,0.0758271217346191,0.0758271217346191
1971,Simone Romagnoli,2022,,DC,1,90,0,0,0.0,0.0,0,0,0,0,0,0.0,0.0,0.0
1971,Simone Romagnoli,2022,,Sub,6,63,0,0,0.0121958497911691,0.0,1,0,0,0,0,0.0121958497911691,0.0070645799860358,0.0070645799860358
1971,Simone Romagnoli,2021,,DC,17,1471,2,0,1.82380997762084,0.7224666131660342,5,5,2,0,2,1.82380997762084,3.044869836419821,2.92191625200212
1971,Simone Romagnoli,2021,,Sub,2,26,0,0,0.0,0.0,0,0,1,0,0,0.0,0.3441249877214432,0.3441249877214432
1971,Simone Romagnoli,2017,,DC,6,511,0,0,0.0,0.0244967006146907,0,1,1,0,0,0.0,0.571705786511302,0.571705786511302
1971,Simone Romagnoli,2017,,Sub,2,40,0,0,0.0,0.0,0,0,0,0,0,0.0,0.0,0.0
1971,Simone Romagnoli,2015,,DC,30,2639,0,0,0.5639794273301959,0.7487021796405315,12,5,5,0,0,0.5639794273301959,1.945013579912484,1.8614497790113087
