player_id,player_name,season,team,position,games,time,goals,assists,xG,xA,shots,key_passes,yellow,red,npg,npxG,xGChain,xGBuildup
9029,Simon Sohm,2025,,MC,3,204,0,0,0.0,0.8929034620523453,0,4,1,0,0,0.0,0.9494695514440536,0.8901746720075607
9029,Simon Sohm,2025,,Sub,3,30,0,0,0.0258604940026998,0.0,1,0,1,0,0,0.0258604940026998,0.0616637710481882,0.0358032770454883
9029,Simon Sohm,2024,,MC,19,1588,1,0,1.4350234735757113,1.4843821078538897,17,9,4,0,1,1.4350234735757113,8.003397338092327,5.469592509791255
9029,Simon Sohm,2024,,DMC,14,1175,2,0,1.822919625788927,1.1197978984564545,12,10,1,0,2,1.822919625788927,5.461535550653935,3.1858009956777096
9029,Simon Sohm,2024,,AMC,3,224,1,0,0.6032518707215786,0.0267346743494272,4,1,1,0,1,0.6032518707215786,1.2906865552067757,0.6732942778617144
9029,Simon Sohm,2024,,Sub,1,28,0,0,0.4887545108795166,0.0,1,0,0,0,0,0.4887545108795166,0.9646323919296264,0.4758778810501098
9029,Simon Sohm,2020,,MC,7,550,1,0,0.7328673731535673,0.3187932074069977,3,2,0,0,1,0.7328673731535673,1.444987466558814,1.012372963130474
9029,Simon Sohm,2020,,Sub,10,260,0,0,0.0249524004757404,0.0654650032520294,1,1,1,0,0,0.0249524004757404,0.9467293098568916,0.9217769093811512
9029,Simon Sohm,2020,,FWR,1,77,0,0,0.0683882981538772,0.1333059966564178,1,1,0,0,0,0.0683882981538772,0.2349189966917038,0.0332255996763706
