player_id,player_name,season,team,position,games,time,goals,assists,xG,xA,shots,key_passes,yellow,red,npg,npxG,xGChain,xGBuildup
11090,Siriné Doucouré,2023,,FW,5,315,0,2,0.1913739778101444,0.8874805402010679,3,8,2,0,0,0.1913739778101444,1.1645163726061585,0.7223952319473028
11090,Siriné Doucouré,2023,,Sub,6,107,1,1,0.8869070075452328,0.1408697143197059,6,2,0,0,1,0.8869070075452328,1.460562750697136,0.4327860483899712
11090,Siriné Doucouré,2022,,Sub,12,105,0,1,0.6417881920933723,0.8075737841427326,7,5,0,0,0,0.6417881920933723,1.4447268843650818,0.6345501858741045
