player_id,player_name,season,team,position,games,time,goals,assists,xG,xA,shots,key_passes,yellow,red,npg,npxG,xGChain,xGBuildup
10467,Soumaila Coulibaly,2025,,DC,1,90,0,0,0.0451070815324783,0.0,1,0,0,0,0,0.0451070815324783,0.676547646522522,0.676547646522522
10467,Soumaila Coulibaly,2024,,DC,5,393,0,0,0.2297682277858257,0.0511240065097808,4,1,1,0,0,0.2297682277858257,0.3399641402065754,0.3399641402065754
10467,Soumaila Coulibaly,2024,,Sub,2,42,0,0,0.0,0.0,0,0,0,0,0,0.0,0.0604459457099437,0.0604459457099437
10467,Soumaila Coulibaly,2022,,Sub,1,42,0,0,0.0,0.0,0,0,0,0,0,0.0,0.0692417025566101,0.0692417025566101
