player_id,player_name,season,team,position,games,time,goals,assists,xG,xA,shots,key_passes,yellow,red,npg,npxG,xGChain,xGBuildup
13939,Stefano Moreo,2025,,FW,3,213,0,0,0.1229757517576217,0.034157820045948,2,1,0,0,0,0.1229757517576217,0.6117374375462532,0.5210329741239548
13939,Stefano Moreo,2025,,AMC,2,110,0,0,1.0007652044296265,0.0784753635525703,3,2,0,0,0,1.0007652044296265,1.0792405605316162,0.0136445835232734
13939,Stefano Moreo,2025,,Sub,1,1,0,0,0.0,0.0,0,0,0,0,0,0.0,0.0,0.0
