player_id,player_name,season,team,position,games,time,goals,assists,xG,xA,shots,key_passes,yellow,red,npg,npxG,xGChain,xGBuildup
8786,Stefan Ortega Moreno,2024,,GK,12,1080,0,0,0,0.0,0,0,1,0,0,0,2.8627792466431856,2.8627792466431856
8786,Stefan Ortega Moreno,2024,,Sub,1,16,0,0,0,0.0,0,0,0,0,0,0,0.0,0.0
8786,Stefan Ortega Moreno,2023,,GK,5,450,0,0,0,0.0,0,0,0,0,0,0,1.4568043537437916,1.4568043537437916
8786,Stefan Ortega Moreno,2023,,Sub,4,176,0,0,0,0.0,0,0,0,0,0,0,0.258921854197979,0.258921854197979
8786,Stefan Ortega Moreno,2022,,GK,3,270,0,0,0,0.0,0,0,0,0,0,0,0.4219337403774261,0.4219337403774261
8786,Stefan Ortega Moreno,2021,,GK,33,2970,0,0,0,0.198719996958971,0,5,1,0,0,0,2.1753453044220805,2.048474506475032
8786,Stefan Ortega Moreno,2020,,GK,34,3060,0,1,0,0.2559500951319933,0,5,1,0,0,0,3.450949050486088,3.218182855285704
