player_id,player_name,season,team,position,games,time,goals,assists,xG,xA,shots,key_passes,yellow,red,npg,npxG,xGChain,xGBuildup
10723,Stefan Bajcetic,2024,,DMC,6,473,1,0,0.1310370415449142,0.1344169341027736,3,4,2,0,1,0.1310370415449142,0.5342116840183735,0.3640816435217857
10723,Stefan Bajcetic,2024,,MC,4,315,0,0,0.0307774012908339,0.0151860062032938,2,1,1,0,0,0.0307774012908339,0.8303161077201366,0.7967305183410645
10723,Stefan Bajcetic,2024,,DC,2,141,0,0,0.0,0.0688234791159629,0,2,1,0,0,0.0,0.0688234791159629,0.0523908175528049
10723,Stefan Bajcetic,2024,,Sub,2,57,0,0,0.0,0.0,0,0,0,0,0,0.0,0.0,0.0
10723,Stefan Bajcetic,2023,,Sub,1,23,0,0,0.0,0.0,0,0,0,0,0,0.0,0.0,0.0
10723,Stefan Bajcetic,2022,,MC,6,492,0,0,0.1201648134738206,0.7506909966468811,4,4,2,0,0,0.1201648134738206,1.887958973646164,1.5826193038374186
10723,Stefan Bajcetic,2022,,Sub,5,42,1,0,0.8386340141296387,0.0,2,0,0,0,1,0.8386340141296387,1.5902099758386612,0.7515759952366352
