player_id,player_name,season,team,position,games,time,goals,assists,xG,xA,shots,key_passes,yellow,red,npg,npxG,xGChain,xGBuildup
10791,Stijn Spierings,2023,,MC,12,994,0,1,0.2238307856023311,0.1472039306536317,7,5,5,0,0,0.2238307856023311,2.403931748121977,2.2128593288362026
10791,Stijn Spierings,2023,,DMC,5,450,0,0,0.0972406305372715,0.6018811538815498,4,7,1,0,0,0.0972406305372715,3.81665575504303,3.5328904688358307
10791,Stijn Spierings,2023,,Sub,9,167,0,0,0.0,0.0452706571668386,0,2,1,0,0,0.0,0.3883653469383716,0.3718442320823669
10791,Stijn Spierings,2022,,MC,19,1710,2,0,1.171984895132482,0.4487384911626577,14,12,1,0,2,1.171984895132482,6.9849760588258505,6.187255561351776
10791,Stijn Spierings,2022,,DMC,16,1398,0,0,0.3509192932397127,1.3808718249201777,10,10,4,0,0,0.3509192932397127,8.463705874979496,8.044770915061235
10791,Stijn Spierings,2022,,Sub,1,18,0,0,0.0,0.0,0,0,0,0,0,0.0,0.0,0.0
