player_id,player_name,season,team,position,games,time,goals,assists,xG,xA,shots,key_passes,yellow,red,npg,npxG,xGChain,xGBuildup
12717,Stoichkov,2024,,AMC,3,227,0,0,0.3429512083530426,0.0368802435696125,6,1,0,0,0,0.3429512083530426,1.3122660666704178,1.0173039808869362
12717,Stoichkov,2024,,Sub,10,224,0,0,0.5271157864481211,0.5013304315507412,5,5,1,0,0,0.5271157864481211,1.8726306781172752,0.864409139379859
12717,Stoichkov,2024,,FW,2,134,0,1,0.1468689981848001,0.491290807723999,4,1,0,0,0,0.1468689981848001,0.8933578729629517,0.8358765169978142
12717,Stoichkov,2024,,MC,1,90,0,0,0.1775562018156051,0.0,3,0,0,0,0,0.1775562018156051,0.2042649984359741,0.1288267523050308
