player_id,player_name,season,team,position,games,time,goals,assists,xG,xA,shots,key_passes,yellow,red,npg,npxG,xGChain,xGBuildup
9885,Tanner Tessmann,2025,,DMC,7,630,1,0,1.1973979249596596,0.9087999276816844,11,4,0,0,1,1.1973979249596596,6.681207522749901,5.390227802097797
9885,Tanner Tessmann,2025,,Sub,1,9,0,0,0.0586643554270267,0.0417089723050594,2,1,0,0,0,0.0586643554270267,0.027406957000494,0.0141142262145876
9885,Tanner Tessmann,2024,,DMC,9,747,1,0,0.6825797148048878,0.0585243087261915,12,2,3,0,1,0.6825797148048878,3.620312731713057,3.188533455133438
9885,Tanner Tessmann,2024,,MC,4,340,0,0,0.1674267724156379,0.0912862829864025,5,3,0,0,0,0.1674267724156379,1.0615458749234676,0.905736107379198
9885,Tanner Tessmann,2024,,Sub,12,131,0,0,0.3445530533790588,0.5847697332501411,1,2,0,0,0,0.3445530533790588,2.003594310954213,1.60659840144217
9885,Tanner Tessmann,2021,,MC,6,396,0,0,0.3594662901014089,0.1022936012595892,4,2,0,0,0,0.3594662901014089,0.281241100281477,0.0394817497581243
9885,Tanner Tessmann,2021,,Sub,14,256,0,0,0.2026165015995502,0.1231399029493331,4,3,1,1,0,0.2026165015995502,0.7451424095779657,0.5325881075114012
