player_id,player_name,season,team,position,games,time,goals,assists,xG,xA,shots,key_passes,yellow,red,npg,npxG,xGChain,xGBuildup
11754,Teddy Teuma,2024,,AMC,6,408,0,0,0.080304991453886,0.5221091508865356,3,6,0,0,0,0.080304991453886,0.9998483657836914,0.5356118530035019
11754,Teddy Teuma,2024,,MC,3,225,0,0,0.0932061523199081,0.1121230721473693,3,2,0,0,0,0.0932061523199081,0.6739584803581238,0.5881699025630951
11754,Teddy Teuma,2024,,Sub,8,120,1,0,1.525603672489524,0.5495275873690844,8,5,1,0,0,0.7655085455626249,1.007780784741044,0.2416629008948803
11754,Teddy Teuma,2023,,MC,21,1731,6,2,2.946311552077532,3.4017428830266,39,33,6,0,5,2.1862163990736008,7.461189094930887,5.180703202262521
11754,Teddy Teuma,2023,,AMC,4,344,0,0,0.1119196414947509,0.2192792799323797,3,5,1,0,0,0.1119196414947509,1.605555072426796,1.3754766434431076
11754,Teddy Teuma,2023,,Sub,3,68,0,1,0.1624896973371505,0.3318974673748016,2,5,0,0,0,0.1624896973371505,0.8252310194075108,0.7693970203399658
