player_id,player_name,season,team,position,games,time,goals,assists,xG,xA,shots,key_passes,yellow,red,npg,npxG,xGChain,xGBuildup
12073,Teden Mengi,2023,,DC,28,2410,1,0,0.6593706076964736,0.3480907082557678,10,6,3,0,1,0.6593706076964736,3.309131555259228,2.983856063336134
12073,Teden Mengi,2023,,Sub,2,55,0,0,0.0199975911527872,0.0,1,0,0,0,0,0.0199975911527872,0.0199975911527872,0.0
