player_id,player_name,season,team,position,games,time,goals,assists,xG,xA,shots,key_passes,yellow,red,npg,npxG,xGChain,xGBuildup
10906,Thórir Helgason,2025,,Sub,2,29,0,0,0.1546875089406967,0.0518675670027732,1,1,0,0,0,0.1546875089406967,0.2058380506932735,0.0511505398899316
10906,Thórir Helgason,2024,,AMC,9,698,0,2,0.8262263089418411,0.5148202981799841,10,11,0,0,0,0.8262263089418411,1.7657675500959158,0.9050539284944534
10906,Thórir Helgason,2024,,MC,4,299,0,1,0.3099098727107048,0.3640315271914005,2,9,0,0,0,0.3099098727107048,0.9962182976305484,0.4786307364702225
10906,Thórir Helgason,2024,,Sub,8,159,0,1,0.1660357750952243,0.08748235180974,4,2,0,0,0,0.1660357750952243,0.1767080426216125,0.0731680765748024
10906,Thórir Helgason,2022,,Sub,10,101,0,0,0.0525697795674204,0.0240040365606546,2,1,0,0,0,0.0525697795674204,0.0521092815324664,0.0450447015464305
10906,Thórir Helgason,2022,,MC,2,99,0,0,0.0,0.4879672154784202,0,3,0,0,0,0.0,0.1178250014781951,0.1178250014781951
