player_id,player_name,season,team,position,games,time,goals,assists,xG,xA,shots,key_passes,yellow,red,npg,npxG,xGChain,xGBuildup
12825,Theo Bair,2025,,Sub,2,4,0,0,0.0,0.0,0,0,0,0,0,0.0,0.0,0.0
12825,Theo Bair,2024,,FW,11,707,1,1,1.7995646251365542,0.6230391096323729,14,5,0,0,1,1.7995646251365542,2.033354600891471,0.1813671346753835
12825,Theo Bair,2024,,Sub,18,205,1,0,1.3772700484842062,0.4499051794409752,12,5,1,0,1,1.3772700484842062,1.968254243955016,0.3323152428492903
