player_id,player_name,season,team,position,games,time,goals,assists,xG,xA,shots,key_passes,yellow,red,npg,npxG,xGChain,xGBuildup
11965,Tijjani Reijnders,2025,,MC,8,675,1,2,1.479513082653284,1.6604485139250755,17,9,1,0,1,1.479513082653284,6.281619943678379,3.922538816928864
11965,Tijjani Reijnders,2024,,DMC,16,1343,4,2,2.002979727461934,2.8290451895445585,29,26,1,1,4,2.002979727461934,12.027437910437584,8.877516150474548
11965,Tijjani Reijnders,2024,,MC,12,1046,3,1,3.581681303679943,0.9099665489047766,28,8,0,0,3,3.581681303679943,6.744712166488171,3.2108564265072346
11965,Tijjani Reijnders,2024,,AMC,8,720,3,1,2.436874039471149,1.2264902368187904,17,11,1,0,3,2.436874039471149,6.672181576490402,4.3084476087242365
11965,Tijjani Reijnders,2024,,Sub,1,27,0,0,0.0448194220662117,0.020618375390768,3,1,0,0,0,0.0448194220662117,0.4597274959087372,0.3942897021770477
11965,Tijjani Reijnders,2023,,MC,15,1263,1,2,2.3988342080265284,1.2559812143445015,21,19,3,0,1,2.3988342080265284,8.15874508023262,5.186128843575716
11965,Tijjani Reijnders,2023,,DMC,15,1227,1,1,0.6747449319809675,2.3195559550076723,17,27,4,0,1,0.6747449319809675,10.26656424254179,7.962345177307725
11965,Tijjani Reijnders,2023,,AMC,3,262,1,0,0.9882324934005736,0.1852468699216842,5,2,1,0,1,0.9882324934005736,1.4183622300624847,0.3873254060745239
11965,Tijjani Reijnders,2023,,Sub,3,91,0,0,0.0256907921284437,0.0962232276797294,1,2,0,0,0,0.0256907921284437,0.8752283118665218,0.8752283118665218
