player_id,player_name,season,team,position,games,time,goals,assists,xG,xA,shots,key_passes,yellow,red,npg,npxG,xGChain,xGBuildup
8854,Tim Siersleben,2025,,DC,4,350,0,0,0.2023353558033704,0.1155702322721481,4,2,1,0,0,0.2023353558033704,0.7866063304245472,0.4965963205322623
8854,Tim Siersleben,2025,,Sub,1,3,0,0,0.0,0.0,0,0,0,0,0,0.0,0.0,0.0
8854,Tim Siersleben,2024,,DC,14,1164,0,0,0.5835042558610439,0.5471864566206932,4,6,4,0,0,0.5835042558610439,2.428496385924518,2.230809698812664
8854,Tim Siersleben,2024,,Sub,2,17,0,0,0.0,0.0,0,0,0,0,0,0.0,0.1836862526834011,0.1836862526834011
8854,Tim Siersleben,2023,,DC,10,859,0,0,0.1213570768013596,0.7937690913677216,3,3,1,0,0,0.1213570768013596,1.3464968912303448,1.2854830883443356
8854,Tim Siersleben,2023,,Sub,4,44,0,0,0.0,0.0,0,0,0,0,0,0.0,0.0,0.0
8854,Tim Siersleben,2020,,Sub,1,32,0,0,0.0688479021191597,0.0,1,0,0,0,0,0.0688479021191597,0.0,0.0
