player_id,player_name,season,team,position,games,time,goals,assists,xG,xA,shots,key_passes,yellow,red,npg,npxG,xGChain,xGBuildup
6142,Tim Kleindienst,2024,,FW,31,2756,16,7,15.641376122832298,6.164368532598019,75,28,3,1,15,14.125822767615318,22.16408023238182,5.898254873231053
6142,Tim Kleindienst,2023,,FW,32,2802,12,3,16.78191621415317,2.4985577147454023,83,26,6,0,10,15.2663627397269,15.005127217620611,3.2841085717082024
6142,Tim Kleindienst,2023,,ML,1,90,0,0,0.0,0.0070883086882531,0,1,0,0,0,0.0,0.0070883086882531,0.0
6142,Tim Kleindienst,2018,,FW,2,174,0,0,0.0939304996281862,0.0855600014328956,4,1,0,0,0,0.0939304996281862,0.2183295972645282,0.0388390999287366
6142,Tim Kleindienst,2018,,Sub,2,24,0,0,0.5968469977378845,0.0,1,0,0,0,0,0.5968469977378845,0.0,0.0
6142,Tim Kleindienst,2017,,FW,11,876,2,3,2.349267598241568,2.005989698693156,31,7,1,0,2,2.349267598241568,3.451644767075777,0.4842058140784502
6142,Tim Kleindienst,2017,,Sub,10,191,0,0,0.8696419931948185,0.1660400032997131,10,2,1,0,0,0.8696419931948185,0.3519110009074211,0.0466542989015579
6142,Tim Kleindienst,2017,,FWR,1,63,0,0,0.351514995098114,0.0,3,0,0,0,0,0.351514995098114,0.351514995098114,0.0
