player_id,player_name,season,team,position,games,time,goals,assists,xG,xA,shots,key_passes,yellow,red,npg,npxG,xGChain,xGBuildup
8407,Tim Lemperle,2025,,FW,3,238,1,0,0.5051575675606728,0.5565434396266937,6,3,0,0,1,0.5051575675606728,1.7880099266767502,0.8610452264547348
8407,Tim Lemperle,2025,,FWR,2,179,1,1,0.9452499821782112,0.8667282164096832,4,4,0,0,0,0.1874732747673988,1.084532082080841,0.0303305629640817
8407,Tim Lemperle,2025,,Sub,1,10,0,0,0.5479939579963684,0.0,1,0,0,0,0,0.5479939579963684,0.5479939579963684,0.0
8407,Tim Lemperle,2022,,Sub,12,95,0,0,0.1499760001897812,0.662684977054596,2,3,0,0,0,0.1499760001897812,1.2163401879370213,0.6830402053892612
8407,Tim Lemperle,2021,,Sub,13,119,2,0,2.0364901162683964,0.5323588028550148,7,6,0,0,2,2.0364901162683964,2.697301149368286,0.421058701351285
8407,Tim Lemperle,2019,,Sub,1,14,0,0,0.0605197995901107,0.0,1,0,0,0,0,0.0605197995901107,0.0,0.0
