player_id,player_name,season,team,position,games,time,goals,assists,xG,xA,shots,key_passes,yellow,red,npg,npxG,xGChain,xGBuildup
127,Timo Horn,2024,,GK,13,1170,0,0,0.0,0.0,0,0,2,0,0,0.0,0.2365495096892118,0.2365495096892118
127,Timo Horn,2021,,GK,13,1170,0,0,0.0,0.0,0,0,0,0,0,0.0,1.3124181851744652,1.3124181851744652
127,Timo Horn,2020,,GK,34,3009,0,0,0.0,0.0483967997133731,0,1,0,0,0,0.0,2.268235062249005,2.219838261604309
127,Timo Horn,2019,,GK,34,3060,0,0,0.1156560033559799,0.2987889945507049,1,1,0,0,0,0.1156560033559799,3.514816028997302,3.10037006251514
127,Timo Horn,2017,,GK,34,3060,0,0,0.0,0.0895104967057704,0,3,0,0,0,0.0,1.969549285247922,1.942377084866166
127,Timo Horn,2016,,GK,20,1800,0,0,0.0,0.0264567006379365,0,1,0,0,0,0.0,1.3394730840809643,1.3130161841399968
127,Timo Horn,2015,,GK,33,2970,0,0,0.0,0.0548016987740993,0,1,0,0,0,0.0,3.2479816945269704,3.193179990164936
127,Timo Horn,2014,,GK,33,2970,0,0,0.0,0.0505886003375053,0,1,0,0,0,0.0,1.7010653023608029,1.6504767038859427
