player_id,player_name,season,team,position,games,time,goals,assists,xG,xA,shots,key_passes,yellow,red,npg,npxG,xGChain,xGBuildup
10851,Tobias Mohr,2022,,DL,6,474,0,1,0.2765700928866863,0.8413479160517454,5,8,0,0,0,0.2765700928866863,1.5279434993863106,0.9516270887106656
10851,Tobias Mohr,2022,,Sub,10,199,0,1,0.2950118891894817,1.242925450205803,5,10,0,0,0,0.2950118891894817,1.1416214387863874,0.148551195859909
10851,Tobias Mohr,2022,,ML,2,143,0,1,0.1417468003928661,0.1009939983487129,2,3,0,0,0,0.1417468003928661,0.3435485027730465,0.1008070036768913
