player_id,player_name,season,team,position,games,time,goals,assists,xG,xA,shots,key_passes,yellow,red,npg,npxG,xGChain,xGBuildup
214,Tobias Sippel,2024,,Sub,1,59,0,0,0,0.0,0,0,0,0,0,0,0.0,0.0
214,Tobias Sippel,2022,,GK,5,450,0,0,0,0.0,0,0,1,0,0,0,0.8214870020747185,0.8214870020747185
214,Tobias Sippel,2022,,Sub,1,60,0,0,0,0.0,0,0,0,0,0,0,0.2553940117359161,0.2553940117359161
214,Tobias Sippel,2021,,GK,1,90,0,0,0,0.0,0,0,0,0,0,0,0.1124579980969429,0.1124579980969429
214,Tobias Sippel,2020,,GK,3,270,0,0,0,0.0,0,0,0,0,0,0,0.0204619001597166,0.0204619001597166
214,Tobias Sippel,2020,,Sub,1,74,0,0,0,0.0,0,0,0,0,0,0,0.0,0.0
214,Tobias Sippel,2017,,GK,4,360,0,0,0,0.0,0,0,0,0,0,0,0.2645347043871879,0.2645347043871879
214,Tobias Sippel,2017,,Sub,1,74,0,0,0,0.0099983997642993,0,1,0,0,0,0,0.0099983997642993,0.0
214,Tobias Sippel,2015,,GK,2,180,0,0,0,0.0,0,0,0,0,0,0,0.023123599588871,0.023123599588871
