player_id,player_name,season,team,position,games,time,goals,assists,xG,xA,shots,key_passes,yellow,red,npg,npxG,xGChain,xGBuildup
4348,Tolgay Arslan,2022,,MC,12,747,0,0,0.4763025995343923,0.9234969094395638,11,10,1,0,0,0.4763025995343923,3.1070087794214487,2.4018208365887403
4348,Tolgay Arslan,2022,,Sub,24,413,1,0,1.457386566326022,0.7206562478095293,14,5,2,0,1,1.457386566326022,3.2476260885596275,2.31783913820982
4348,Tolgay Arslan,2021,,MC,22,1519,0,1,0.8508357852697372,1.4221061058342457,16,13,8,0,0,0.8508357852697372,4.138636472634971,2.3877125633880496
4348,Tolgay Arslan,2021,,Sub,8,170,1,0,0.3067028000950813,0.0826466009020805,7,2,1,0,1,0.3067028000950813,0.8976522870361805,0.6125541850924492
4348,Tolgay Arslan,2020,,MC,25,1772,2,0,0.7532085701823235,0.4000498969107866,18,7,9,0,2,0.7532085701823235,4.967135302722454,4.019376188516617
4348,Tolgay Arslan,2020,,Sub,5,89,1,0,0.1586074009537696,0.1380396001040935,4,2,0,0,1,0.1586074009537696,0.516851395368576,0.2702010981738567
4348,Tolgay Arslan,2014,,DMC,6,449,0,1,0.015154399909079,0.3779254765249789,1,4,2,0,0,0.015154399909079,1.4568583071231842,1.1334927007555962
4348,Tolgay Arslan,2014,,AMR,2,137,0,0,0.0818997994065284,0.0598452016711235,3,2,0,0,0,0.0818997994065284,0.3244023900479078,0.2506494056433439
4348,Tolgay Arslan,2014,,Sub,5,63,0,0,0.8157539963722229,0.056894700974226,1,1,0,0,0,0.8157539963722229,1.21265459805727,0.3400065973401069
