player_id,player_name,season,team,position,games,time,goals,assists,xG,xA,shots,key_passes,yellow,red,npg,npxG,xGChain,xGBuildup
10586,Tyler Dibling,2025,,AMR,1,47,0,0,0.0,0.0,0,0,0,0,0,0.0,0.0,0.0
10586,Tyler Dibling,2025,,Sub,3,12,0,0,0.0,0.0,0,0,1,0,0,0.0,0.0,0.0
10586,Tyler Dibling,2024,,MR,5,397,0,0,0.2570149935781955,0.2554477378726005,6,4,3,0,0,0.2570149935781955,1.3270482495427132,0.9684865176677704
10586,Tyler Dibling,2024,,AMC,4,316,1,0,1.0431343354284763,0.2705343961715698,5,1,0,0,1,1.0431343354284763,2.0997008681297302,0.7860321402549744
10586,Tyler Dibling,2024,,AMR,4,301,1,0,0.5414729844778776,0.8517937753349543,3,4,0,0,1,0.5414729844778776,1.9680673480033877,0.695156829431653
10586,Tyler Dibling,2024,,Sub,13,295,0,0,0.5070067793130875,0.2285906411707401,5,5,1,0,0,0.5070067793130875,1.518665224313736,1.3268412500619888
10586,Tyler Dibling,2024,,FWR,3,270,0,0,0.448895126581192,0.1418198496103286,5,3,0,0,0,0.448895126581192,0.9599421545863152,0.6756141595542431
10586,Tyler Dibling,2024,,FW,3,191,0,0,0.2942453473806381,0.1126756332814693,4,2,2,0,0,0.2942453473806381,0.5999479293823242,0.246084913611412
10586,Tyler Dibling,2024,,MC,1,90,0,0,0.0,0.1188243925571441,0,1,0,0,0,0.0,0.1188243925571441,0.0
