player_id,player_name,season,team,position,games,time,goals,assists,xG,xA,shots,key_passes,yellow,red,npg,npxG,xGChain,xGBuildup
9713,Tymoteusz Puchacz,2024,,DML,3,206,0,0,0.0665115155279636,0.1169092115014791,3,2,0,0,0,0.0665115155279636,0.5573017932474613,0.4958168044686317
9713,Tymoteusz Puchacz,2024,,Sub,5,108,0,1,0.0253153182566165,0.3645170107483864,1,5,0,0,0,0.0253153182566165,0.5766753256320953,0.3614619821310043
9713,Tymoteusz Puchacz,2024,,ML,2,82,0,0,0.0,0.0732875168323516,0,1,0,0,0,0.0,0.0732875168323516,0.0732875168323516
9713,Tymoteusz Puchacz,2022,,DML,1,60,0,0,0.0,0.0088548101484775,0,1,0,0,0,0.0,0.0,0.0
