player_id,player_name,season,team,position,games,time,goals,assists,xG,xA,shots,key_passes,yellow,red,npg,npxG,xGChain,xGBuildup
10803,Tyrell Malacia,2024,,DML,2,94,0,0,0.0,0.0620109774172306,0,1,1,0,0,0.0,0.0620109774172306,0.0
10803,Tyrell Malacia,2024,,Sub,1,8,0,0,0.0,0.0,0,0,0,0,0,0.0,0.0,0.0
10803,Tyrell Malacia,2022,,DL,13,1101,0,0,0.1535812988877296,0.5681670568883419,4,6,5,0,0,0.1535812988877296,4.93905483186245,4.34912271797657
10803,Tyrell Malacia,2022,,Sub,8,185,0,0,0.0144776999950408,0.179065428674221,1,3,1,0,0,0.0144776999950408,0.5005738362669945,0.4311090409755707
10803,Tyrell Malacia,2022,,DR,1,90,0,0,0.0,0.0,0,0,0,0,0,0.0,0.9111040234565736,0.9111040234565736
