player_id,player_name,season,team,position,games,time,goals,assists,xG,xA,shots,key_passes,yellow,red,npg,npxG,xGChain,xGBuildup
12573,Tyrique George,2025,,Sub,3,136,0,0,0.4901871606707573,0.0,2,0,2,0,0,0.4901871606707573,0.192907802760601,0.1594291031360626
12573,Tyrique George,2024,,FW,1,86,0,0,0.0,0.0459916405379772,0,1,0,0,0,0.0,0.3512160778045654,0.3052244186401367
12573,Tyrique George,2024,,Sub,7,76,1,1,0.3738933689892292,0.9801596701145172,3,5,1,0,1,0.3738933689892292,1.5346422269940376,0.2638086453080177
