player_id,player_name,season,team,position,games,time,goals,assists,xG,xA,shots,key_passes,yellow,red,npg,npxG,xGChain,xGBuildup
8329,Unai Vencedor,2025,,MC,5,339,0,0,0.0,0.6251508090645075,0,5,1,0,0,0.0,0.8692817911505699,0.6457433253526688
8329,Unai Vencedor,2022,,Sub,10,165,0,0,0.2496228963136673,0.1101027429103851,3,2,2,0,0,0.2496228963136673,1.016166266053915,0.6892892625182867
8329,Unai Vencedor,2021,,MC,29,2300,0,0,0.6696706004440784,0.6651333048939705,18,15,3,0,0,0.6696706004440784,8.150715347379446,7.251243912614882
8329,Unai Vencedor,2021,,Sub,5,118,0,0,0.1365025024861097,0.0,2,0,1,0,0,0.1365025024861097,0.5901518035680056,0.5663843043148518
8329,Unai Vencedor,2020,,MC,12,979,0,0,0.3536926079541445,0.1140171010047197,6,4,4,0,0,0.3536926079541445,2.3558000177145004,2.2304993271827698
8329,Unai Vencedor,2020,,DMC,7,522,0,0,0.0319064008072018,0.0799414981156587,2,2,2,0,0,0.0319064008072018,1.3805336095392704,1.3005916215479374
8329,Unai Vencedor,2020,,Sub,9,193,0,0,0.0435785986483097,0.0206675995141267,1,1,0,0,0,0.0435785986483097,0.350924601778388,0.2866784036159515
8329,Unai Vencedor,2019,,MC,1,75,0,0,0.0595752000808715,0.0149055998772382,1,1,1,0,0,0.0595752000808715,0.033449001610279,0.033449001610279
