player_id,player_name,season,team,position,games,time,goals,assists,xG,xA,shots,key_passes,yellow,red,npg,npxG,xGChain,xGBuildup
10948,Valentín Castellanos,2025,,FW,5,407,2,3,1.5151918902993202,1.5352295693010092,9,5,2,0,2,1.5151918902993202,2.642084874212742,0.3107669651508331
10948,Valentín Castellanos,2025,,Sub,1,24,0,0,0.1707449257373809,0.0,3,0,0,0,0,0.1707449257373809,0.1157559752464294,0.0
10948,Valentín Castellanos,2024,,FW,28,2378,10,3,15.500331551767886,3.629513030871749,105,26,9,1,8,13.216434986330569,18.59909805562347,5.09424526616931
10948,Valentín Castellanos,2024,,Sub,1,29,0,0,0.6310659646987915,0.0,3,0,0,0,0,0.6310659646987915,0.6310659646987915,0.0
10948,Valentín Castellanos,2023,,FW,16,1239,2,3,3.330954178236425,1.282904116436839,33,13,0,0,2,3.330954178236425,6.04272414650768,2.0314854104071856
10948,Valentín Castellanos,2023,,Sub,19,411,2,0,3.360984396189451,0.6711222119629383,21,6,2,0,2,3.360984396189451,4.061648808419704,1.2166226245462894
10948,Valentín Castellanos,2022,,FW,33,2627,13,0,13.95612774975598,1.5719328857958317,85,14,11,0,12,13.21285073645413,14.126307917758822,2.399130044505
10948,Valentín Castellanos,2022,,Sub,2,37,0,0,0.0630822032690048,0.0606107525527477,1,1,0,0,0,0.0630822032690048,0.146956592798233,0.0232636332511901
