player_id,player_name,season,team,position,games,time,goals,assists,xG,xA,shots,key_passes,yellow,red,npg,npxG,xGChain,xGBuildup
11080,Valentín Carboni,2025,,Sub,5,110,0,0,0.1314004892483353,0.1266670450568199,3,2,1,0,0,0.1314004892483353,0.2442607209086418,0.0124308038502931
11080,Valentín Carboni,2025,,AMR,1,74,0,0,0.3398963809013366,0.0,1,0,0,0,0,0.3398963809013366,0.3398963809013366,0.0
11080,Valentín Carboni,2025,,AMC,1,66,0,0,0.0,0.119435042142868,0,1,0,0,0,0.0,0.2489939779043197,0.1295589357614517
11080,Valentín Carboni,2024,,AMC,1,51,0,0,0.0215760581195354,0.0791156515479087,1,1,1,0,0,0.0215760581195354,0.1572846621274948,0.0565929561853408
11080,Valentín Carboni,2024,,Sub,3,46,0,0,0.0275760926306247,0.0551721155643463,1,2,0,0,0,0.0275760926306247,0.0837387572973966,0.0285666417330503
11080,Valentín Carboni,2023,,AMC,9,665,1,1,1.3073043506592512,1.215860445052385,8,14,1,0,1,1.3073043506592512,2.382529839873314,0.899126848205924
11080,Valentín Carboni,2023,,Sub,21,412,1,2,0.8116372395306826,0.7610605834051967,15,9,1,0,1,0.8116372395306826,2.585496728308499,1.341344361193478
11080,Valentín Carboni,2023,,AMR,1,60,0,0,0.0,0.0177213512361049,0,1,0,0,0,0.0,0.0250024572014808,0.0250024572014808
11080,Valentín Carboni,2022,,Sub,5,16,0,0,0.0,0.0151193998754024,0,1,0,0,0,0.0,0.1119282022118568,0.0968087017536163
