player_id,player_name,season,team,position,games,time,goals,assists,xG,xA,shots,key_passes,yellow,red,npg,npxG,xGChain,xGBuildup
7742,Valentin Gendrey,2024,,DR,10,883,0,0,1.1222959775477648,1.0302326511591673,8,7,1,0,0,1.1222959775477648,4.719985390082002,3.668735096231103
7742,Valentin Gendrey,2024,,MR,4,326,1,0,0.3416823651641607,0.3488484304398298,2,6,0,0,1,0.3416823651641607,0.9514954090118408,0.4727406902238726
7742,Valentin Gendrey,2024,,Sub,8,249,0,0,0.0382674932479858,0.2173883467912674,1,4,0,0,0,0.0382674932479858,0.6543951239436865,0.3987392839044332
7742,Valentin Gendrey,2024,,DL,1,71,0,1,0.0084707485511899,0.0107933729887008,1,1,0,0,0,0.0084707485511899,0.025979284197092,0.0151859112083911
7742,Valentin Gendrey,2024,,DMR,1,65,0,0,0.0,0.0255384948104619,0,1,0,0,0,0.0,0.0255384948104619,0.0
7742,Valentin Gendrey,2023,,DR,35,3012,2,3,1.349260602146387,1.860741704702377,17,23,5,0,2,1.349260602146387,7.316777629777789,5.636754522100091
7742,Valentin Gendrey,2023,,Sub,2,42,0,0,0.0,0.0102022672072052,0,1,0,0,0,0.0,0.0102022672072052,0.0
7742,Valentin Gendrey,2022,,DR,35,3094,0,2,0.8668723739683628,2.642714575864374,10,27,4,0,0,0.8668723739683628,7.145823913626373,4.896775901317596
7742,Valentin Gendrey,2022,,Sub,2,17,0,0,0.0,0.0,0,0,0,0,0,0.0,0.0,0.0
