player_id,player_name,season,team,position,games,time,goals,assists,xG,xA,shots,key_passes,yellow,red,npg,npxG,xGChain,xGBuildup
9704,Vasilios Lampropoulos,2022,,DC,7,589,0,0,0.2495747972279787,0.0871753022074699,6,1,2,0,0,0.2495747972279787,0.7879841141402721,0.7008088119328022
9704,Vasilios Lampropoulos,2022,,Sub,8,29,0,0,0.0,0.0,0,0,0,0,0,0.0,0.0,0.0
9704,Vasilios Lampropoulos,2021,,DC,13,1170,0,0,0.2757958313450217,0.0471165999770164,4,1,1,0,0,0.2757958313450217,1.7156624160706997,1.668545413762331
