player_id,player_name,season,team,position,games,time,goals,assists,xG,xA,shots,key_passes,yellow,red,npg,npxG,xGChain,xGBuildup
13449,Victor Nelsson,2025,,DC,7,630,0,0,0.0240738559514284,0,2,0,0,0,0,0.0240738559514284,0.6731283022090793,0.6592773944139481
13449,Victor Nelsson,2024,,DC,1,90,0,0,0.0469137728214263,0,1,0,0,0,0,0.0469137728214263,0.4882100820541382,0.4882100820541382
13449,Victor Nelsson,2024,,Sub,3,89,0,0,0.0,0,0,0,0,0,0,0.0,0.1100018694996833,0.1100018694996833
