player_id,player_name,season,team,position,games,time,goals,assists,xG,xA,shots,key_passes,yellow,red,npg,npxG,xGChain,xGBuildup
11989,Walid Cheddira,2025,,Sub,5,33,1,0,0.5755940638482571,0.0716701336205005,5,2,1,0,1,0.5755940638482571,0.6472641788423061,0.0182124562561512
11989,Walid Cheddira,2024,,FW,5,310,0,0,0.3063945509493351,0.409844109788537,4,2,0,0,0,0.3063945509493351,0.6142068337649107,0.0
11989,Walid Cheddira,2024,,Sub,18,282,1,1,1.111143819987774,0.693017665296793,9,5,3,0,1,1.111143819987774,1.4272396825253963,0.04055817425251
11989,Walid Cheddira,2023,,FW,23,1904,7,1,8.42218921892345,1.100527547299862,46,15,0,0,6,7.660890383645892,10.154416495934129,2.722770189866424
11989,Walid Cheddira,2023,,Sub,12,172,0,0,0.747314172796905,0.0236574541777372,8,1,0,0,0,0.747314172796905,0.6410361090674996,0.0
11989,Walid Cheddira,2023,,AMC,1,74,0,0,0.5754203200340271,0.0,6,0,0,0,0,0.5754203200340271,0.5917069911956787,0.0162866879254579
