player_id,player_name,season,team,position,games,time,goals,assists,xG,xA,shots,key_passes,yellow,red,npg,npxG,xGChain,xGBuildup
12749,Wes Burns,2024,,AMR,12,856,0,1,0.2412556633353233,2.204632848501205,5,10,1,0,0,0.2412556633353233,2.7858753986656666,0.8396791107952595
12749,Wes Burns,2024,,Sub,6,106,0,0,0.1721270494163036,0.0,2,0,0,0,0,0.1721270494163036,0.234335696324706,0.0622086506336927
