player_id,player_name,season,team,position,games,time,goals,assists,xG,xA,shots,key_passes,yellow,red,npg,npxG,xGChain,xGBuildup
13891,Wesley,2025,,DMR,4,325,1,0,0.4623124599456787,0.929402992129326,3,3,1,0,1,0.4623124599456787,2.144240155816078,1.4751506596803663
13891,Wesley,2025,,MR,1,90,0,0,0.0,0.1787623167037964,0,2,1,0,0,0.0,0.1787623167037964,0.0345088690519332
13891,Wesley,2025,,DML,1,90,0,0,0.0595160722732543,0.0,1,0,0,0,0,0.0595160722732543,0.4080038964748382,0.3484878242015838
