player_id,player_name,season,team,position,games,time,goals,assists,xG,xA,shots,key_passes,yellow,red,npg,npxG,xGChain,xGBuildup
6251,Wilfried Kanga,2022,,FW,15,1222,2,0,3.803076295182109,1.3286821064539254,20,18,3,0,2,3.803076295182109,6.564931666478515,1.784374063834548
6251,Wilfried Kanga,2022,,Sub,8,200,0,0,0.3836721964180469,0.5877463966608047,5,3,0,0,0,0.3836721964180469,1.0415595062077043,0.1377536989748478
6251,Wilfried Kanga,2020,,FW,2,138,0,0,0.290037989616394,0.0,1,0,0,0,0,0.290037989616394,0.290037989616394,0.0
6251,Wilfried Kanga,2019,,Sub,4,58,0,0,0.3250486999750137,0.0948328971862793,3,2,0,0,0,0.3250486999750137,0.3939517904073,0.076449790969491
6251,Wilfried Kanga,2018,,FW,4,266,2,0,0.6146042887121439,0.2113788947463035,5,4,1,0,2,0.6146042887121439,0.7622090056538582,0.0649627968668937
6251,Wilfried Kanga,2018,,Sub,14,197,0,0,1.364561140537262,0.1186412014067173,14,3,2,0,0,1.364561140537262,1.4902949081733825,0.0700971037149429
6251,Wilfried Kanga,2017,,Sub,8,103,0,0,0.0866409018635749,0.0,1,0,0,0,0,0.0866409018635749,0.1670726016163826,0.0804316997528076
6251,Wilfried Kanga,2017,,FW,1,59,0,0,0.0246789008378982,0.0,1,0,0,0,0,0.0246789008378982,0.0406539998948574,0.0159750003367662
