player_id,player_name,season,team,position,games,time,goals,assists,xG,xA,shots,key_passes,yellow,red,npg,npxG,xGChain,xGBuildup
11910,William Pacho,2025,,DC,3,247,0,0,0.0,0.0,0,0,0,0,0,0.0,0.9822281301021576,0.9822281301021576
11910,William Pacho,2025,,Sub,2,64,0,0,0.0176192764192819,0.0,1,0,0,0,0,0.0176192764192819,0.3543974459171295,0.3543974459171295
11910,William Pacho,2024,,DC,23,1996,0,1,0.4473239723592996,0.3354539964348078,6,2,2,0,0,0.4473239723592996,17.466234490275383,17.15234713256359
11910,William Pacho,2024,,Sub,5,131,0,0,0.0,0.1025383993983268,0,1,0,0,0,0.0,1.944038152694702,1.944038152694702
11910,William Pacho,2023,,DC,32,2880,0,2,1.3089734893292189,0.8661881368607283,10,7,7,0,0,1.3089734893292189,10.655748518183827,9.83799609169364
11910,William Pacho,2023,,DL,1,90,0,0,0.0,0.0,0,0,0,0,0,0.0,0.0,0.0
