player_id,player_name,season,team,position,games,time,goals,assists,xG,xA,shots,key_passes,yellow,red,npg,npxG,xGChain,xGBuildup
6996,William Troost-Ekong,2022,,DC,4,355,1,0,0.5647739768028259,0.0,1,0,1,0,1,0.5647739768028259,0.7338804882019758,0.1691065039485693
6996,William Troost-Ekong,2022,,Sub,5,77,0,0,0.0536691471934318,0.0,1,0,0,0,0,0.0536691471934318,0.0178008005023002,0.0178008005023002
6996,William Troost-Ekong,2021,,DC,15,1350,0,0,0.1041933977976441,0.0705595985054969,2,1,3,0,0,0.1041933977976441,2.1512107932940125,2.0682591954246163
6996,William Troost-Ekong,2021,,Sub,2,31,0,0,0.0,0.0,0,0,0,0,0,0.0,0.0,0.0
6996,William Troost-Ekong,2019,,DC,29,2577,0,0,1.0271629970520737,0.1337005998939275,6,3,5,0,0,1.0271629970520737,4.148660126142204,4.053081098012626
6996,William Troost-Ekong,2019,,Sub,1,1,0,0,0.0,0.0,0,0,0,0,0,0.0,0.0,0.0
6996,William Troost-Ekong,2018,,DC,35,3070,0,0,0.351325293071568,0.3616686910390854,8,5,4,0,0,0.351325293071568,4.256136717274785,3.972696234472096
