player_id,player_name,season,team,position,games,time,goals,assists,xG,xA,shots,key_passes,yellow,red,npg,npxG,xGChain,xGBuildup
8646,Wout Faes,2024,,DC,30,2700,1,0,1.563155423849821,0.1705409092828631,12,4,4,0,1,1.563155423849821,4.640377432107925,4.43758633825928
8646,Wout Faes,2024,,Sub,4,99,0,0,0.0,0.0,0,0,0,0,0,0.0,0.3706303834915161,0.3706303834915161
8646,Wout Faes,2022,,DC,34,3060,1,2,1.100052266381681,0.5805658828467131,13,10,6,1,1,1.100052266381681,8.093640293926,7.95076459646225
8646,Wout Faes,2021,,DC,37,3330,4,0,1.928336082957685,0.1205048002302646,22,3,2,0,4,1.928336082957685,4.455075977370143,4.288094874471426
8646,Wout Faes,2020,,DC,33,2903,1,0,1.5466954805888236,0.0522151999175548,11,2,11,2,1,1.5466954805888236,4.515692522749305,4.367794217541814
