player_id,player_name,season,team,position,games,time,goals,assists,xG,xA,shots,key_passes,yellow,red,npg,npxG,xGChain,xGBuildup
12732,Yanis Zouaoui,2025,,DL,7,600,0,0,0.1872028056532144,0.3411316554993391,7,6,4,0,0,0.1872028056532144,1.389669330790639,1.3436388168483973
12732,Yanis Zouaoui,2024,,DL,6,526,0,1,0.0442941915243864,1.1084152907133102,2,14,1,0,0,0.0442941915243864,0.5086476169526577,0.4250920861959457
12732,Yanis Zouaoui,2024,,Sub,8,192,0,1,0.0736952126026153,1.302413359284401,2,10,2,0,0,0.0736952126026153,1.7852915273979306,1.3341512912884357
12732,Yanis Zouaoui,2024,,DML,2,156,0,0,0.0126179978251457,0.3819244690239429,1,2,0,0,0,0.0126179978251457,0.9044620916247368,0.5099196471273899
12732,Yanis Zouaoui,2024,,ML,1,90,0,0,0.0,0.029313750565052,0,2,0,0,0,0.0,0.3931494951248169,0.3931494951248169
