player_id,player_name,season,team,position,games,time,goals,assists,xG,xA,shots,key_passes,yellow,red,npg,npxG,xGChain,xGBuildup
10497,Yannick Engelhardt,2025,,MC,4,333,1,1,0.9097279757261276,0.2702218890190124,4,1,0,0,1,0.9097279757261276,1.1100458279252052,0.6937789469957352
10497,Yannick Engelhardt,2025,,Sub,1,28,0,0,0.0,0.0,0,0,0,0,0,0.0,0.0113519076257944,0.0113519076257944
10497,Yannick Engelhardt,2024,,DMC,8,681,1,0,0.4457017965614795,0.4286740059033036,5,9,2,0,1,0.4457017965614795,2.1331333220005035,1.945664346218109
10497,Yannick Engelhardt,2024,,Sub,15,199,0,1,0.3591949939727783,1.0356991589069366,2,2,2,0,0,0.3591949939727783,2.089196018874645,0.6943018659949303
10497,Yannick Engelhardt,2024,,DR,2,180,0,0,0.0093357330188155,0.0190775766968727,1,1,0,0,0,0.0093357330188155,0.2370542585849762,0.2370542585849762
10497,Yannick Engelhardt,2024,,MC,1,74,0,0,0.0,0.0,0,0,0,0,0,0.0,0.0998183786869049,0.0998183786869049
