player_id,player_name,season,team,position,games,time,goals,assists,xG,xA,shots,key_passes,yellow,red,npg,npxG,xGChain,xGBuildup
12139,Yarek Gasiorowski,2024,,DC,8,716,0,0,1.0283358693122864,0.1418808549642563,3,2,1,0,0,1.0283358693122864,1.383249876089394,1.383249876089394
12139,Yarek Gasiorowski,2024,,Sub,6,138,0,0,0.0,0.0204860996454954,0,1,0,0,0,0.0,0.111571080982685,0.0910849794745445
12139,Yarek Gasiorowski,2024,,DL,1,90,0,0,0.0,0.0,0,0,0,0,0,0.0,0.1401061117649078,0.1401061117649078
12139,Yarek Gasiorowski,2023,,DL,4,360,0,0,0.0372236147522926,0.0,1,0,1,0,0,0.0372236147522926,0.5811718963086605,0.5811718963086605
12139,Yarek Gasiorowski,2023,,DC,3,270,0,0,0.0,0.0,0,0,0,0,0,0.0,0.240190789103508,0.240190789103508
12139,Yarek Gasiorowski,2023,,Sub,7,84,0,0,0.0,0.0,0,0,0,0,0,0.0,0.0269567724317312,0.0269567724317312
