player_id,player_name,season,team,position,games,time,goals,assists,xG,xA,shots,key_passes,yellow,red,npg,npxG,xGChain,xGBuildup
10041,Yasser Larouci,2023,,DML,6,393,0,0,0.1870098272338509,0.0332298800349235,4,1,1,0,0,0.1870098272338509,0.6616260185837746,0.4532643482089042
10041,Yasser Larouci,2023,,Sub,5,138,0,0,0.0717794094234705,0.2770603001117706,2,1,0,0,0,0.0717794094234705,0.3488397188484669,0.0
10041,Yasser Larouci,2022,,DML,13,995,1,1,0.1551697049289941,0.2772062420845032,3,6,0,0,1,0.1551697049289941,1.323277961462736,0.9152363259345292
10041,Yasser Larouci,2022,,DL,7,557,0,0,0.0211957991123199,0.1557891014963388,1,5,0,0,0,0.0211957991123199,0.9485269282013178,0.7715421840548515
10041,Yasser Larouci,2022,,Sub,9,174,0,0,0.2709693890064955,0.6962492987513542,4,6,1,0,0,0.2709693890064955,1.587678810581565,0.6652301177382469
10041,Yasser Larouci,2022,,AML,1,90,0,0,0.0605117008090019,0.0,2,0,0,0,0,0.0605117008090019,0.0605117008090019,0.0
10041,Yasser Larouci,2021,,DL,2,162,0,0,0.0866338014602661,0.0394169986248016,2,2,0,0,0,0.0866338014602661,0.1702625006437301,0.0442120991647243
10041,Yasser Larouci,2021,,Sub,10,154,0,0,0.0149565003812313,0.0135944997891783,1,1,1,0,0,0.0149565003812313,0.6865859450772405,0.6580353882163763
