player_id,player_name,season,team,position,games,time,goals,assists,xG,xA,shots,key_passes,yellow,red,npg,npxG,xGChain,xGBuildup
13278,Youssef Lekhedim,2025,,DL,2,179,0,0,0.2629311066120863,0.0,4,0,0,0,0,0.2629311066120863,0.7448757030069828,0.5389613546431065
13278,Youssef Lekhedim,2025,,DML,1,90,0,0,0.0,0.1107028052210807,0,1,1,0,0,0.0,0.1837889850139618,0.0730861872434616
13278,Youssef Lekhedim,2025,,Sub,3,41,0,0,0.0,0.0,0,0,1,0,0,0.0,0.0764777809381485,0.0764777809381485
