player_id,player_name,season,team,position,games,time,goals,assists,xG,xA,shots,key_passes,yellow,red,npg,npxG,xGChain,xGBuildup
9893,Youssef Maleh,2024,,MC,13,1072,0,1,0.8061744337901473,0.3662080280482769,11,8,2,0,0,0.8061744337901473,1.868734043091536,1.4230932388454676
9893,Youssef Maleh,2024,,AMC,4,355,0,0,0.1688853092491626,0.4753918573260307,5,3,1,1,0,0.1688853092491626,1.214923121035099,0.6763357371091843
9893,Youssef Maleh,2024,,Sub,5,97,0,0,0.0208371840417385,0.0590954907238483,1,1,0,0,0,0.0208371840417385,0.3763416260480881,0.2964089512825012
9893,Youssef Maleh,2023,,MC,30,2528,0,0,0.9273026809096336,1.9268902940675616,18,31,10,0,0,0.9273026809096336,5.66197236161679,3.441464123316109
9893,Youssef Maleh,2023,,Sub,4,111,0,1,0.0,0.2340704817324876,0,3,1,0,0,0.0,0.6198298428207636,0.3857593536376953
9893,Youssef Maleh,2022,,MC,11,754,0,0,0.6118202097713947,0.3768306672573089,8,7,2,0,0,0.6118202097713947,2.027087762951851,1.1171287670731544
9893,Youssef Maleh,2022,,Sub,13,226,0,1,0.2485730946063995,0.2491529658436775,5,5,3,0,0,0.2485730946063995,0.5782200992107391,0.2320321332663297
9893,Youssef Maleh,2021,,MC,11,708,1,1,0.9271517507731916,0.9027520269155502,11,5,1,0,1,0.9271517507731916,3.652138195931912,1.8797037787735464
9893,Youssef Maleh,2021,,Sub,17,290,1,2,1.4792978083714845,0.7794092074036598,10,9,4,0,1,1.4792978083714845,3.043394193053245,1.1261998023837805
