player_id,player_name,season,team,position,games,time,goals,assists,xG,xA,shots,key_passes,yellow,red,npg,npxG,xGChain,xGBuildup
11984,Youssef Chermiti,2024,,Sub,4,33,0,0,0.1710504256188869,0.0,3,0,1,0,0,0.1710504256188869,0.1371285207569599,0.0751712769269943
11984,Youssef Chermiti,2023,,FW,1,90,0,0,0.0379773490130901,0.3178040087223053,1,2,0,0,0,0.0379773490130901,0.452986866235733,0.097205527126789
11984,Youssef Chermiti,2023,,Sub,17,69,0,0,0.5655397353693843,0.1074723005294799,5,1,3,0,0,0.5655397353693843,0.7476286478340626,0.1406957991421222
