player_id,player_name,season,team,position,games,time,goals,assists,xG,xA,shots,key_passes,yellow,red,npg,npxG,xGChain,xGBuildup
12761,Yukinari Sugawara,2025,,DR,6,525,0,1,0.7783017829060555,0.1842858605086803,10,4,0,0,0,0.7783017829060555,1.434027198702097,0.7540153358131647
12761,Yukinari Sugawara,2024,,DR,8,674,0,0,0.0479165660217404,1.6578033287078142,2,8,2,0,0,0.0479165660217404,1.5935358833521605,1.3360278978943825
12761,Yukinari Sugawara,2024,,MR,4,304,0,0,0.0591624937951564,0.4541645385324955,2,4,1,0,0,0.0591624937951564,1.8831007480621336,1.4572254419326782
12761,Yukinari Sugawara,2024,,DMR,4,283,1,0,0.2002045847475528,1.0239400565624237,5,3,0,0,1,0.2002045847475528,1.0120167806744576,0.4996431097388267
12761,Yukinari Sugawara,2024,,Sub,14,272,0,1,0.142325478605926,0.1476090550422668,5,2,1,0,0,0.142325478605926,1.124939002096653,0.8749481290578842
