player_id,player_name,season,team,position,games,time,goals,assists,xG,xA,shots,key_passes,yellow,red,npg,npxG,xGChain,xGBuildup
8175,Zinédine Ould Khaled,2024,,MC,3,181,0,0,0.0563457570970058,0,1,0,1,0,0,0.0563457570970058,0.0563457570970058,0.0
8175,Zinédine Ould Khaled,2024,,Sub,6,84,0,0,0.0,0,0,0,0,0,0,0.0,0.0529431272298097,0.0529431272298097
8175,Zinédine Ould Khaled,2024,,DMC,1,65,0,0,0.0,0,0,0,0,0,0,0.0,0.0,0.0
8175,Zinédine Ould Khaled,2022,,Sub,4,45,0,0,0.0613785982131958,0,1,0,0,0,0,0.0613785982131958,0.0737109035253524,0.0737109035253524
8175,Zinédine Ould Khaled,2020,,Sub,3,27,0,0,0.0,0,0,0,1,0,0,0.0,0.0323133002966642,0.0323133002966642
8175,Zinédine Ould Khaled,2019,,MC,1,62,0,0,0.0,0,0,0,0,0,0,0.0,0.0,0.0
