{
  "accuracy": [
    0.4152046740055084,
    0.42690059542655945,
    0.4502924084663391,
    0.48391813039779663,
    0.4912280738353729,
    0.48830410838127136,
    0.5014619827270508,
    0.5043859481811523,
    0.530701756477356,
    0.5438596606254578,
    0.5263158082962036,
    0.5789473652839661,
    0.5701754093170166,
    0.5643274784088135,
    0.5833333134651184,
    0.6081871390342712,
    0.5804093480110168,
    0.6154970526695251,
    0.5994151830673218,
    0.6184210777282715,
    0.6008771657943726,
    0.609649121761322,
    0.6330409646034241,
    0.6198830604553223,
    0.628654956817627,
    0.6038011908531189,
    0.6038011908531189,
    0.6271929740905762
  ],
  "loss": [
    1.515198826789856,
    1.3210140466690063,
    1.2154159545898438,
    1.1635698080062866,
    1.1075345277786255,
    1.095019817352295,
    1.040613055229187,
    1.0427623987197876,
    0.9893777370452881,
    0.9985520839691162,
    0.9872375726699829,
    0.9314264059066772,
    0.9651364088058472,
    0.9506065845489502,
    0.9558092951774597,
    0.8976496458053589,
    0.9208460450172424,
    0.8745959401130676,
    0.8955422639846802,
    0.8725576996803284,
    0.8783749341964722,
    0.867397129535675,
    0.8763620257377625,
    0.8644992709159851,
    0.8488684892654419,
    0.8821625113487244,
    0.8578017354011536,
    0.8565097451210022
  ],
  "val_accuracy": [
    0.37719297409057617,
    0.37280702590942383,
    0.429824560880661,
    0.45614033937454224,
    0.45614033937454224,
    0.49561402201652527,
    0.5175438523292542,
    0.5175438523292542,
    0.5263158082962036,
    0.5438596606254578,
    0.5350877046585083,
    0.5438596606254578,
    0.5438596606254578,
    0.5394737124443054,
    0.5350877046585083,
    0.5394737124443054,
    0.5482456088066101,
    0.5789473652839661,
    0.5570175647735596,
    0.5614035129547119,
    0.5877193212509155,
    0.5833333134651184,
    0.5833333134651184,
    0.5745614171028137,
    0.5657894611358643,
    0.5745614171028137,
    0.5833333134651184,
    0.5833333134651184
  ],
  "val_loss": [
    1.1717973947525024,
    1.1067757606506348,
    1.076926827430725,
    1.0629369020462036,
    1.0481716394424438,
    1.0329149961471558,
    1.0223491191864014,
    1.0068390369415283,
    0.9949268698692322,
    0.9868107438087463,
    0.9765141010284424,
    0.9715625047683716,
    0.9679590463638306,
    0.9661718606948853,
    0.9658389091491699,
    0.9611260890960693,
    0.9527270197868347,
    0.9442208409309387,
    0.9414435029029846,
    0.9348745346069336,
    0.9264801144599915,
    0.9229812622070312,
    0.9262833595275879,
    0.9244905710220337,
    0.9264332056045532,
    0.9246631264686584,
    0.9232296943664551,
    0.9234979152679443
  ],
  "learning_rate": [
    0.0010000000474974513,
    0.0010000000474974513,
    0.0010000000474974513,
    0.0010000000474974513,
    0.0010000000474974513,
    0.0010000000474974513,
    0.0010000000474974513,
    0.0010000000474974513,
    0.0010000000474974513,
    0.0010000000474974513,
    0.0010000000474974513,
    0.0010000000474974513,
    0.0010000000474974513,
    0.0010000000474974513,
    0.0010000000474974513,
    0.0010000000474974513,
    0.0010000000474974513,
    0.0010000000474974513,
    0.0010000000474974513,
    0.0010000000474974513,
    0.0010000000474974513,
    0.0010000000474974513,
    0.0010000000474974513,
    0.0010000000474974513,
    0.0010000000474974513,
    0.0005000000237487257,
    0.0005000000237487257,
    0.0005000000237487257
  ]
}