{
  "policy_loss": [
    0.04305139696225524,
    -0.06404552794992924,
    -0.10668792948126793,
    -0.07856069505214691,
    -0.0918833464384079,
    -0.030932252295315266,
    -0.03618753992486745,
    -0.06207868270576,
    -0.02449112245813012,
    -0.0533019695430994,
    -0.008051206939853728,
    0.01050882472191006,
    -0.006638683611527085,
    0.01048675668425858,
    -0.02176217921078205,
    -0.0014048910234123468,
    -0.04603083524852991,
    0.01328796986490488,
    -0.00028230994939804077,
    -0.04422769509255886,
    -0.028166888281702995,
    -0.059400785248726606,
    -0.0333119947463274,
    0.006324318121187389,
    -0.020373746752738953,
    0.009636949864216149,
    -0.003614816814661026,
    -0.0424115548375994,
    -0.03947671875357628,
    0.002401924692094326,
    -0.08432796644046903,
    0.01860711257904768,
    -0.05900351330637932,
    -0.06730379350483418,
    -0.032145082484930754,
    -0.0014484404237009585,
    -0.05758067965507507,
    -0.0601620115339756,
    -0.04029748309403658,
    -0.004366716369986534,
    0.0034395400434732437,
    0.007278488948941231,
    -0.012319892644882202,
    -0.044939713552594185,
    -0.010829996317625046,
    -0.021323921624571085,
    -0.002045353874564171,
    -0.0039848824962973595,
    -0.02975007239729166,
    -0.02234179712831974,
    -0.009059762582182884,
    -0.005616538226604462,
    -0.023928698152303696,
    -0.02577171241864562,
    0.00019316188991069794,
    -0.05685131438076496,
    -0.02168365567922592,
    -0.03507625497877598,
    -0.04859004763420671,
    -0.028041030280292034
  ],
  "avg_reward": [
    0.3565789461135864,
    0.38519737124443054,
    0.3970394730567932,
    0.3842105269432068,
    0.41875000298023224,
    0.4046052545309067,
    0.41809210181236267,
    0.42302632331848145,
    0.4486842006444931,
    0.42993421852588654,
    0.46578946709632874,
    0.4621710628271103,
    0.4615131616592407,
    0.4680921137332916,
    0.4638157933950424,
    0.47401314973831177,
    0.47039473056793213,
    0.49901315569877625,
    0.4684210568666458,
    0.5006579011678696,
    0.5197368562221527,
    0.4911184161901474,
    0.4930921196937561,
    0.49934209883213043,
    0.5138157904148102,
    0.5023026466369629,
    0.5,
    0.5240131616592407,
    0.5246710479259491,
    0.5128289461135864,
    0.5154605209827423,
    0.5263158082962036,
    0.5105263292789459,
    0.5,
    0.5164473652839661,
    0.5256578922271729,
    0.5194078683853149,
    0.512171059846878,
    0.5171052813529968,
    0.5184210538864136,
    0.5072368383407593,
    0.5315789580345154,
    0.5203947424888611,
    0.5279605388641357,
    0.5259868204593658,
    0.5325657725334167,
    0.5319078862667084,
    0.52335524559021,
    0.527302622795105,
    0.5404605269432068,
    0.5250000059604645,
    0.5305921137332916,
    0.5111842155456543,
    0.5319078862667084,
    0.5490131676197052,
    0.539473682641983,
    0.5319079160690308,
    0.5289473831653595,
    0.5256578922271729,
    0.5184210538864136
  ],
  "val_accuracy": [
    0.35526315789473684,
    0.37280701754385964,
    0.3991228070175439,
    0.39035087719298245,
    0.40350877192982454,
    0.42105263157894735,
    0.4298245614035088,
    0.4473684210526316,
    0.45614035087719296,
    0.4649122807017544,
    0.4692982456140351,
    0.4780701754385965,
    0.4780701754385965,
    0.47368421052631576,
    0.4824561403508772,
    0.4824561403508772,
    0.4868421052631579,
    0.4868421052631579,
    0.4780701754385965,
    0.4824561403508772,
    0.4824561403508772,
    0.4824561403508772,
    0.4868421052631579,
    0.49122807017543857,
    0.4868421052631579,
    0.4868421052631579,
    0.49122807017543857,
    0.49122807017543857,
    0.5,
    0.5,
    0.5043859649122807,
    0.5,
    0.5,
    0.5,
    0.5,
    0.5,
    0.5043859649122807,
    0.5087719298245614,
    0.5087719298245614,
    0.5087719298245614,
    0.5087719298245614,
    0.5043859649122807,
    0.5087719298245614,
    0.5043859649122807,
    0.5043859649122807,
    0.5,
    0.5,
    0.5,
    0.4956140350877193,
    0.5043859649122807,
    0.5,
    0.4956140350877193,
    0.4956140350877193,
    0.49122807017543857,
    0.49122807017543857,
    0.4956140350877193,
    0.4956140350877193,
    0.5,
    0.5043859649122807,
    0.5043859649122807
  ]
}