{
  "policy_loss": [
    0.02094243032236894,
    -0.030676887060205143,
    -0.04406112370391687,
    -0.015420511520157257,
    -0.022253409028053284,
    -0.0025353992047409215,
    -0.023089673680563767,
    -0.022841375321149826,
    0.0012066817531983058,
    -0.0382807245478034,
    -0.004321630423267682,
    0.015036248019896448,
    0.014452593245853981,
    -0.04322977550327778,
    -0.057495870297619454,
    -0.030760714318603277,
    0.010306449607014656,
    -0.011316273982326189,
    -0.009956605732440948,
    0.00792642372349898,
    -0.03502566530369222,
    0.012646392919123173,
    -0.020301498472690582,
    -0.03878976715107759,
    -0.012428784820561608,
    0.008179812381664911,
    0.03878674035271009,
    0.011743754148483276,
    -0.023115768601807456,
    0.022853723416725796,
    -0.006483609477678935,
    -0.031080335999528568,
    0.005089490053554376,
    0.009634071961045265,
    0.004945499589666724,
    0.01729432897021373,
    0.008673926815390587,
    -0.01962002073802675,
    -0.012421182046333948,
    -0.015839193540159613,
    -0.030203781090676785,
    0.009227178137128552,
    0.012572272525479397,
    -0.014733180054463446,
    0.0012539573945105076,
    -0.007844129402656108,
    0.024256033187460464,
    -0.006374511867761612,
    -0.016038985767712195,
    0.0043901922181248665,
    0.010434512669841448,
    -0.020489666688566405,
    -0.026859575261672337,
    -0.025930375792086124,
    -0.040189300663769245,
    -0.0004795212298631668,
    0.023534590766454738,
    -0.02387231836716334,
    -0.05589833979805311,
    0.008781752859552702
  ],
  "avg_reward": [
    0.43445207675298053,
    0.49168386061986286,
    0.4601781666278839,
    0.49448851744333905,
    0.47677011291186017,
    0.51835831006368,
    0.5229899287223816,
    0.5210836033026377,
    0.5203830401102701,
    0.5503842234611511,
    0.5227318902810415,
    0.548135240872701,
    0.5460351705551147,
    0.5404107769330343,
    0.5470585425694784,
    0.5390114784240723,
    0.546500027179718,
    0.5531684954961141,
    0.5399928192297617,
    0.5274970730145773,
    0.5532683531443278,
    0.5406017700831095,
    0.5454821586608887,
    0.5493777394294739,
    0.5896229346593221,
    0.585908035437266,
    0.567487378915151,
    0.5690860350926717,
    0.5859880447387695,
    0.6001389026641846,
    0.5759128332138062,
    0.610748291015625,
    0.5801439881324768,
    0.5616416533788046,
    0.5872426827748617,
    0.5900618036588033,
    0.5873941779136658,
    0.5827834804852804,
    0.5793206890424093,
    0.5641372601191202,
    0.6125603715578715,
    0.5803511142730713,
    0.5871453086535136,
    0.5802924831708273,
    0.5968912442525228,
    0.6067018707593282,
    0.5935335556666056,
    0.5750966270764669,
    0.6004587014516195,
    0.5772566000620524,
    0.6216323773066202,
    0.6142694354057312,
    0.600264330705007,
    0.5952916741371155,
    0.6155208746592203,
    0.6036027073860168,
    0.611817459265391,
    0.6267359058062235,
    0.6180378198623657,
    0.6170427203178406
  ],
  "val_accuracy": [
    0.41333333333333333,
    0.43333333333333335,
    0.44,
    0.44666666666666666,
    0.4533333333333333,
    0.47333333333333333,
    0.48,
    0.4866666666666667,
    0.49333333333333335,
    0.4866666666666667,
    0.49333333333333335,
    0.49333333333333335,
    0.49333333333333335,
    0.49333333333333335,
    0.4866666666666667,
    0.5,
    0.49333333333333335,
    0.49333333333333335,
    0.5,
    0.49333333333333335,
    0.47333333333333333,
    0.47333333333333333,
    0.4666666666666667,
    0.4666666666666667,
    0.4666666666666667,
    0.4666666666666667,
    0.46,
    0.4533333333333333,
    0.44666666666666666,
    0.4533333333333333,
    0.46,
    0.46,
    0.47333333333333333,
    0.4666666666666667,
    0.4666666666666667,
    0.4666666666666667,
    0.4533333333333333,
    0.4533333333333333,
    0.44,
    0.43333333333333335,
    0.43333333333333335,
    0.43333333333333335,
    0.43333333333333335,
    0.43333333333333335,
    0.43333333333333335,
    0.43333333333333335,
    0.43333333333333335,
    0.43333333333333335,
    0.43333333333333335,
    0.44,
    0.44666666666666666,
    0.44666666666666666,
    0.44666666666666666,
    0.4533333333333333,
    0.4533333333333333,
    0.4533333333333333,
    0.44666666666666666,
    0.44666666666666666,
    0.4533333333333333,
    0.44666666666666666
  ]
}