{
  "policy_loss": [
    -0.006036000947157542,
    0.0041864073524872465,
    -0.027719547351201374,
    -0.05600633782645067,
    0.006601573278506597,
    -0.030718838796019554,
    -0.048092095802227654,
    -0.04618187062442303,
    0.011479427882780632,
    -0.039692798629403114,
    -0.0121607705950737,
    0.012538322558005651,
    -0.016945394066472847,
    -0.06147517139712969,
    -0.08764092127482097,
    -0.0024901039820785322,
    0.006570677738636732,
    -0.02821281428138415,
    -0.03656158410012722,
    -0.058578300600250564,
    -0.008402383886277676,
    -0.02550459032257398,
    0.010759716232617697,
    -0.010363277358313402,
    -0.0008302213003238043,
    -0.031719932022194065,
    -0.008143984712660313,
    -0.00901856521765391,
    -0.04175511188805103,
    0.0004984801635146141,
    -0.060604883978764214,
    -0.0374916079454124,
    -0.038735426807155214,
    0.013787364664797982,
    0.0037364809152980647,
    0.01845672105749448,
    0.0009522164861361185,
    -0.013810745440423489,
    -0.03720718870560328,
    -0.0064929072589923935,
    -0.04536462885638078,
    0.023980859977503616,
    0.013891801082839569,
    -0.04822073628505071,
    0.022090622689574957,
    -0.00044280678654710454,
    -0.00767375435680151,
    0.0109353878069669,
    -0.0299839914465944,
    -0.06443563600381215,
    -0.02361988089978695,
    0.003158495295792818,
    0.003988726219783227,
    -0.047704916136960186,
    -0.010497061535716057,
    0.017096799177428085,
    -0.0004761824384331703,
    -0.008819395365814367,
    -0.0449229928975304,
    -0.00022721787293752035
  ],
  "avg_reward": [
    0.4569328228632609,
    0.43799616893132526,
    0.44917452335357666,
    0.47239487369855243,
    0.4936190644900004,
    0.5031477510929108,
    0.49298428495724994,
    0.5277020732561747,
    0.5203191439310709,
    0.5123879313468933,
    0.5287565986315409,
    0.5471000671386719,
    0.5309800903002421,
    0.5373498996098837,
    0.5345808764298757,
    0.550149142742157,
    0.5774063467979431,
    0.5368300080299377,
    0.5453603068987528,
    0.5607089400291443,
    0.5469545722007751,
    0.5483723481496176,
    0.6003637115160624,
    0.5559723973274231,
    0.5859641035397848,
    0.5873237649599711,
    0.5855223933855692,
    0.5768638650576273,
    0.5611641605695089,
    0.5962444742520651,
    0.5938360889752706,
    0.565838078657786,
    0.5665399630864462,
    0.5732034842173258,
    0.6013686060905457,
    0.5900757908821106,
    0.596740702788035,
    0.5986489852269491,
    0.6106326778729757,
    0.5868933796882629,
    0.5652160048484802,
    0.6198225418726603,
    0.6137108206748962,
    0.5914286176363627,
    0.577729066212972,
    0.6163016359011332,
    0.6237166126569113,
    0.6077113151550293,
    0.5951408942540487,
    0.5745455225308737,
    0.5887393156687418,
    0.6181460817654928,
    0.5817921956380209,
    0.5873099168141683,
    0.6142497062683105,
    0.6140925884246826,
    0.6118126312891642,
    0.6176621516545614,
    0.608156422773997,
    0.6191497842470804
  ],
  "val_accuracy": [
    0.4066666666666667,
    0.38666666666666666,
    0.4,
    0.4066666666666667,
    0.3933333333333333,
    0.3933333333333333,
    0.42,
    0.44,
    0.44,
    0.43333333333333335,
    0.43333333333333335,
    0.44,
    0.44,
    0.46,
    0.47333333333333333,
    0.48,
    0.4866666666666667,
    0.4866666666666667,
    0.49333333333333335,
    0.4866666666666667,
    0.48,
    0.4866666666666667,
    0.48,
    0.4866666666666667,
    0.4866666666666667,
    0.4866666666666667,
    0.4866666666666667,
    0.48,
    0.48,
    0.4666666666666667,
    0.48,
    0.4866666666666667,
    0.48,
    0.49333333333333335,
    0.48,
    0.48,
    0.4866666666666667,
    0.49333333333333335,
    0.49333333333333335,
    0.48,
    0.48,
    0.47333333333333333,
    0.47333333333333333,
    0.47333333333333333,
    0.48,
    0.49333333333333335,
    0.5,
    0.49333333333333335,
    0.5066666666666667,
    0.5066666666666667,
    0.5266666666666666,
    0.54,
    0.5333333333333333,
    0.52,
    0.52,
    0.5133333333333333,
    0.5133333333333333,
    0.5066666666666667,
    0.49333333333333335,
    0.4866666666666667
  ]
}