{
  "accuracy": [
    0.3625730872154236,
    0.39327484369277954,
    0.3961988389492035,
    0.40789473056793213,
    0.3888888955116272,
    0.42690059542655945,
    0.4181286692619324,
    0.42836257815361023,
    0.43421053886413574,
    0.3976608216762543
  ],
  "loss": [
    1.3462166786193848,
    1.238580346107483,
    1.1953626871109009,
    1.1340839862823486,
    1.155286192893982,
    1.1455860137939453,
    1.122661828994751,
    1.1134225130081177,
    1.1149364709854126,
    1.1037251949310303
  ],
  "val_accuracy": [
    0.43421053886413574,
    0.3947368562221527,
    0.4429824650287628,
    0.5175438523292542,
    0.46929824352264404,
    0.5043859481811523,
    0.43421053886413574,
    0.39912280440330505,
    0.40789473056793213,
    0.40789473056793213
  ],
  "val_loss": [
    2.415026903152466,
    1.1748217344284058,
    1.06437087059021,
    1.0354763269424438,
    1.1434276103973389,
    1.0768218040466309,
    1.0548779964447021,
    1.09783136844635,
    1.0853220224380493,
    1.0991612672805786
  ],
  "learning_rate": [
    0.0010000000474974513,
    0.0010000000474974513,
    0.0010000000474974513,
    0.0010000000474974513,
    0.0010000000474974513,
    0.0010000000474974513,
    0.0010000000474974513,
    0.0005000000237487257,
    0.0005000000237487257,
    0.0005000000237487257
  ]
}