{
  "policy_loss": [
    -0.056301575154066086,
    -0.030982742086052895,
    0.03024655906483531,
    0.0028634555637836456,
    -0.0278894507791847,
    -0.001460727653466165,
    -0.01103292778134346,
    0.009833394549787045,
    -0.03591342375148088,
    -0.04068524856120348,
    -0.03332573873922229,
    -0.004185324534773827,
    -0.0026522837579250336,
    -0.002865644171833992,
    -0.007031294284388423,
    0.026828352361917496,
    0.006577456369996071,
    -0.039909287355840206,
    -0.026277503930032253,
    -0.03937767166644335,
    -0.025003270711749792,
    0.038697668351233006,
    -0.021767867729067802,
    -0.03073538187891245,
    -0.0022860392928123474,
    0.0022643236443400383,
    0.01854983577504754,
    -0.062044622376561165,
    0.021097782999277115,
    -0.01874760794453323,
    -0.014383356086909771,
    0.008159007877111435,
    -0.03134646499529481,
    -0.04235575906932354,
    -0.0012063896283507347,
    -0.0024075120454654098,
    -0.021094405208714306,
    0.00612551998347044,
    0.01343082683160901,
    0.000620649429038167,
    -0.01666125748306513,
    0.027675411314703524,
    -0.0035334844142198563,
    0.0025938935577869415,
    -0.013399350922554731,
    0.00712579776882194,
    -0.027884713374078274,
    0.003800230100750923,
    -0.032927964348345995,
    -0.01301040779799223,
    -0.01785445213317871,
    -0.003934201784431934,
    0.05370885878801346,
    -0.02707385178655386,
    -0.07653520815074444,
    -0.05668847821652889,
    -0.027612711302936077,
    0.006856922060251236,
    -0.03477741638198495,
    -0.0385178504511714
  ],
  "avg_reward": [
    0.4383699595928192,
    0.46404261887073517,
    0.47855687141418457,
    0.4596531093120575,
    0.4824337810277939,
    0.48698054254055023,
    0.4976205676794052,
    0.45914581418037415,
    0.5085003674030304,
    0.49477629363536835,
    0.5076678097248077,
    0.5366941094398499,
    0.5253776013851166,
    0.5350582003593445,
    0.5413061380386353,
    0.5407963991165161,
    0.548222541809082,
    0.5503428280353546,
    0.5400671064853668,
    0.5732069313526154,
    0.538811981678009,
    0.6047544777393341,
    0.6011016666889191,
    0.5353857278823853,
    0.6031443774700165,
    0.5654313564300537,
    0.6230366826057434,
    0.5923826098442078,
    0.6078918278217316,
    0.6040113270282745,
    0.5921044945716858,
    0.6050833463668823,
    0.5996323823928833,
    0.5941110849380493,
    0.5895427465438843,
    0.5727552771568298,
    0.6166831851005554,
    0.630889356136322,
    0.58319291472435,
    0.6118299663066864,
    0.5948354005813599,
    0.6160418093204498,
    0.6217540800571442,
    0.5993570685386658,
    0.624056488275528,
    0.5957058966159821,
    0.6163864731788635,
    0.6018528342247009,
    0.6527020931243896,
    0.6171631813049316,
    0.6186718046665192,
    0.6166422069072723,
    0.631676971912384,
    0.6194952130317688,
    0.6243667900562286,
    0.6437828838825226,
    0.6367227733135223,
    0.5948413014411926,
    0.6176412403583527,
    0.6302690207958221
  ],
  "val_accuracy": [
    0.40350877192982454,
    0.37280701754385964,
    0.3684210526315789,
    0.37719298245614036,
    0.37719298245614036,
    0.4166666666666667,
    0.4298245614035088,
    0.44298245614035087,
    0.43859649122807015,
    0.4473684210526316,
    0.4649122807017544,
    0.47368421052631576,
    0.4824561403508772,
    0.4692982456140351,
    0.4868421052631579,
    0.4868421052631579,
    0.4868421052631579,
    0.4780701754385965,
    0.4824561403508772,
    0.4692982456140351,
    0.45614035087719296,
    0.4649122807017544,
    0.4342105263157895,
    0.43859649122807015,
    0.42543859649122806,
    0.4298245614035088,
    0.4298245614035088,
    0.42105263157894735,
    0.4166666666666667,
    0.42543859649122806,
    0.4166666666666667,
    0.4166666666666667,
    0.42543859649122806,
    0.42543859649122806,
    0.4166666666666667,
    0.42105263157894735,
    0.42105263157894735,
    0.4298245614035088,
    0.4342105263157895,
    0.42543859649122806,
    0.42105263157894735,
    0.4298245614035088,
    0.42543859649122806,
    0.4298245614035088,
    0.42105263157894735,
    0.40789473684210525,
    0.40350877192982454,
    0.40789473684210525,
    0.40350877192982454,
    0.3991228070175439,
    0.3991228070175439,
    0.40350877192982454,
    0.3991228070175439,
    0.40789473684210525,
    0.41228070175438597,
    0.40789473684210525,
    0.41228070175438597,
    0.40789473684210525,
    0.40789473684210525,
    0.4166666666666667
  ]
}