{
  "policy_loss": [
    -0.008549358695745468,
    -0.018664710223674774,
    0.023145228624343872,
    0.008432388305664062,
    -0.022678314708173275,
    0.0002844547852873802,
    -0.04169926739996299,
    -0.031244825571775436,
    -0.010700352489948273,
    -0.05950050242245197,
    -0.01830723276361823,
    0.009380631148815155,
    -0.04428819156601094,
    -0.03937728935852647,
    -0.002640209626406431,
    0.02247414691373706,
    -0.0006265826523303986,
    -0.06168116256594658,
    -0.02813477534800768,
    -0.014978956431150436,
    -0.029578441753983498,
    0.03752724453806877,
    0.014122963359113783,
    -0.0347197933588177,
    -0.03493555076420307,
    0.0016051535494625568,
    -0.00897990446537733,
    0.0003349650651216507,
    -0.013435333967208862,
    -0.004150481894612312,
    0.02482820861041546,
    -0.0321127874776721,
    -0.004181588068604469,
    -0.026908796280622482,
    0.027706477791070938,
    0.014413039200007915,
    0.006842866190709174,
    -0.029771778732538223,
    0.035868133418262005,
    0.021839137189090252,
    -0.02789712604135275,
    0.052463128231465816,
    0.011859939899295568,
    0.010332944802939892,
    -0.01463403319939971,
    -0.06339383078739047,
    -0.01798468641936779,
    -0.02890752349048853,
    -0.008649858646094799,
    -0.022580021992325783,
    0.009461326524615288,
    -0.01975246286019683,
    0.03253115899860859,
    -0.04537505377084017,
    -0.03401500917971134,
    -0.02164669707417488,
    -0.013583325315266848,
    0.014239680022001266,
    -0.0008289050310850143,
    -0.029550196428317577
  ],
  "avg_reward": [
    0.4363204091787338,
    0.477528840303421,
    0.47926513850688934,
    0.44121523201465607,
    0.4677901417016983,
    0.486247718334198,
    0.4885709434747696,
    0.49489741027355194,
    0.5403132140636444,
    0.49911080300807953,
    0.5105872750282288,
    0.53013776242733,
    0.514710396528244,
    0.5359385013580322,
    0.5289001762866974,
    0.5527501404285431,
    0.5460526049137115,
    0.5619706809520721,
    0.5234207212924957,
    0.5617974102497101,
    0.5757951736450195,
    0.5923905372619629,
    0.582998514175415,
    0.5204547643661499,
    0.5703532993793488,
    0.539688378572464,
    0.6080735921859741,
    0.6008592844009399,
    0.5972320735454559,
    0.5992246866226196,
    0.5878823399543762,
    0.6114490330219269,
    0.573250949382782,
    0.5946272909641266,
    0.6171580851078033,
    0.5739589035511017,
    0.5911498367786407,
    0.6023425757884979,
    0.563386082649231,
    0.5843426287174225,
    0.6022171080112457,
    0.6246862709522247,
    0.6149735748767853,
    0.6139654219150543,
    0.5841129720211029,
    0.6293329000473022,
    0.6290152072906494,
    0.6129209697246552,
    0.6560719907283783,
    0.6063329875469208,
    0.6033404171466827,
    0.6308017075061798,
    0.637112021446228,
    0.6305588185787201,
    0.6096890270709991,
    0.6464236080646515,
    0.6360001862049103,
    0.6186686158180237,
    0.6177833676338196,
    0.6314384043216705
  ],
  "val_accuracy": [
    0.42543859649122806,
    0.39473684210526316,
    0.39473684210526316,
    0.41228070175438597,
    0.44298245614035087,
    0.4517543859649123,
    0.4517543859649123,
    0.4649122807017544,
    0.4868421052631579,
    0.5043859649122807,
    0.5043859649122807,
    0.5131578947368421,
    0.5175438596491229,
    0.5043859649122807,
    0.5131578947368421,
    0.5087719298245614,
    0.5087719298245614,
    0.5087719298245614,
    0.5087719298245614,
    0.5043859649122807,
    0.5131578947368421,
    0.5043859649122807,
    0.5043859649122807,
    0.5043859649122807,
    0.4868421052631579,
    0.4824561403508772,
    0.4692982456140351,
    0.4649122807017544,
    0.4649122807017544,
    0.4649122807017544,
    0.4649122807017544,
    0.4605263157894737,
    0.4649122807017544,
    0.4692982456140351,
    0.47368421052631576,
    0.47368421052631576,
    0.4649122807017544,
    0.4692982456140351,
    0.4692982456140351,
    0.4692982456140351,
    0.4649122807017544,
    0.4517543859649123,
    0.4473684210526316,
    0.4473684210526316,
    0.44298245614035087,
    0.43859649122807015,
    0.4342105263157895,
    0.4342105263157895,
    0.43859649122807015,
    0.44298245614035087,
    0.43859649122807015,
    0.43859649122807015,
    0.4298245614035088,
    0.4342105263157895,
    0.43859649122807015,
    0.44298245614035087,
    0.44298245614035087,
    0.4342105263157895,
    0.42105263157894735,
    0.42105263157894735
  ]
}