{
  "policy_loss": [
    0.020942411075035732,
    -0.030676874642570812,
    -0.044061324248711266,
    -0.015420574073990187,
    -0.022253567973772686,
    -0.002535539368788401,
    -0.023089613765478134,
    -0.022841519365708034,
    0.0012065594395001729,
    -0.038280739138523735,
    -0.004321671401460965,
    0.015036252133237818,
    0.014452547611047825,
    -0.043229795371492706,
    -0.05749652942176908,
    -0.030760790531833965,
    0.0103065837174654,
    -0.01131634290019671,
    -0.00995724213620027,
    0.00792583574851354,
    -0.03502495035839578,
    0.01264312801261743,
    -0.02029970847070217,
    -0.03878945857286453,
    -0.01242694833005468,
    0.008177553924421469,
    0.03886019438505173,
    0.00841953263928493,
    -0.02363941352814436,
    0.015970781135062378,
    -0.004521335785587628,
    -0.020364152267575264,
    0.013531969549755255,
    0.007588544860482216,
    -0.0010598811010519664,
    0.010511136769006649,
    0.016677732191359002,
    -0.02035655515889327,
    -0.0027009077991048494,
    -0.02218448246518771,
    -0.01470456396540006,
    0.014532255940139294,
    -0.0019526214649279912,
    -0.0194834116846323,
    0.01775453332811594,
    -0.01765163925786813,
    0.023538341745734215,
    -0.018208400967220466,
    -0.014491206267848611,
    -0.0036609849582115808,
    -0.006633611706395944,
    -0.04724720555047194,
    -0.004663507764538129,
    -0.037813334415356316,
    -0.04053718534608682,
    0.0014526880889510114,
    0.008741586158672968,
    -0.012766914325766265,
    -0.0624668983121713,
    0.019378828505675
  ],
  "avg_reward": [
    0.4344520668188731,
    0.49168386061986286,
    0.4601781666278839,
    0.49448851744333905,
    0.4767700930436452,
    0.51835831006368,
    0.5229899287223816,
    0.5210836033026377,
    0.5203830599784851,
    0.5503842234611511,
    0.522731880346934,
    0.548135240872701,
    0.5460351506868998,
    0.5404107769330343,
    0.5470585425694784,
    0.5390114784240723,
    0.546500027179718,
    0.553168515364329,
    0.5399927993615469,
    0.5274970531463623,
    0.5532683730125427,
    0.5406017700831095,
    0.5454821785291036,
    0.5493777394294739,
    0.589622954527537,
    0.585908055305481,
    0.5683645606040955,
    0.5700604716936747,
    0.5841649373372396,
    0.5959158341089884,
    0.5820120573043823,
    0.6146594087282816,
    0.5800281564394633,
    0.5578849911689758,
    0.5860532919565836,
    0.5843207438786825,
    0.5881974697113037,
    0.5840422709782919,
    0.5737634698549906,
    0.5771876374880472,
    0.6220292448997498,
    0.5734208822250366,
    0.5812995433807373,
    0.5912798444430033,
    0.6019890904426575,
    0.6048571864763895,
    0.6040885051091512,
    0.5789176821708679,
    0.6110962231953939,
    0.5828374226888021,
    0.611304501692454,
    0.5985866983731588,
    0.6029907464981079,
    0.6003037095069885,
    0.6067724625269572,
    0.6080653071403503,
    0.6175302465756735,
    0.625177284081777,
    0.6179285446802775,
    0.6198025941848755
  ],
  "val_accuracy": [
    0.4266666666666667,
    0.44,
    0.4666666666666667,
    0.4666666666666667,
    0.47333333333333333,
    0.48,
    0.49333333333333335,
    0.49333333333333335,
    0.48,
    0.47333333333333333,
    0.4666666666666667,
    0.4666666666666667,
    0.48,
    0.46,
    0.46,
    0.4666666666666667,
    0.48,
    0.47333333333333333,
    0.48,
    0.48,
    0.48,
    0.48,
    0.48,
    0.48,
    0.48,
    0.48,
    0.48,
    0.48,
    0.48,
    0.48,
    0.48,
    0.47333333333333333,
    0.47333333333333333,
    0.47333333333333333,
    0.48,
    0.48,
    0.4666666666666667,
    0.4666666666666667,
    0.4533333333333333,
    0.4533333333333333,
    0.44666666666666666,
    0.44,
    0.43333333333333335,
    0.43333333333333335,
    0.44,
    0.44666666666666666,
    0.44666666666666666,
    0.44,
    0.44,
    0.46,
    0.46,
    0.46,
    0.47333333333333333,
    0.47333333333333333,
    0.47333333333333333,
    0.47333333333333333,
    0.47333333333333333,
    0.47333333333333333,
    0.48,
    0.48
  ]
}