{
  "policy_loss": [
    0.03414540458470583,
    0.008688174653798342,
    0.004322500200942159,
    -0.03124012053012848,
    -0.06841346994042397,
    -0.09094147570431232,
    -0.06205201521515846,
    -0.03150921640917659,
    -0.056107568088918924,
    -0.05665871035307646,
    -0.045746926218271255,
    -0.02835389692336321,
    -0.033499857410788536,
    -0.020131955854594707,
    -0.007386429235339165,
    -0.05778546258807182,
    -0.014951203484088182,
    0.012375926598906517,
    -0.023251552134752274,
    -0.034591381438076496,
    -0.026336904615163803,
    -0.005869369953870773,
    -0.01701715774834156,
    -0.0490395687520504,
    -0.014388932846486568,
    -0.006762012839317322,
    -0.026773367077112198,
    -0.028025973588228226,
    -0.06044692057184875,
    -0.0019985735416412354,
    -0.0808805599808693,
    0.006114944815635681,
    -0.007610907778143883,
    -0.04916492756456137,
    -0.015629806090146303,
    -0.02750704623758793,
    -0.026928476057946682,
    -0.010275287553668022,
    -0.06286920118145645,
    -0.04104101425036788,
    -0.04753911797888577,
    -0.050251539796590805,
    8.733943104743958e-06,
    -0.04183454252779484,
    -0.01472570770420134,
    -0.0035324845230206847,
    -0.020318844355642796,
    0.009589554625563323,
    -0.060165731236338615,
    -0.04314885474741459,
    0.019407173618674278,
    -0.08424561470746994,
    -0.023285318166017532,
    0.004463446595764253,
    -0.006844230927526951,
    -0.019973783288151026,
    0.005813175695948303,
    -0.013594757416285574,
    -0.04574305424466729,
    -0.004771317820996046
  ],
  "avg_reward": [
    0.33585526049137115,
    0.3365131616592407,
    0.3911184221506119,
    0.3996710479259491,
    0.41414473950862885,
    0.4108552634716034,
    0.4134868383407593,
    0.41217105090618134,
    0.41151314973831177,
    0.4190789461135864,
    0.3953947275876999,
    0.40460526943206787,
    0.41611842811107635,
    0.41677631437778473,
    0.427960529923439,
    0.4263157993555069,
    0.4417763203382492,
    0.4358552545309067,
    0.4348684102296829,
    0.4236842095851898,
    0.44934210181236267,
    0.4309210628271103,
    0.43815790116786957,
    0.4457236975431442,
    0.43585526943206787,
    0.4286184161901474,
    0.4414473623037338,
    0.44506579637527466,
    0.4421052634716034,
    0.4444078952074051,
    0.43585526943206787,
    0.4506578892469406,
    0.45657895505428314,
    0.44539473950862885,
    0.46052631735801697,
    0.45460526645183563,
    0.4575657993555069,
    0.4595394730567932,
    0.45822368562221527,
    0.4690789431333542,
    0.45230263471603394,
    0.4779605269432068,
    0.48322369158267975,
    0.4575657844543457,
    0.4618421047925949,
    0.4710526317358017,
    0.46743419766426086,
    0.46513158082962036,
    0.4638157933950424,
    0.4667763113975525,
    0.4664473682641983,
    0.47664472460746765,
    0.4615131616592407,
    0.478289470076561,
    0.47203947603702545,
    0.4638157933950424,
    0.47203947603702545,
    0.47467105090618134,
    0.4684210568666458,
    0.4759868383407593
  ],
  "val_accuracy": [
    0.35964912280701755,
    0.35964912280701755,
    0.39473684210526316,
    0.40789473684210525,
    0.37280701754385964,
    0.39035087719298245,
    0.39035087719298245,
    0.42543859649122806,
    0.42543859649122806,
    0.42543859649122806,
    0.42543859649122806,
    0.42543859649122806,
    0.42543859649122806,
    0.42543859649122806,
    0.42543859649122806,
    0.42543859649122806,
    0.42543859649122806,
    0.42543859649122806,
    0.42543859649122806,
    0.42543859649122806,
    0.42543859649122806,
    0.42543859649122806,
    0.42543859649122806,
    0.42543859649122806,
    0.42543859649122806,
    0.42543859649122806,
    0.42543859649122806,
    0.42543859649122806,
    0.42543859649122806,
    0.42543859649122806,
    0.42543859649122806,
    0.42543859649122806,
    0.42543859649122806,
    0.4342105263157895,
    0.4342105263157895,
    0.4342105263157895,
    0.4342105263157895,
    0.4342105263157895,
    0.4342105263157895,
    0.4342105263157895,
    0.4342105263157895,
    0.4342105263157895,
    0.4342105263157895,
    0.4342105263157895,
    0.4342105263157895,
    0.4342105263157895,
    0.4342105263157895,
    0.4342105263157895,
    0.4342105263157895,
    0.4342105263157895,
    0.4342105263157895,
    0.4342105263157895,
    0.4342105263157895,
    0.4342105263157895,
    0.4342105263157895,
    0.4342105263157895,
    0.4342105263157895,
    0.4342105263157895,
    0.4342105263157895,
    0.4342105263157895
  ]
}